# 3ds Max Wavefront OBJ Exporter v0.99 - (c)2007 guruware
# File Created: 31.08.2022 15:38:52

mtllib bull.mtl

#
# object Sphere?
#

v  -0.0166 -0.1700 0.2397
v  -0.0090 -0.1538 0.2230
v  -0.0215 -0.1593 0.2098
v  -0.0286 -0.1710 0.2241
v  -0.0022 -0.1699 0.2471
v  0.0049 -0.1545 0.2326
v  -0.0169 -0.2051 0.2514
v  -0.0022 -0.1968 0.2629
v  -0.0298 -0.1918 0.2328
v  0.0140 -0.1462 0.2191
v  0.0010 -0.1470 0.2074
v  0.0104 -0.1444 0.2450
v  0.0208 -0.1350 0.2312
v  0.0032 -0.1611 0.2603
v  -0.0116 -0.1530 0.1947
v  0.0334 -0.1309 0.2177
v  0.0251 -0.1428 0.2063
v  0.0304 -0.1270 0.2445
v  0.0433 -0.1216 0.2315
v  0.0198 -0.1371 0.2582
v  0.0133 -0.1447 0.1930
v  0.0010 -0.1510 0.1794
v  0.0542 -0.1198 0.2455
v  0.0681 -0.1188 0.2351
v  0.0587 -0.1229 0.2196
v  0.0423 -0.1245 0.2575
v  0.0483 -0.1315 0.2054
v  0.0388 -0.1447 0.1951
v  0.0274 -0.1468 0.1799
v  0.0158 -0.1523 0.1655
v  0.0640 -0.1358 0.1948
v  0.0529 -0.1491 0.1847
v  0.0748 -0.1284 0.2104
v  0.0423 -0.1519 0.1686
v  0.0311 -0.1587 0.1536
v  0.0911 -0.1367 0.2041
v  0.0793 -0.1448 0.1878
v  0.0665 -0.1574 0.1785
v  0.0576 -0.1610 0.1619
v  0.0472 -0.1683 0.1461
v  0.0802 -0.1701 0.1762
v  0.0723 -0.1747 0.1594
v  0.0939 -0.1589 0.1853
v  0.0620 -0.1826 0.1438
v  0.0952 -0.1888 0.1774
v  0.0864 -0.1939 0.1609
v  0.1084 -0.1791 0.1880
v  0.0752 -0.2015 0.1468
v  0.1225 -0.2031 0.1934
v  0.1085 -0.2119 0.1818
v  0.0991 -0.2180 0.1652
v  0.0870 -0.2252 0.1530
v  0.1068 -0.2424 0.1749
v  0.0953 -0.2498 0.1639
v  0.1169 -0.2347 0.1903
v  0.1187 -0.2525 0.2020
v  0.1092 -0.2617 0.1880
v  0.0982 -0.2695 0.1778
v  0.0280 -0.3245 -0.0626
v  0.0156 -0.3142 -0.0555
v  0.0162 -0.3275 -0.0440
v  0.0283 -0.3355 -0.0533
v  0.0325 -0.3139 -0.0698
v  0.0206 -0.3003 -0.0632
v  0.0391 -0.3398 -0.0716
v  0.0439 -0.3307 -0.0793
v  0.0385 -0.3488 -0.0623
v  0.0169 -0.3440 -0.0343
v  0.0309 -0.3504 -0.0441
v  0.0384 -0.3562 -0.0535
v  0.0021 -0.3060 -0.0511
v  0.0006 -0.3207 -0.0387
v  0.0082 -0.2895 -0.0600
v  -0.1707 -0.5642 0.0302
v  -0.1579 -0.5387 0.0354
v  -0.1643 -0.5342 0.0275
v  -0.1771 -0.5610 0.0223
v  -0.1617 -0.5693 0.0366
v  -0.1476 -0.5444 0.0436
v  -0.1769 -0.5865 0.0274
v  -0.1700 -0.5861 0.0328
v  -0.1831 -0.5862 0.0202
v  -0.1676 -0.5304 0.0193
v  -0.1805 -0.5587 0.0134
v  -0.1865 -0.5855 0.0113
v  -0.1414 -0.3881 -0.0748
v  -0.1550 -0.4020 -0.0684
v  -0.1496 -0.3997 -0.0537
v  -0.1360 -0.3865 -0.0604
v  -0.1437 -0.3934 -0.0917
v  -0.1573 -0.4070 -0.0854
v  -0.1315 -0.3744 -0.0798
v  -0.1325 -0.3811 -0.0957
v  -0.1279 -0.3695 -0.0650
v  -0.1422 -0.4001 -0.0424
v  -0.1319 -0.4026 -0.0341
v  -0.1211 -0.3879 -0.0388
v  -0.1296 -0.3862 -0.0487
v  -0.1485 -0.4171 -0.0358
v  -0.1377 -0.4171 -0.0284
v  -0.1568 -0.4185 -0.0457
v  -0.1386 -0.4329 -0.0222
v  -0.1292 -0.4295 -0.0190
v  -0.1256 -0.4190 -0.0221
v  -0.1491 -0.4370 -0.0279
v  -0.1197 -0.4063 -0.0264
v  -0.1150 -0.4249 -0.0155
v  -0.1073 -0.4123 -0.0192
v  -0.1236 -0.4369 -0.0140
v  -0.1587 -0.5521 -0.0402
v  -0.1475 -0.5619 -0.0465
v  -0.1589 -0.5815 -0.0422
v  -0.1684 -0.5720 -0.0372
v  -0.1502 -0.5302 -0.0468
v  -0.1381 -0.5381 -0.0550
v  -0.1667 -0.5454 -0.0321
v  -0.1580 -0.5246 -0.0386
v  -0.1765 -0.5667 -0.0294
v  -0.1738 -0.5858 -0.0351
v  -0.1805 -0.5862 -0.0286
v  -0.1684 -0.5957 -0.0372
v  -0.1342 -0.5771 -0.0502
v  -0.1487 -0.5958 -0.0453
v  -0.1192 -0.5512 -0.0636
v  -0.1078 -0.3236 -0.0704
v  -0.0983 -0.3066 -0.0830
v  -0.1071 -0.3111 -0.0981
v  -0.1169 -0.3284 -0.0859
v  -0.0965 -0.3203 -0.0552
v  -0.0880 -0.3024 -0.0679
v  -0.1144 -0.3446 -0.0588
v  -0.1021 -0.3422 -0.0442
v  -0.1219 -0.3496 -0.0739
v  -0.1209 -0.3666 -0.0509
v  -0.1096 -0.3648 -0.0342
v  -0.0943 -0.2952 -0.1089
v  -0.0979 -0.3017 -0.1230
v  -0.1120 -0.3177 -0.1127
v  -0.0843 -0.2768 -0.1182
v  -0.0871 -0.2846 -0.1323
v  -0.0863 -0.2917 -0.0947
v  -0.0781 -0.2712 -0.1038
v  -0.1239 -0.3355 -0.1002
v  -0.1269 -0.3565 -0.0881
v  -0.0977 -0.3106 -0.1368
v  -0.1126 -0.3272 -0.1261
v  -0.0866 -0.2948 -0.1465
v  -0.1252 -0.3455 -0.1139
v  -0.0865 -0.5619 -0.0921
v  -0.0805 -0.5730 -0.0942
v  -0.0882 -0.5863 -0.0769
v  -0.0950 -0.5719 -0.0749
v  -0.0784 -0.5447 -0.1116
v  -0.0746 -0.5596 -0.1162
v  -0.0890 -0.5475 -0.0890
v  -0.0839 -0.5258 -0.1037
v  -0.0994 -0.5469 -0.0774
v  -0.1554 -0.4850 -0.0707
v  -0.1594 -0.4647 -0.0864
v  -0.1514 -0.4684 -0.0921
v  -0.1461 -0.4872 -0.0787
v  -0.1602 -0.4813 -0.0623
v  -0.1644 -0.4602 -0.0789
v  -0.1502 -0.5072 -0.0578
v  -0.1571 -0.5034 -0.0495
v  -0.1392 -0.5111 -0.0671
v  -0.1331 -0.4869 -0.0883
v  -0.1237 -0.5135 -0.0789
v  -0.1417 -0.4716 -0.0957
v  -0.1199 -0.4791 -0.1015
v  -0.1019 -0.5076 -0.0947
v  -0.1364 -0.4639 -0.1073
v  -0.1116 -0.4655 -0.1202
v  -0.0912 -0.4803 -0.1226
v  -0.1293 -0.4544 -0.1214
v  -0.1576 -0.6351 -0.0224
v  -0.1590 -0.6368 -0.0115
v  -0.1722 -0.6216 -0.0109
v  -0.1704 -0.6198 -0.0210
v  -0.1415 -0.6544 -0.0239
v  -0.1429 -0.6566 -0.0119
v  -0.1544 -0.6313 -0.0319
v  -0.1386 -0.6506 -0.0339
v  -0.1666 -0.6160 -0.0303
v  -0.1807 -0.6049 -0.0202
v  -0.1758 -0.6021 -0.0293
v  -0.1824 -0.6060 -0.0100
v  -0.1829 -0.6062 0.0003
v  -0.1879 -0.5850 0.0013
v  -0.1877 -0.5855 -0.0090
v  -0.1728 -0.6216 0.0000
v  -0.1856 -0.5860 -0.0193
v  -0.1565 -0.4143 -0.1014
v  -0.1652 -0.4334 -0.0872
v  -0.1648 -0.4271 -0.0735
v  -0.1531 -0.4228 -0.1137
v  -0.1628 -0.4402 -0.0981
v  -0.1432 -0.4000 -0.1086
v  -0.1394 -0.4097 -0.1218
v  -0.1343 -0.4214 -0.1301
v  -0.1478 -0.4323 -0.1208
v  -0.1579 -0.4470 -0.1053
v  -0.1667 -0.4552 -0.0697
v  -0.1630 -0.4777 -0.0540
v  -0.1596 -0.4996 -0.0413
v  -0.1412 -0.4433 -0.1234
v  -0.1494 -0.4545 -0.1087
v  0.0013 -0.7446 -0.0377
v  0.0082 -0.7279 -0.0406
v  0.0238 -0.7280 -0.0347
v  0.0156 -0.7466 -0.0322
v  -0.0185 -0.7374 -0.0374
v  -0.0150 -0.7225 -0.0401
v  -0.0041 -0.7573 -0.0334
v  -0.0239 -0.7506 -0.0329
v  0.0090 -0.7595 -0.0289
v  0.0082 -0.5844 0.0459
v  0.0035 -0.5784 0.0488
v  -0.0063 -0.5875 0.0439
v  -0.0005 -0.5941 0.0403
v  0.0147 -0.5807 0.0513
v  0.0105 -0.5735 0.0546
v  0.0118 -0.5900 0.0436
v  0.0172 -0.5900 0.0468
v  0.0066 -0.5998 0.0390
v  0.0038 -0.5688 0.0601
v  -0.0020 -0.5737 0.0545
v  0.0161 -0.5713 0.0608
v  0.0093 -0.5660 0.0667
v  0.0203 -0.5795 0.0566
v  -0.0108 -0.5811 0.0498
v  0.0003 -0.5620 0.0746
v  -0.0052 -0.5657 0.0676
v  0.0156 -0.5644 0.0740
v  0.0073 -0.5597 0.0825
v  0.0217 -0.5708 0.0676
v  -0.0099 -0.5708 0.0616
v  -0.0142 -0.5764 0.0562
v  -0.0023 -0.5565 0.0932
v  -0.0103 -0.5600 0.0852
v  0.0152 -0.5587 0.0911
v  0.0067 -0.5555 0.1028
v  0.0226 -0.5634 0.0811
v  -0.0168 -0.5651 0.0777
v  -0.0222 -0.5720 0.0690
v  -0.0257 -0.5809 0.0588
v  -0.0389 -0.2437 -0.0789
v  -0.0294 -0.2358 -0.0950
v  -0.0418 -0.2357 -0.1045
v  -0.0528 -0.2441 -0.0880
v  -0.0240 -0.2470 -0.0713
v  -0.0154 -0.2388 -0.0871
v  -0.0454 -0.2657 -0.0707
v  -0.0315 -0.2679 -0.0648
v  -0.0583 -0.2657 -0.0792
v  -0.0525 -0.2872 -0.0612
v  -0.0394 -0.2884 -0.0549
v  -0.0650 -0.2872 -0.0697
v  -0.0520 -0.2380 -0.1159
v  -0.0634 -0.2472 -0.1007
v  -0.0694 -0.2675 -0.0903
v  -0.0760 -0.2890 -0.0813
v  -0.0757 -0.3009 -0.0550
v  -0.0616 -0.3010 -0.0460
v  -0.0825 -0.3191 -0.0432
v  -0.0681 -0.3184 -0.0339
v  -0.0598 -0.2439 -0.1283
v  -0.0719 -0.2528 -0.1145
v  -0.0868 -0.3396 -0.0328
v  -0.0902 -0.3561 -0.0222
v  -0.0663 -0.2499 -0.1413
v  -0.0791 -0.2597 -0.1285
v  -0.0693 -0.2581 -0.1538
v  -0.0832 -0.2687 -0.1428
v  -0.0224 -0.5786 -0.0639
v  -0.0119 -0.5731 -0.0636
v  -0.0119 -0.5798 -0.0560
v  -0.0221 -0.5855 -0.0560
v  -0.0227 -0.5733 -0.0715
v  -0.0153 -0.5681 -0.0747
v  -0.0348 -0.5842 -0.0671
v  -0.0328 -0.5754 -0.0779
v  -0.0347 -0.5932 -0.0568
v  -0.0494 -0.5893 -0.0714
v  -0.0476 -0.5782 -0.0854
v  -0.0491 -0.6015 -0.0601
v  -0.0199 -0.5918 -0.0490
v  -0.0319 -0.6021 -0.0481
v  -0.0124 -0.5853 -0.0509
v  -0.0474 -0.6135 -0.0507
v  -0.0660 -0.6222 -0.0533
v  -0.0652 -0.6069 -0.0626
v  -0.0638 -0.5928 -0.0751
v  -0.0819 -0.6071 -0.0631
v  -0.0769 -0.5925 -0.0770
v  -0.0863 -0.6257 -0.0532
v  -0.0024 -0.5699 -0.0634
v  -0.0035 -0.5778 -0.0547
v  -0.0059 -0.5632 -0.0775
v  -0.0069 -0.5866 -0.0490
v  0.0035 -0.5780 -0.0533
v  0.0097 -0.5792 -0.0533
v  0.0063 -0.5900 -0.0467
v  -0.0005 -0.5881 -0.0470
v  0.0056 -0.5693 -0.0629
v  0.0119 -0.5715 -0.0616
v  0.0002 -0.6031 -0.0410
v  -0.0077 -0.6001 -0.0419
v  0.0138 -0.5919 -0.0479
v  0.0089 -0.6053 -0.0419
v  0.0159 -0.5813 -0.0551
v  -0.0145 -0.5965 -0.0446
v  -0.0077 -0.1705 -0.2038
v  0.0004 -0.1663 -0.1913
v  0.0082 -0.1585 -0.2033
v  -0.0002 -0.1656 -0.2164
v  -0.0111 -0.1861 -0.1926
v  -0.0035 -0.1824 -0.1815
v  -0.0133 -0.1755 -0.2145
v  -0.0162 -0.1912 -0.2033
v  -0.0071 -0.1708 -0.2248
v  -0.0132 -0.1752 -0.2298
v  -0.0184 -0.1813 -0.2235
v  -0.0193 -0.1973 -0.2129
v  -0.0140 -0.1824 -0.2391
v  -0.0198 -0.1911 -0.2324
v  -0.0204 -0.2048 -0.2218
v  0.1686 -0.2233 -0.2608
v  0.1557 -0.2334 -0.2473
v  0.1509 -0.2414 -0.2568
v  0.1630 -0.2322 -0.2710
v  0.1701 -0.2140 -0.2529
v  0.1564 -0.2249 -0.2392
v  0.1774 -0.2116 -0.2771
v  0.1808 -0.2014 -0.2685
v  0.1711 -0.2214 -0.2877
v  0.1681 -0.2047 -0.2462
v  0.1542 -0.2157 -0.2322
v  0.1790 -0.1917 -0.2602
v  0.1495 -0.2268 -0.2151
v  0.1510 -0.2371 -0.2238
v  0.1491 -0.2459 -0.2328
v  0.1400 -0.2371 -0.2014
v  0.1431 -0.2485 -0.2097
v  0.1421 -0.2581 -0.2194
v  0.1638 -0.1951 -0.2410
v  0.1499 -0.2052 -0.2259
v  0.1749 -0.1836 -0.2529
v  0.1443 -0.2141 -0.2081
v  0.1570 -0.1846 -0.2363
v  0.1435 -0.1930 -0.2201
v  0.1682 -0.1779 -0.2459
v  0.1042 -0.1786 -0.1820
v  0.0929 -0.1871 -0.1717
v  0.1030 -0.2008 -0.1750
v  0.1150 -0.1931 -0.1856
v  0.0927 -0.1664 -0.1816
v  0.0817 -0.1755 -0.1715
v  0.1156 -0.1701 -0.1925
v  0.1046 -0.1563 -0.1907
v  0.1262 -0.1855 -0.1969
v  0.0868 -0.1918 -0.1547
v  0.0963 -0.2061 -0.1583
v  0.0756 -0.1788 -0.1544
v  0.0762 -0.2007 -0.1419
v  0.0855 -0.2149 -0.1467
v  0.0648 -0.1884 -0.1418
v  0.0628 -0.2133 -0.1369
v  0.0729 -0.2262 -0.1386
v  0.0530 -0.2025 -0.1366
v  0.0911 -0.1475 -0.1935
v  0.0803 -0.1581 -0.1848
v  0.0696 -0.1671 -0.1742
v  0.0625 -0.1684 -0.1578
v  0.0520 -0.1785 -0.1457
v  0.0669 -0.1527 -0.1916
v  0.0570 -0.1605 -0.1798
v  0.0483 -0.1610 -0.1644
v  0.0383 -0.1716 -0.1533
v  0.0435 -0.1576 -0.1894
v  0.0337 -0.1571 -0.1749
v  0.0247 -0.1669 -0.1643
v  -0.0006 0.7779 0.4247
v  -0.0016 0.7738 0.4279
v  -0.0018 0.7730 0.4267
v  -0.0008 0.7772 0.4236
v  -0.0011 0.7788 0.4257
v  -0.0025 0.7747 0.4290
v  -0.0005 0.7805 0.4224
v  -0.0009 0.7816 0.4227
v  -0.0007 0.7803 0.4213
v  -0.0034 0.7694 0.4315
v  -0.0032 0.7683 0.4302
v  -0.0039 0.7704 0.4330
v  -0.0052 0.7649 0.4355
v  -0.0053 0.7637 0.4341
v  -0.0058 0.7660 0.4369
v  -0.0067 0.7602 0.4398
v  -0.0064 0.7588 0.4384
v  -0.0072 0.7615 0.4414
v  -0.0083 0.7554 0.4442
v  -0.0081 0.7540 0.4427
v  -0.0090 0.7568 0.4456
v  -0.0102 0.7507 0.4487
v  -0.0103 0.7494 0.4471
v  -0.0112 0.7521 0.4498
v  -0.0124 0.7461 0.4531
v  -0.0120 0.7445 0.4516
v  -0.0126 0.7476 0.4546
v  -0.0130 0.7414 0.4581
v  -0.0127 0.7396 0.4564
v  -0.0136 0.7430 0.4597
v  -0.0141 0.7365 0.4632
v  -0.0139 0.7347 0.4615
v  -0.0149 0.7383 0.4649
v  -0.0153 0.7316 0.4685
v  -0.0150 0.7297 0.4668
v  -0.0163 0.7333 0.4701
v  -0.0161 0.7267 0.4739
v  -0.0165 0.7249 0.4721
v  -0.0173 0.7285 0.4756
v  -0.0163 0.7216 0.4793
v  -0.0166 0.7197 0.4774
v  -0.0181 0.7233 0.4810
v  -0.0163 0.7166 0.4848
v  -0.0166 0.7145 0.4827
v  -0.0178 0.7182 0.4868
v  -0.0158 0.7108 0.4899
v  -0.0165 0.7090 0.4878
v  -0.0173 0.7124 0.4923
v  -0.0149 0.7049 0.4945
v  -0.0153 0.7032 0.4923
v  -0.0163 0.7062 0.4970
v  -0.0130 0.6988 0.4989
v  -0.0134 0.6972 0.4963
v  -0.0145 0.6998 0.5015
v  -0.0102 0.6925 0.5022
v  -0.0102 0.6912 0.4993
v  -0.0109 0.6935 0.5052
v  -0.0062 0.6860 0.5047
v  -0.0064 0.6848 0.5018
v  -0.0070 0.6865 0.5078
v  -0.0009 0.6796 0.5062
v  -0.0014 0.6785 0.5032
v  -0.0020 0.6795 0.5097
v  0.0052 0.6732 0.5073
v  0.0045 0.6721 0.5039
v  0.0042 0.6728 0.5111
v  0.0117 0.6665 0.5079
v  0.0109 0.6656 0.5040
v  0.0108 0.6659 0.5121
v  0.0183 0.6593 0.5083
v  0.0175 0.6587 0.5039
v  0.0175 0.6586 0.5124
v  0.0248 0.6518 0.5080
v  0.0242 0.6515 0.5035
v  0.0248 0.6515 0.5126
v  0.0321 0.6446 0.5074
v  0.0317 0.6448 0.5026
v  0.0320 0.6440 0.5123
v  0.0395 0.6372 0.5065
v  0.0396 0.6379 0.5017
v  0.0394 0.6363 0.5114
v  0.0465 0.6289 0.5053
v  0.0465 0.6297 0.5004
v  0.0466 0.6283 0.5104
v  0.0547 0.6215 0.5041
v  0.0539 0.6219 0.4990
v  0.0541 0.6200 0.5089
v  0.0627 0.6136 0.5025
v  0.0614 0.6137 0.4972
v  0.0617 0.6116 0.5074
v  0.0697 0.6045 0.5001
v  0.0686 0.6051 0.4950
v  0.0700 0.6033 0.5057
v  0.0764 0.5949 0.4972
v  0.0752 0.5959 0.4919
v  0.0768 0.5932 0.5027
v  0.0833 0.5854 0.4937
v  0.0815 0.5864 0.4884
v  0.0837 0.5833 0.4994
v  0.0899 0.5758 0.4896
v  0.0879 0.5773 0.4840
v  0.0904 0.5733 0.4955
v  0.0953 0.5657 0.4847
v  0.0932 0.5679 0.4788
v  0.0961 0.5628 0.4908
v  0.0993 0.5550 0.4788
v  0.0971 0.5578 0.4732
v  0.0996 0.5516 0.4846
v  0.1026 0.5444 0.4719
v  0.1005 0.5476 0.4665
v  0.1038 0.5406 0.4777
v  0.1058 0.5343 0.4639
v  0.1025 0.5377 0.4585
v  0.1066 0.5299 0.4696
v  0.1072 0.5238 0.4554
v  0.1041 0.5278 0.4502
v  0.1089 0.5193 0.4610
v  0.1076 0.5134 0.4464
v  0.1042 0.5175 0.4417
v  0.1094 0.5087 0.4519
v  0.1064 0.5029 0.4374
v  0.1031 0.5072 0.4327
v  0.1075 0.4979 0.4429
v  0.1043 0.4921 0.4283
v  0.1008 0.4966 0.4239
v  0.1050 0.4872 0.4338
v  0.1009 0.4813 0.4194
v  0.0979 0.4860 0.4149
v  0.1022 0.4766 0.4248
v  0.0965 0.4706 0.4108
v  0.0933 0.4753 0.4065
v  0.0973 0.4660 0.4165
v  0.0909 0.4599 0.4030
v  0.0874 0.4647 0.3989
v  0.0917 0.4553 0.4089
v  0.0842 0.4495 0.3960
v  0.0804 0.4541 0.3922
v  0.0847 0.4451 0.4021
v  0.0760 0.4392 0.3903
v  0.0728 0.4438 0.3862
v  0.0773 0.4349 0.3959
v  0.0681 0.4287 0.3845
v  0.0650 0.4334 0.3800
v  0.0698 0.4244 0.3901
v  0.0608 0.4180 0.3785
v  0.0569 0.4229 0.3744
v  0.0620 0.4139 0.3849
v  0.0530 0.4071 0.3732
v  0.0490 0.4124 0.3685
v  0.0547 0.4029 0.3801
v  0.0468 0.3921 0.3758
v  0.0447 0.3964 0.3687
v  0.0404 0.4019 0.3634
v  0.0382 0.3815 0.3723
v  0.0355 0.3859 0.3652
v  0.0311 0.3913 0.3594
v  0.0297 0.3706 0.3691
v  0.0267 0.3750 0.3617
v  0.0219 0.3805 0.3557
v  0.0215 0.3595 0.3663
v  0.0179 0.3639 0.3587
v  0.0129 0.3692 0.3522
v  0.0135 0.3481 0.3641
v  0.0098 0.3521 0.3559
v  0.0038 0.3574 0.3500
v  0.0050 0.3365 0.3631
v  0.0014 0.3399 0.3546
v  -0.0047 0.3448 0.3482
v  -0.0029 0.3241 0.3625
v  -0.0073 0.3275 0.3543
v  -0.0136 0.3320 0.3478
v  -0.0110 0.3118 0.3627
v  -0.0156 0.3145 0.3539
v  -0.0222 0.3187 0.3475
v  -0.0181 0.2985 0.3630
v  -0.0235 0.3010 0.3540
v  -0.0310 0.3053 0.3476
v  -0.0251 0.2850 0.3642
v  -0.0317 0.2876 0.3553
v  -0.0394 0.2913 0.3478
v  -0.0328 0.2722 0.3666
v  -0.0394 0.2740 0.3571
v  -0.0478 0.2774 0.3496
v  -0.0404 0.2593 0.3702
v  -0.0475 0.2606 0.3609
v  -0.0564 0.2635 0.3534
v  -0.0473 0.2459 0.3748
v  -0.0551 0.2465 0.3653
v  -0.0645 0.2488 0.3577
v  -0.0527 0.2314 0.3795
v  -0.0615 0.2313 0.3695
v  -0.0720 0.2331 0.3616
v  -0.0577 0.2169 0.3853
v  -0.0675 0.2160 0.3748
v  -0.0788 0.2172 0.3663
v  -0.0628 0.2029 0.3924
v  -0.0734 0.2012 0.3816
v  -0.0852 0.2015 0.3732
v  -0.0681 0.1894 0.4008
v  -0.0789 0.1866 0.3897
v  -0.0913 0.1867 0.3820
v  -0.0722 0.1756 0.4092
v  -0.0840 0.1720 0.3981
v  -0.0972 0.1712 0.3903
v  -0.0755 0.1621 0.4181
v  -0.0883 0.1575 0.4069
v  -0.1019 0.1554 0.3987
v  -0.0792 0.1495 0.4278
v  -0.0917 0.1439 0.4170
v  -0.1055 0.1415 0.4101
v  -0.0806 0.1368 0.4369
v  -0.0935 0.1297 0.4263
v  -0.1078 0.1262 0.4191
v  -0.0816 0.1258 0.4464
v  -0.0951 0.1177 0.4364
v  -0.1098 0.1122 0.4294
v  -0.0828 0.1170 0.4559
v  -0.0964 0.1092 0.4471
v  -0.1113 0.1035 0.4415
v  -0.0816 0.1079 0.4634
v  -0.0950 0.0997 0.4549
v  -0.1105 0.0935 0.4504
v  -0.0791 0.0988 0.4694
v  -0.0926 0.0903 0.4616
v  -0.1082 0.0832 0.4581
v  -0.0765 0.0901 0.4744
v  -0.0892 0.0814 0.4666
v  -0.1044 0.0732 0.4640
v  -0.0721 0.0821 0.4773
v  -0.0847 0.0731 0.4698
v  -0.0992 0.0638 0.4672
v  -0.0676 0.0740 0.4791
v  -0.0796 0.0654 0.4716
v  -0.0935 0.0556 0.4692
v  -0.0605 0.0667 0.4760
v  -0.0734 0.0581 0.4689
v  -0.0872 0.0476 0.4677
v  -0.0522 0.0589 0.4707
v  -0.0661 0.0500 0.4624
v  -0.0809 0.0392 0.4605
v  -0.0435 0.0480 0.4681
v  -0.0574 0.0394 0.4582
v  -0.0721 0.0278 0.4554
v  -0.0336 0.0390 0.4641
v  -0.0481 0.0296 0.4545
v  -0.0620 0.0167 0.4527
v  -0.0227 0.0311 0.4583
v  -0.0375 0.0214 0.4480
v  -0.0519 0.0079 0.4437
v  -0.0109 0.0222 0.4526
v  -0.0253 0.0125 0.4426
v  -0.0389 -0.0017 0.4384
v  0.0014 0.0138 0.4454
v  -0.0131 0.0046 0.4354
v  -0.0264 -0.0100 0.4324
v  0.0141 0.0068 0.4356
v  -0.0014 -0.0025 0.4257
v  -0.0161 -0.0168 0.4214
v  0.0263 -0.0026 0.4269
v  0.0106 -0.0115 0.4171
v  -0.0042 -0.0255 0.4132
v  0.0382 -0.0093 0.4163
v  0.0216 -0.0185 0.4069
v  0.0062 -0.0327 0.4034
v  0.0498 -0.0152 0.4038
v  0.0315 -0.0236 0.3937
v  0.0135 -0.0374 0.3896
v  0.0616 -0.0269 0.3952
v  0.0428 -0.0340 0.3859
v  0.0253 -0.0473 0.3821
v  0.0732 -0.0353 0.3836
v  0.0530 -0.0421 0.3748
v  0.0347 -0.0551 0.3713
v  0.0828 -0.0447 0.3712
v  0.0621 -0.0502 0.3624
v  0.0428 -0.0624 0.3583
v  0.0914 -0.0532 0.3582
v  0.0712 -0.0580 0.3509
v  0.0520 -0.0703 0.3481
v  0.0999 -0.0585 0.3423
v  0.0789 -0.0638 0.3378
v  0.0595 -0.0769 0.3382
v  0.1051 -0.0695 0.3278
v  0.0841 -0.0716 0.3253
v  0.0631 -0.0825 0.3268
v  0.1080 -0.0755 0.3099
v  0.0860 -0.0771 0.3097
v  0.0635 -0.0873 0.3128
v  0.1068 -0.0862 0.2924
v  0.0867 -0.0875 0.2949
v  0.0654 -0.0964 0.2998
v  0.1031 -0.0954 0.2751
v  0.0848 -0.0931 0.2783
v  0.0617 -0.1016 0.2829
v  0.0988 -0.0986 0.2547
v  0.0818 -0.0950 0.2594
v  0.0679 -0.0982 0.2660
v  -0.0177 0.7349 0.4716
v  -0.0189 0.7300 0.4772
v  -0.0200 0.7248 0.4827
v  -0.0196 0.7199 0.4890
v  -0.0198 0.7133 0.4938
v  -0.0184 0.7071 0.4993
v  -0.0158 0.7008 0.5045
v  -0.0124 0.6938 0.5083
v  -0.0086 0.6863 0.5110
v  -0.0032 0.6792 0.5132
v  0.0028 0.6721 0.5149
v  0.0094 0.6648 0.5160
v  0.0157 0.6569 0.5162
v  0.0230 0.6496 0.5166
v  0.0301 0.6418 0.5162
v  0.0373 0.6339 0.5155
v  0.0447 0.6258 0.5146
v  0.0520 0.6172 0.5130
v  0.0607 0.6097 0.5123
v  0.0674 0.6000 0.5097
v  0.0750 0.5904 0.5075
v  0.0820 0.5803 0.5045
v  0.0891 0.5701 0.5012
v  0.0937 0.5589 0.4961
v  0.0990 0.5479 0.4904
v  0.1018 0.5365 0.4828
v  0.1060 0.5253 0.4755
v  0.1078 0.5145 0.4669
v  0.1075 0.5039 0.4576
v  0.1062 0.4932 0.4485
v  0.1032 0.4830 0.4393
v  0.1000 0.4725 0.4307
v  0.0962 0.4618 0.4227
v  0.0902 0.4518 0.4152
v  0.0837 0.4416 0.4085
v  0.0762 0.4318 0.4024
v  0.0689 0.4215 0.3969
v  0.0622 0.4104 0.3921
v  0.0548 0.3997 0.3878
v  0.0470 0.3890 0.3841
v  0.0387 0.3786 0.3805
v  0.0301 0.3681 0.3778
v  0.0217 0.3575 0.3754
v  0.0142 0.3462 0.3736
v  0.0067 0.3345 0.3724
v  -0.0015 0.3231 0.3721
v  -0.0093 0.3111 0.3724
v  -0.0157 0.2981 0.3732
v  -0.0227 0.2854 0.3750
v  -0.0297 0.2727 0.3775
v  -0.0366 0.2603 0.3808
v  -0.0430 0.2478 0.3851
v  -0.0476 0.2342 0.3906
v  -0.0519 0.2206 0.3970
v  -0.0565 0.2075 0.4045
v  -0.0612 0.1951 0.4132
v  -0.0649 0.1825 0.4222
v  -0.0682 0.1705 0.4317
v  -0.0711 0.1587 0.4413
v  -0.0725 0.1473 0.4507
v  -0.0735 0.1366 0.4599
v  -0.0739 0.1266 0.4684
v  -0.0733 0.1170 0.4759
v  -0.0715 0.1075 0.4820
v  -0.0688 0.0984 0.4868
v  -0.0638 0.0894 0.4895
v  -0.0583 0.0803 0.4907
v  -0.0506 0.0719 0.4890
v  -0.0416 0.0631 0.4857
v  -0.0320 0.0534 0.4824
v  -0.0213 0.0448 0.4784
v  -0.0098 0.0363 0.4731
v  0.0022 0.0272 0.4669
v  0.0144 0.0179 0.4594
v  0.0278 0.0102 0.4501
v  0.0404 0.0002 0.4410
v  0.0531 -0.0070 0.4301
v  0.0662 -0.0136 0.4181
v  0.0784 -0.0259 0.4082
v  0.0921 -0.0347 0.3958
v  0.1022 -0.0467 0.3830
v  0.1106 -0.0567 0.3683
v  0.1198 -0.0628 0.3507
v  0.1239 -0.0752 0.3328
v  0.1279 -0.0815 0.3114
v  0.1252 -0.0927 0.2927
v  0.1209 -0.1011 0.2735
v  0.1175 -0.1062 0.2529
v  0.1097 -0.1190 0.2376
v  0.0916 -0.1116 0.2409
v  0.0753 -0.1078 0.2475
v  0.0208 0.6471 0.5199
v  0.0278 0.6392 0.5198
v  0.0137 0.6550 0.5201
v  0.0349 0.6310 0.5188
v  0.0418 0.6225 0.5173
v  0.0497 0.6146 0.5172
v  0.0571 0.6059 0.5152
v  0.0647 0.5968 0.5137
v  0.0716 0.5869 0.5112
v  0.0782 0.5766 0.5082
v  0.0847 0.5660 0.5050
v  0.0907 0.5550 0.5012
v  0.0945 0.5439 0.4942
v  0.0988 0.5324 0.4877
v  0.1016 0.5215 0.4795
v  0.1038 0.5104 0.4715
v  0.1038 0.4999 0.4625
v  0.1029 0.4894 0.4535
v  0.0999 0.4795 0.4446
v  0.0966 0.4692 0.4363
v  0.0918 0.4596 0.4285
v  0.0869 0.4492 0.4217
v  0.0807 0.4394 0.4150
v  0.0737 0.4296 0.4091
v  0.0663 0.4199 0.4036
v  0.0591 0.4095 0.3993
v  0.0520 0.3988 0.3957
v  0.0440 0.3886 0.3924
v  0.0357 0.3784 0.3894
v  0.0275 0.3680 0.3866
v  0.0199 0.3572 0.3843
v  0.0124 0.3463 0.3829
v  0.0048 0.3351 0.3821
v  -0.0032 0.3242 0.3816
v  -0.0103 0.3124 0.3821
v  -0.0171 0.3003 0.3835
v  -0.0235 0.2877 0.3856
v  -0.0304 0.2755 0.3880
v  -0.0369 0.2636 0.3912
v  -0.0429 0.2518 0.3954
v  -0.0474 0.2393 0.4012
v  -0.0511 0.2268 0.4083
v  -0.0553 0.2148 0.4163
v  -0.0596 0.2031 0.4250
v  -0.0630 0.1917 0.4346
v  -0.0656 0.1806 0.4447
v  -0.0684 0.1695 0.4549
v  -0.0700 0.1586 0.4648
v  -0.0710 0.1477 0.4743
v  -0.0715 0.1369 0.4831
v  -0.0707 0.1262 0.4908
v  -0.0693 0.1157 0.4970
v  -0.0648 0.1054 0.5017
v  -0.0594 0.0948 0.5046
v  -0.0538 0.0838 0.5058
v  -0.0450 0.0743 0.5050
v  -0.0352 0.0646 0.5027
v  -0.0248 0.0544 0.4998
v  -0.0132 0.0453 0.4956
v  -0.0008 0.0362 0.4902
v  0.0115 0.0262 0.4835
v  0.0245 0.0167 0.4754
v  0.0385 0.0084 0.4661
v  0.0516 -0.0014 0.4561
v  0.0650 -0.0093 0.4450
v  0.0785 -0.0172 0.4333
v  0.0908 -0.0297 0.4222
v  0.1066 -0.0388 0.4098
v  0.1183 -0.0519 0.3956
v  0.1269 -0.0641 0.3796
v  0.1367 -0.0724 0.3605
v  0.1404 -0.0857 0.3405
v  0.1459 -0.0933 0.3172
v  0.1438 -0.1046 0.2964
v  0.1395 -0.1145 0.2761
v  0.1370 -0.1212 0.2553
v  0.1288 -0.1328 0.2383
v  0.1004 -0.1317 0.2234
v  0.0836 -0.1241 0.2281
v  0.1174 -0.1442 0.2219
v  0.0852 0.5512 0.5030
v  0.0898 0.5399 0.4976
v  0.0935 0.5290 0.4903
v  0.0963 0.5180 0.4826
v  0.0979 0.5075 0.4744
v  0.0984 0.4970 0.4661
v  0.0968 0.4875 0.4570
v  0.0943 0.4780 0.4482
v  0.0907 0.4685 0.4404
v  0.0870 0.4580 0.4340
v  0.0814 0.4488 0.4268
v  0.0753 0.4393 0.4206
v  0.0687 0.4297 0.4149
v  0.0622 0.4198 0.4100
v  0.0546 0.4102 0.4060
v  0.0472 0.3999 0.4030
v  0.0391 0.3900 0.3998
v  0.0311 0.3798 0.3971
v  0.0232 0.3695 0.3946
v  0.0158 0.3587 0.3929
v  0.0082 0.3482 0.3917
v  0.0003 0.3376 0.3908
v  -0.0071 0.3267 0.3907
v  -0.0142 0.3155 0.3909
v  -0.0209 0.3037 0.3924
v  -0.0274 0.2916 0.3947
v  -0.0338 0.2796 0.3974
v  -0.0402 0.2683 0.4005
v  -0.0461 0.2571 0.4046
v  -0.0506 0.2457 0.4108
v  -0.0549 0.2343 0.4180
v  -0.0590 0.2230 0.4261
v  -0.0627 0.2120 0.4350
v  -0.0653 0.2012 0.4450
v  -0.0678 0.1908 0.4556
v  -0.0705 0.1798 0.4663
v  -0.0717 0.1690 0.4770
v  -0.0729 0.1579 0.4874
v  -0.0734 0.1463 0.4970
v  -0.0731 0.1344 0.5053
v  -0.0711 0.1224 0.5123
v  -0.0671 0.1099 0.5175
v  -0.0604 0.0974 0.5212
v  -0.0536 0.0844 0.5225
v  -0.0443 0.0732 0.5220
v  -0.0331 0.0628 0.5201
v  -0.0214 0.0521 0.5168
v  -0.0091 0.0418 0.5122
v  0.0047 0.0325 0.5064
v  0.0177 0.0221 0.4988
v  0.0310 0.0120 0.4903
v  0.0451 0.0027 0.4808
v  0.0588 -0.0073 0.4704
v  0.0729 -0.0159 0.4594
v  0.0863 -0.0248 0.4479
v  0.0993 -0.0362 0.4361
v  0.1152 -0.0469 0.4235
v  0.1287 -0.0602 0.4087
v  0.1378 -0.0743 0.3916
v  0.1492 -0.0842 0.3720
v  0.1543 -0.0981 0.3504
v  0.1598 -0.1093 0.3262
v  0.1609 -0.1210 0.3030
v  0.1562 -0.1334 0.2826
v  0.1534 -0.1429 0.2610
v  0.1458 -0.1525 0.2413
v  0.1329 -0.1628 0.2232
v  0.1054 -0.1514 0.2027
v  0.1196 -0.1712 0.2044
v  0.0555 0.4224 0.4142
v  0.0484 0.4127 0.4112
v  0.0626 0.4314 0.4192
v  0.0409 0.4030 0.4083
v  0.0330 0.3932 0.4055
v  0.0248 0.3832 0.4029
v  0.0167 0.3731 0.4007
v  0.0090 0.3629 0.3990
v  0.0013 0.3525 0.3980
v  -0.0062 0.3417 0.3974
v  -0.0138 0.3310 0.3968
v  -0.0204 0.3197 0.3978
v  -0.0270 0.3082 0.3991
v  -0.0336 0.2965 0.4014
v  -0.0401 0.2850 0.4042
v  -0.0465 0.2740 0.4074
v  -0.0522 0.2633 0.4116
v  -0.0571 0.2526 0.4179
v  -0.0614 0.2417 0.4253
v  -0.0656 0.2308 0.4334
v  -0.0694 0.2202 0.4423
v  -0.0721 0.2099 0.4525
v  -0.0745 0.1995 0.4635
v  -0.0770 0.1886 0.4745
v  -0.0786 0.1775 0.4859
v  -0.0799 0.1660 0.4972
v  -0.0803 0.1538 0.5078
v  -0.0798 0.1408 0.5173
v  -0.0777 0.1271 0.5255
v  -0.0735 0.1125 0.5319
v  -0.0657 0.0979 0.5371
v  -0.0582 0.0823 0.5384
v  -0.0477 0.0688 0.5379
v  -0.0353 0.0569 0.5358
v  -0.0220 0.0458 0.5320
v  -0.0086 0.0348 0.5266
v  0.0057 0.0247 0.5201
v  0.0193 0.0141 0.5121
v  0.0331 0.0037 0.5031
v  0.0477 -0.0061 0.4937
v  0.0621 -0.0163 0.4833
v  0.0764 -0.0258 0.4724
v  0.0902 -0.0350 0.4610
v  0.1039 -0.0455 0.4488
v  0.1196 -0.0566 0.4359
v  0.1343 -0.0700 0.4211
v  0.1437 -0.0850 0.4030
v  0.1564 -0.0969 0.3835
v  0.1623 -0.1113 0.3611
v  0.1685 -0.1245 0.3365
v  0.1716 -0.1376 0.3126
v  0.1660 -0.1522 0.2912
v  0.1641 -0.1638 0.2677
v  0.1586 -0.1733 0.2451
v  0.1444 -0.1840 0.2279
v  0.1331 -0.1939 0.2097
v  -0.0282 0.3247 0.4009
v  -0.0349 0.3134 0.4027
v  -0.0416 0.3018 0.4049
v  -0.0482 0.2906 0.4077
v  -0.0545 0.2797 0.4110
v  -0.0602 0.2693 0.4158
v  -0.0654 0.2588 0.4221
v  -0.0701 0.2480 0.4295
v  -0.0746 0.2372 0.4376
v  -0.0785 0.2266 0.4465
v  -0.0816 0.2165 0.4567
v  -0.0840 0.2061 0.4681
v  -0.0869 0.1951 0.4796
v  -0.0889 0.1836 0.4914
v  -0.0900 0.1720 0.5037
v  -0.0907 0.1588 0.5150
v  -0.0901 0.1448 0.5254
v  -0.0878 0.1295 0.5347
v  -0.0829 0.1131 0.5426
v  -0.0743 0.0967 0.5501
v  -0.0649 0.0789 0.5515
v  -0.0534 0.0627 0.5506
v  -0.0400 0.0489 0.5483
v  -0.0258 0.0367 0.5442
v  -0.0115 0.0251 0.5379
v  0.0029 0.0141 0.5308
v  0.0173 0.0032 0.5229
v  0.0311 -0.0075 0.5133
v  0.0459 -0.0180 0.5039
v  0.0612 -0.0283 0.4943
v  0.0757 -0.0382 0.4832
v  0.0899 -0.0477 0.4717
v  0.1036 -0.0580 0.4589
v  0.1197 -0.0688 0.4463
v  0.1345 -0.0819 0.4316
v  0.1447 -0.0966 0.4129
v  0.1573 -0.1098 0.3937
v  0.1647 -0.1239 0.3707
v  0.1702 -0.1381 0.3460
v  0.1751 -0.1526 0.3227
v  0.1696 -0.1674 0.2999
v  0.1676 -0.1809 0.2759
v  0.1633 -0.1925 0.2533
v  0.1497 -0.2028 0.2366
v  0.1408 -0.2147 0.2193
v  0.1312 -0.2261 0.2028
v  -0.1008 0.1876 0.4939
v  -0.1021 0.1756 0.5070
v  -0.0985 0.1992 0.4815
v  -0.1026 0.1613 0.5185
v  -0.1017 0.1467 0.5304
v  -0.0989 0.1300 0.5401
v  -0.0936 0.1121 0.5489
v  -0.0848 0.0936 0.5570
v  -0.0739 0.0737 0.5596
v  -0.0614 0.0553 0.5589
v  -0.0474 0.0396 0.5561
v  -0.0327 0.0260 0.5520
v  -0.0180 0.0136 0.5455
v  -0.0035 0.0017 0.5381
v  0.0109 -0.0099 0.5301
v  0.0254 -0.0209 0.5210
v  0.0401 -0.0318 0.5111
v  0.0558 -0.0424 0.5018
v  0.0708 -0.0527 0.4910
v  0.0851 -0.0627 0.4791
v  0.0989 -0.0726 0.4657
v  0.1145 -0.0833 0.4535
v  0.1286 -0.0958 0.4389
v  0.1401 -0.1097 0.4210
v  0.1525 -0.1235 0.4017
v  0.1610 -0.1370 0.3791
v  0.1669 -0.1506 0.3550
v  0.1708 -0.1658 0.3324
v  0.1673 -0.1804 0.3093
v  0.1650 -0.1948 0.2860
v  0.1608 -0.2080 0.2648
v  0.1488 -0.2180 0.2480
v  0.1411 -0.2307 0.2316
v  0.1324 -0.2435 0.2155
v  -0.0134 -0.0112 0.5414
v  0.0013 -0.0233 0.5335
v  -0.0282 0.0015 0.5482
v  0.0164 -0.0348 0.5251
v  0.0314 -0.0460 0.5152
v  0.0467 -0.0570 0.5052
v  0.0615 -0.0678 0.4943
v  0.0759 -0.0782 0.4825
v  0.0900 -0.0884 0.4697
v  0.1047 -0.0990 0.4572
v  0.1186 -0.1110 0.4436
v  0.1308 -0.1239 0.4264
v  0.1426 -0.1371 0.4073
v  0.1514 -0.1500 0.3857
v  0.1568 -0.1630 0.3627
v  0.1611 -0.1779 0.3415
v  0.1593 -0.1922 0.3192
v  0.1571 -0.2065 0.2969
v  0.1528 -0.2203 0.2769
v  0.1417 -0.2295 0.2604
v  0.1345 -0.2424 0.2446
v  0.1263 -0.2554 0.2292
v  0.1136 -0.2645 0.2156
v  0.1033 -0.2743 0.2035
v  0.1176 -0.1372 0.4287
v  0.1283 -0.1493 0.4101
v  0.1368 -0.1619 0.3904
v  0.1428 -0.1746 0.3694
v  0.1463 -0.1883 0.3490
v  0.1460 -0.2022 0.3282
v  0.1431 -0.2150 0.3074
v  0.1379 -0.2273 0.2893
v  0.1293 -0.2379 0.2731
v  0.1216 -0.2503 0.2580
v  0.1129 -0.2621 0.2438
v  0.1023 -0.2723 0.2309
v  0.0916 -0.2819 0.2194
v  0.0645 -0.6056 0.0481
v  0.0606 -0.6252 0.0433
v  0.0668 -0.6240 0.0330
v  0.0715 -0.6027 0.0369
v  0.0565 -0.6082 0.0542
v  0.0532 -0.6265 0.0488
v  0.0654 -0.5873 0.0534
v  0.0571 -0.5906 0.0600
v  0.0734 -0.5829 0.0418
v  0.0458 -0.6284 0.0524
v  0.0408 -0.6475 0.0480
v  0.0479 -0.6473 0.0445
v  0.0381 -0.6289 0.0518
v  0.0324 -0.6470 0.0471
v  0.0488 -0.6102 0.0574
v  0.0412 -0.6109 0.0581
v  0.0544 -0.6475 0.0387
v  0.0237 -0.6447 0.0449
v  0.0132 -0.6587 0.0402
v  0.0230 -0.6656 0.0442
v  0.0185 -0.6394 0.0413
v  0.0103 -0.6432 0.0372
v  0.0303 -0.6281 0.0495
v  0.0233 -0.6254 0.0443
v  0.0327 -0.6689 0.0439
v  0.0405 -0.6710 0.0405
v  -0.0028 -0.6444 0.0331
v  -0.0092 -0.6732 0.0351
v  0.0101 -0.6863 0.0406
v  0.0225 -0.6921 0.0405
v  0.0059 -0.1924 -0.2528
v  0.0101 -0.2220 -0.2657
v  0.0006 -0.2285 -0.2582
v  -0.0035 -0.1970 -0.2498
v  0.0131 -0.1891 -0.2606
v  0.0167 -0.2168 -0.2752
v  0.0081 -0.1713 -0.2333
v  0.0181 -0.1681 -0.2447
v  -0.0041 -0.1774 -0.2379
v  0.0352 -0.2401 -0.2806
v  0.0267 -0.2476 -0.2710
v  0.0246 -0.2106 -0.2853
v  0.0432 -0.2329 -0.2904
v  0.0167 -0.1825 -0.2738
v  0.0167 -0.2559 -0.2612
v  0.0055 -0.2665 -0.2500
v  -0.0112 -0.2390 -0.2460
v  -0.0136 -0.2018 -0.2468
v  0.0509 -0.2252 -0.3001
v  0.0763 -0.2399 -0.2974
v  0.0681 -0.2482 -0.2875
v  0.0337 -0.2040 -0.2946
v  0.0593 -0.2564 -0.2781
v  0.0497 -0.2650 -0.2688
v  0.0832 -0.2315 -0.3083
v  0.1115 -0.2411 -0.3028
v  0.1040 -0.2500 -0.2902
v  0.0575 -0.2176 -0.3105
v  0.0953 -0.2589 -0.2787
v  0.1265 -0.2526 -0.2798
v  0.1352 -0.2430 -0.2935
v  0.1518 -0.2390 -0.2821
v  0.1417 -0.2484 -0.2678
v  0.1178 -0.2626 -0.2669
v  0.1336 -0.2596 -0.2545
v  0.1092 -0.2721 -0.2553
v  0.0861 -0.2675 -0.2680
v  0.1259 -0.2704 -0.2424
v  0.1439 -0.2538 -0.2431
v  0.1366 -0.2656 -0.2304
v  0.1156 -0.2790 -0.2310
v  0.0997 -0.2809 -0.2444
v  0.1248 -0.2738 -0.2188
v  0.1285 -0.2661 -0.2090
v  0.1203 -0.2767 -0.1975
v  0.1148 -0.2835 -0.2082
v  0.1052 -0.2881 -0.2203
v  0.1045 -0.2926 -0.1978
v  0.0949 -0.2976 -0.2096
v  0.1097 -0.2854 -0.1875
v  0.1288 -0.2570 -0.2003
v  0.1220 -0.2671 -0.1877
v  0.0543 -0.4103 -0.0790
v  0.0504 -0.3894 -0.0853
v  0.0467 -0.3748 -0.0687
v  0.0502 -0.4029 -0.0632
v  0.0545 -0.4181 -0.0963
v  0.0502 -0.3984 -0.1021
v  0.0603 -0.4343 -0.0702
v  0.0612 -0.4423 -0.0871
v  0.0553 -0.4264 -0.0544
v  0.0411 -0.3962 -0.0479
v  0.0418 -0.4145 -0.0390
v  0.0417 -0.3742 -0.0521
v  0.0302 -0.3700 -0.0394
v  0.0266 -0.3866 -0.0339
v  0.0244 -0.3981 -0.0251
v  0.0156 -0.5674 -0.0707
v  0.0210 -0.5658 -0.0786
v  0.0266 -0.5745 -0.0713
v  0.0209 -0.5738 -0.0653
v  0.0045 -0.5612 -0.0804
v  0.0100 -0.5584 -0.0919
v  0.0164 -0.5744 -0.0608
v  -0.0346 -0.5605 -0.1117
v  -0.0463 -0.5620 -0.1246
v  -0.0356 -0.5556 -0.1343
v  -0.0264 -0.5555 -0.1193
v  -0.0423 -0.5684 -0.1003
v  -0.0552 -0.5697 -0.1093
v  -0.0189 -0.5601 -0.0955
v  -0.0271 -0.5668 -0.0880
v  -0.0111 -0.5560 -0.1016
v  -0.0231 -0.5513 -0.1399
v  -0.0178 -0.5536 -0.1252
v  -0.0048 -0.5546 -0.1096
v  -0.0086 -0.5494 -0.1404
v  -0.0100 -0.5524 -0.1294
v  0.0016 -0.5539 -0.1191
v  -0.1338 -0.4406 0.1266
v  -0.1461 -0.4476 0.1130
v  -0.1369 -0.4568 0.1110
v  -0.1287 -0.4519 0.1214
v  -0.1418 -0.4267 0.1228
v  -0.1531 -0.4387 0.1102
v  -0.1104 -0.4332 0.1373
v  -0.1279 -0.4137 0.1301
v  -0.1155 -0.4566 0.1227
v  -0.1192 -0.3955 0.1383
v  -0.1319 -0.3837 0.1262
v  -0.1384 -0.4019 0.1192
v  -0.0996 -0.4087 0.1487
v  -0.1484 -0.4166 0.1128
v  -0.0796 -0.4816 0.1280
v  -0.0970 -0.4664 0.1251
v  -0.1143 -0.4782 0.1024
v  -0.1006 -0.4973 0.0973
v  -0.0531 -0.4690 0.1500
v  -0.0726 -0.4442 0.1485
v  -0.0651 -0.4977 0.1327
v  -0.0401 -0.4888 0.1506
v  -0.0821 -0.5112 0.1090
v  -0.0740 -0.5259 0.1174
v  -0.0576 -0.5143 0.1370
v  -0.0350 -0.5070 0.1513
v  0.0099 -0.3751 -0.0221
v  0.0060 -0.3833 -0.0143
v  0.0136 -0.3619 -0.0294
v  -0.0083 0.7316 -0.4475
v  -0.0061 0.7365 -0.4427
v  -0.0074 0.7379 -0.4435
v  -0.0097 0.7329 -0.4483
v  -0.0068 0.7302 -0.4466
v  -0.0044 0.7354 -0.4423
v  -0.0106 0.7259 -0.4518
v  -0.0095 0.7243 -0.4505
v  -0.0111 0.7277 -0.4535
v  -0.0138 0.7224 -0.4583
v  -0.0124 0.7207 -0.4571
v  -0.0106 0.7192 -0.4561
v  -0.0156 0.7169 -0.4637
v  -0.0144 0.7151 -0.4622
v  -0.0125 0.7135 -0.4611
v  -0.0168 0.7113 -0.4693
v  -0.0161 0.7092 -0.4675
v  -0.0137 0.7080 -0.4667
v  -0.0177 0.7055 -0.4752
v  -0.0164 0.7037 -0.4735
v  -0.0145 0.7022 -0.4721
v  -0.0179 0.6997 -0.4811
v  -0.0171 0.6978 -0.4791
v  -0.0147 0.6966 -0.4779
v  -0.0182 0.6933 -0.4867
v  -0.0172 0.6916 -0.4846
v  -0.0144 0.6907 -0.4833
v  -0.0172 0.6864 -0.4921
v  -0.0161 0.6848 -0.4894
v  -0.0133 0.6845 -0.4883
v  -0.0153 0.6791 -0.4969
v  -0.0145 0.6777 -0.4941
v  -0.0117 0.6776 -0.4924
v  -0.0130 0.6711 -0.5008
v  -0.0117 0.6702 -0.4977
v  -0.0090 0.6706 -0.4960
v  -0.0096 0.6629 -0.5040
v  -0.0080 0.6627 -0.5009
v  -0.0054 0.6634 -0.4986
v  -0.0050 0.6546 -0.5061
v  -0.0033 0.6550 -0.5029
v  -0.0008 0.6561 -0.5002
v  0.0004 0.6463 -0.5072
v  0.0020 0.6471 -0.5036
v  0.0042 0.6484 -0.5004
v  0.0073 0.6391 -0.5081
v  0.0079 0.6393 -0.5037
v  0.0100 0.6409 -0.5001
v  0.0131 0.6308 -0.5081
v  0.0143 0.6317 -0.5036
v  0.0161 0.6334 -0.4994
v  0.0195 0.6229 -0.5080
v  0.0209 0.6242 -0.5033
v  0.0226 0.6259 -0.4989
v  0.0260 0.6150 -0.5075
v  0.0277 0.6167 -0.5030
v  0.0297 0.6187 -0.4987
v  0.0327 0.6073 -0.5068
v  0.0339 0.6087 -0.5020
v  0.0362 0.6111 -0.4979
v  0.0393 0.5995 -0.5060
v  0.0400 0.6008 -0.5009
v  0.0426 0.6034 -0.4968
v  0.0452 0.5912 -0.5048
v  0.0463 0.5929 -0.4996
v  0.0486 0.5954 -0.4954
v  0.0512 0.5829 -0.5033
v  0.0516 0.5845 -0.4979
v  0.0543 0.5872 -0.4937
v  0.0569 0.5745 -0.5012
v  0.0568 0.5760 -0.4955
v  0.0596 0.5789 -0.4914
v  0.0618 0.5655 -0.4986
v  0.0620 0.5675 -0.4933
v  0.0645 0.5704 -0.4887
v  0.0660 0.5562 -0.4955
v  0.0668 0.5587 -0.4902
v  0.0686 0.5615 -0.4852
v  0.0698 0.5466 -0.4919
v  0.0710 0.5496 -0.4865
v  0.0729 0.5528 -0.4812
v  0.0735 0.5373 -0.4871
v  0.0748 0.5406 -0.4819
v  0.0770 0.5442 -0.4770
v  0.0774 0.5284 -0.4820
v  0.0782 0.5319 -0.4768
v  0.0802 0.5358 -0.4718
v  0.0799 0.5195 -0.4766
v  0.0808 0.5237 -0.4711
v  0.0826 0.5278 -0.4660
v  0.0821 0.5114 -0.4701
v  0.0823 0.5158 -0.4646
v  0.0840 0.5200 -0.4595
v  0.0832 0.5034 -0.4634
v  0.0827 0.5079 -0.4578
v  0.0845 0.5121 -0.4525
v  0.0830 0.4954 -0.4564
v  0.0827 0.4997 -0.4511
v  0.0846 0.5039 -0.4456
v  0.0818 0.4873 -0.4498
v  0.0821 0.4916 -0.4443
v  0.0832 0.4958 -0.4387
v  0.0803 0.4792 -0.4434
v  0.0804 0.4834 -0.4378
v  0.0814 0.4875 -0.4320
v  0.0774 0.4711 -0.4371
v  0.0765 0.4755 -0.4316
v  0.0789 0.4788 -0.4255
v  0.0728 0.4631 -0.4315
v  0.0726 0.4672 -0.4257
v  0.0742 0.4708 -0.4190
v  0.0680 0.4549 -0.4258
v  0.0674 0.4590 -0.4200
v  0.0694 0.4622 -0.4131
v  0.0619 0.4468 -0.4206
v  0.0618 0.4508 -0.4145
v  0.0635 0.4538 -0.4076
v  0.0559 0.4387 -0.4154
v  0.0556 0.4425 -0.4093
v  0.0570 0.4454 -0.4024
v  0.0498 0.4303 -0.4103
v  0.0485 0.4344 -0.4044
v  0.0497 0.4370 -0.3975
v  0.0410 0.4225 -0.4069
v  0.0396 0.4269 -0.4003
v  0.0408 0.4292 -0.3928
v  0.0320 0.4143 -0.4036
v  0.0307 0.4183 -0.3963
v  0.0313 0.4211 -0.3883
v  0.0231 0.4053 -0.4004
v  0.0215 0.4093 -0.3927
v  0.0218 0.4121 -0.3842
v  0.0143 0.3957 -0.3973
v  0.0120 0.3999 -0.3895
v  0.0124 0.4022 -0.3804
v  0.0051 0.3858 -0.3952
v  0.0033 0.3893 -0.3864
v  0.0030 0.3919 -0.3770
v  -0.0040 0.3754 -0.3931
v  -0.0063 0.3789 -0.3839
v  -0.0065 0.3812 -0.3739
v  -0.0127 0.3645 -0.3914
v  -0.0150 0.3677 -0.3816
v  -0.0155 0.3697 -0.3713
v  -0.0205 0.3528 -0.3898
v  -0.0236 0.3560 -0.3799
v  -0.0244 0.3577 -0.3693
v  -0.0282 0.3408 -0.3886
v  -0.0316 0.3435 -0.3784
v  -0.0331 0.3451 -0.3680
v  -0.0397 0.3309 -0.3777
v  -0.0417 0.3319 -0.3674
v  -0.0358 0.3286 -0.3882
v  -0.0484 0.3186 -0.3784
v  -0.0509 0.3191 -0.3677
v  -0.0434 0.3167 -0.3888
v  -0.0570 0.3067 -0.3803
v  -0.0603 0.3066 -0.3690
v  -0.0510 0.3051 -0.3908
v  -0.0645 0.2942 -0.3830
v  -0.0680 0.2932 -0.3713
v  -0.0583 0.2934 -0.3937
v  -0.0716 0.2814 -0.3865
v  -0.0753 0.2796 -0.3749
v  -0.0653 0.2816 -0.3973
v  -0.0785 0.2684 -0.3912
v  -0.0826 0.2657 -0.3795
v  -0.0718 0.2696 -0.4018
v  -0.0853 0.2557 -0.3973
v  -0.0902 0.2520 -0.3853
v  -0.0783 0.2583 -0.4081
v  -0.0922 0.2436 -0.4048
v  -0.0977 0.2385 -0.3922
v  -0.0843 0.2467 -0.4156
v  -0.0992 0.2317 -0.4134
v  -0.1052 0.2255 -0.4003
v  -0.0903 0.2353 -0.4243
v  -0.1055 0.2195 -0.4232
v  -0.1120 0.2122 -0.4097
v  -0.0958 0.2238 -0.4339
v  -0.1112 0.2070 -0.4338
v  -0.1185 0.1988 -0.4201
v  -0.1008 0.2123 -0.4447
v  -0.1174 0.1952 -0.4455
v  -0.1253 0.1861 -0.4314
v  -0.1062 0.2012 -0.4566
v  -0.1231 0.1828 -0.4581
v  -0.1313 0.1732 -0.4439
v  -0.1118 0.1900 -0.4696
v  -0.1283 0.1699 -0.4716
v  -0.1368 0.1598 -0.4570
v  -0.1156 0.1773 -0.4831
v  -0.1311 0.1553 -0.4846
v  -0.1403 0.1454 -0.4694
v  -0.1183 0.1638 -0.4971
v  -0.1323 0.1394 -0.4965
v  -0.1423 0.1295 -0.4808
v  -0.1191 0.1482 -0.5097
v  -0.1322 0.1219 -0.5075
v  -0.1425 0.1117 -0.4922
v  -0.1183 0.1311 -0.5207
v  -0.1298 0.1034 -0.5186
v  -0.1401 0.0925 -0.5040
v  -0.1161 0.1134 -0.5311
v  -0.1237 0.0850 -0.5300
v  -0.1334 0.0736 -0.5155
v  -0.1107 0.0953 -0.5415
v  -0.1144 0.0664 -0.5405
v  -0.1239 0.0554 -0.5257
v  -0.1019 0.0761 -0.5511
v  -0.1028 0.0468 -0.5472
v  -0.1127 0.0373 -0.5326
v  -0.0908 0.0550 -0.5574
v  -0.0910 0.0260 -0.5498
v  -0.1012 0.0187 -0.5354
v  -0.0788 0.0331 -0.5591
v  -0.0784 0.0057 -0.5483
v  -0.0892 0.0004 -0.5341
v  -0.0658 0.0125 -0.5570
v  -0.0654 -0.0127 -0.5436
v  -0.0771 -0.0169 -0.5296
v  -0.0520 -0.0050 -0.5518
v  -0.0518 -0.0286 -0.5365
v  -0.0649 -0.0331 -0.5229
v  -0.0379 -0.0203 -0.5456
v  -0.0380 -0.0428 -0.5289
v  -0.0517 -0.0477 -0.5151
v  -0.0233 -0.0337 -0.5387
v  -0.0241 -0.0559 -0.5211
v  -0.0386 -0.0615 -0.5074
v  -0.0088 -0.0464 -0.5314
v  -0.0100 -0.0684 -0.5131
v  -0.0246 -0.0742 -0.4992
v  0.0056 -0.0584 -0.5229
v  0.0045 -0.0802 -0.5043
v  -0.0105 -0.0864 -0.4905
v  0.0199 -0.0705 -0.5142
v  0.0191 -0.0914 -0.4949
v  0.0039 -0.0976 -0.4813
v  0.0344 -0.0820 -0.5046
v  0.0334 -0.1027 -0.4854
v  0.0177 -0.1083 -0.4720
v  0.0487 -0.0934 -0.4946
v  0.0475 -0.1137 -0.4752
v  0.0305 -0.1191 -0.4622
v  0.0632 -0.1045 -0.4837
v  0.0608 -0.1247 -0.4642
v  0.0422 -0.1288 -0.4514
v  0.0775 -0.1156 -0.4721
v  0.0731 -0.1352 -0.4520
v  0.0529 -0.1385 -0.4400
v  0.0914 -0.1266 -0.4597
v  0.0841 -0.1455 -0.4390
v  0.0624 -0.1476 -0.4275
v  0.1042 -0.1374 -0.4462
v  0.0936 -0.1558 -0.4249
v  0.0708 -0.1573 -0.4145
v  0.1152 -0.1485 -0.4312
v  0.1019 -0.1666 -0.4101
v  0.0783 -0.1668 -0.4008
v  0.1248 -0.1601 -0.4147
v  0.1091 -0.1771 -0.3945
v  0.0847 -0.1761 -0.3868
v  0.1330 -0.1720 -0.3974
v  0.1149 -0.1880 -0.3785
v  0.0898 -0.1857 -0.3728
v  0.1391 -0.1841 -0.3791
v  0.1191 -0.1986 -0.3621
v  0.0931 -0.1950 -0.3589
v  0.1431 -0.1966 -0.3604
v  0.1205 -0.2095 -0.3461
v  0.0938 -0.2043 -0.3456
v  0.1442 -0.2086 -0.3424
v  0.1195 -0.2207 -0.3308
v  0.0921 -0.2137 -0.3326
v  0.1432 -0.2208 -0.3249
v  0.1167 -0.2313 -0.3161
v  0.0885 -0.2229 -0.3202
v  0.1408 -0.2327 -0.3083
v  -0.0163 0.6804 -0.4997
v  -0.0141 0.6721 -0.5040
v  -0.0180 0.6881 -0.4947
v  -0.0096 0.6640 -0.5074
v  -0.0052 0.6554 -0.5098
v  0.0008 0.6471 -0.5113
v  0.0068 0.6388 -0.5122
v  0.0135 0.6311 -0.5126
v  0.0202 0.6234 -0.5125
v  0.0272 0.6157 -0.5120
v  0.0328 0.6070 -0.5118
v  0.0397 0.5992 -0.5111
v  0.0458 0.5908 -0.5100
v  0.0524 0.5826 -0.5083
v  0.0574 0.5733 -0.5067
v  0.0629 0.5644 -0.5040
v  0.0678 0.5550 -0.5009
v  0.0720 0.5452 -0.4971
v  0.0758 0.5354 -0.4927
v  0.0796 0.5259 -0.4875
v  0.0830 0.5169 -0.4817
v  0.0845 0.5076 -0.4755
v  0.0859 0.4996 -0.4682
v  0.0863 0.4914 -0.4612
v  0.0846 0.4832 -0.4546
v  0.0829 0.4752 -0.4477
v  0.0797 0.4669 -0.4416
v  0.0752 0.4586 -0.4362
v  0.0700 0.4505 -0.4306
v  0.0648 0.4421 -0.4249
v  0.0589 0.4341 -0.4198
v  0.0518 0.4259 -0.4154
v  0.0441 0.4175 -0.4121
v  0.0357 0.4088 -0.4089
v  0.0270 0.4001 -0.4060
v  0.0180 0.3908 -0.4036
v  0.0098 0.3807 -0.4007
v  0.0004 0.3708 -0.4002
v  -0.0076 0.3599 -0.3983
v  -0.0158 0.3489 -0.3974
v  -0.0231 0.3372 -0.3966
v  -0.0306 0.3257 -0.3967
v  -0.0374 0.3141 -0.3975
v  -0.0444 0.3030 -0.3994
v  -0.0513 0.2917 -0.4022
v  -0.0579 0.2804 -0.4056
v  -0.0642 0.2693 -0.4100
v  -0.0699 0.2583 -0.4155
v  -0.0757 0.2478 -0.4232
v  -0.0810 0.2369 -0.4318
v  -0.0861 0.2258 -0.4412
v  -0.0908 0.2154 -0.4520
v  -0.0956 0.2050 -0.4641
v  -0.0999 0.1938 -0.4769
v  -0.1029 0.1814 -0.4899
v  -0.1056 0.1693 -0.5046
v  -0.1059 0.1544 -0.5179
v  -0.1049 0.1376 -0.5290
v  -0.1025 0.1200 -0.5381
v  -0.0975 0.1024 -0.5477
v  -0.0895 0.0832 -0.5570
v  -0.0787 0.0616 -0.5621
v  -0.0665 0.0401 -0.5626
v  -0.0530 0.0211 -0.5602
v  -0.0390 0.0050 -0.5552
v  -0.0246 -0.0091 -0.5491
v  -0.0101 -0.0221 -0.5427
v  0.0047 -0.0346 -0.5358
v  0.0190 -0.0466 -0.5271
v  0.0335 -0.0583 -0.5180
v  0.0477 -0.0698 -0.5081
v  0.0620 -0.0808 -0.4976
v  0.0765 -0.0917 -0.4864
v  0.0910 -0.1024 -0.4743
v  0.1056 -0.1130 -0.4610
v  0.1194 -0.1238 -0.4469
v  0.1314 -0.1358 -0.4310
v  0.1421 -0.1486 -0.4132
v  0.1516 -0.1622 -0.3945
v  0.1577 -0.1755 -0.3736
v  0.1617 -0.1893 -0.3528
v  0.0213 0.6241 -0.5168
v  0.0287 0.6167 -0.5162
v  0.0349 0.6083 -0.5160
v  0.0415 0.6001 -0.5153
v  0.0480 0.5917 -0.5143
v  0.0547 0.5833 -0.5126
v  0.0605 0.5742 -0.5107
v  0.0658 0.5645 -0.5086
v  0.0706 0.5545 -0.5059
v  0.0750 0.5443 -0.5024
v  0.0792 0.5342 -0.4979
v  0.0833 0.5244 -0.4924
v  0.0870 0.5150 -0.4862
v  0.0895 0.5056 -0.4795
v  0.0914 0.4972 -0.4716
v  0.0903 0.4878 -0.4654
v  0.0902 0.4798 -0.4573
v  0.0881 0.4714 -0.4504
v  0.0849 0.4632 -0.4437
v  0.0803 0.4545 -0.4382
v  0.0751 0.4459 -0.4327
v  0.0695 0.4375 -0.4272
v  0.0635 0.4292 -0.4218
v  0.0570 0.4209 -0.4170
v  0.0493 0.4121 -0.4138
v  0.0411 0.4032 -0.4112
v  0.0327 0.3942 -0.4085
v  0.0244 0.3850 -0.4060
v  0.0155 0.3753 -0.4048
v  0.0072 0.3653 -0.4027
v  -0.0013 0.3548 -0.4025
v  -0.0086 0.3438 -0.4003
v  -0.0161 0.3326 -0.4003
v  -0.0231 0.3213 -0.4004
v  -0.0300 0.3103 -0.4017
v  -0.0369 0.2997 -0.4042
v  -0.0436 0.2884 -0.4067
v  -0.0501 0.2774 -0.4101
v  -0.0557 0.2667 -0.4140
v  -0.0612 0.2564 -0.4197
v  -0.0664 0.2460 -0.4271
v  -0.0713 0.2356 -0.4356
v  -0.0766 0.2248 -0.4443
v  -0.0810 0.2149 -0.4552
v  -0.0851 0.2045 -0.4670
v  -0.0887 0.1939 -0.4797
v  -0.0915 0.1818 -0.4921
v  -0.0932 0.1698 -0.5063
v  -0.0938 0.1555 -0.5189
v  -0.0927 0.1399 -0.5299
v  -0.0902 0.1231 -0.5389
v  -0.0856 0.1060 -0.5477
v  -0.0779 0.0877 -0.5566
v  -0.0679 0.0671 -0.5602
v  -0.0556 0.0475 -0.5606
v  -0.0417 0.0308 -0.5583
v  -0.0276 0.0161 -0.5534
v  -0.0136 0.0029 -0.5473
v  0.0007 -0.0094 -0.5409
v  0.0153 -0.0214 -0.5337
v  0.0295 -0.0331 -0.5248
v  0.0439 -0.0445 -0.5156
v  0.0586 -0.0553 -0.5059
v  0.0731 -0.0660 -0.4955
v  0.0877 -0.0766 -0.4845
v  0.1022 -0.0870 -0.4719
v  0.1173 -0.0975 -0.4582
v  0.1325 -0.1092 -0.4439
v  0.1438 -0.1223 -0.4260
v  0.0847 0.5349 -0.5012
v  0.0890 0.5248 -0.4956
v  0.0802 0.5454 -0.5055
v  0.0929 0.5151 -0.4887
v  0.0955 0.5052 -0.4816
v  0.0970 0.4951 -0.4751
v  0.0971 0.4867 -0.4664
v  0.0962 0.4772 -0.4592
v  0.0941 0.4687 -0.4514
v  0.0907 0.4599 -0.4447
v  0.0865 0.4511 -0.4384
v  0.0814 0.4422 -0.4327
v  0.0757 0.4336 -0.4270
v  0.0695 0.4251 -0.4216
v  0.0628 0.4161 -0.4174
v  0.0552 0.4071 -0.4141
v  0.0475 0.3978 -0.4110
v  0.0394 0.3886 -0.4083
v  0.0311 0.3793 -0.4059
v  0.0228 0.3697 -0.4037
v  0.0145 0.3597 -0.4023
v  0.0065 0.3494 -0.4014
v  -0.0013 0.3387 -0.4006
v  -0.0088 0.3279 -0.3998
v  -0.0157 0.3168 -0.3999
v  -0.0223 0.3057 -0.4015
v  -0.0289 0.2947 -0.4036
v  -0.0352 0.2836 -0.4067
v  -0.0415 0.2726 -0.4096
v  -0.0471 0.2622 -0.4140
v  -0.0523 0.2520 -0.4198
v  -0.0576 0.2417 -0.4270
v  -0.0625 0.2314 -0.4354
v  -0.0674 0.2207 -0.4440
v  -0.0716 0.2108 -0.4544
v  -0.0749 0.2009 -0.4661
v  -0.0779 0.1905 -0.4784
v  -0.0807 0.1790 -0.4907
v  -0.0819 0.1670 -0.5035
v  -0.0821 0.1532 -0.5149
v  -0.0814 0.1385 -0.5250
v  -0.0792 0.1230 -0.5343
v  -0.0751 0.1069 -0.5425
v  -0.0676 0.0902 -0.5503
v  -0.0585 0.0717 -0.5537
v  -0.0468 0.0547 -0.5537
v  -0.0331 0.0403 -0.5514
v  -0.0191 0.0271 -0.5472
v  -0.0054 0.0147 -0.5410
v  0.0089 0.0032 -0.5345
v  0.0231 -0.0083 -0.5268
v  0.0373 -0.0197 -0.5180
v  0.0521 -0.0304 -0.5088
v  0.0667 -0.0408 -0.4989
v  0.0813 -0.0511 -0.4883
v  0.0961 -0.0614 -0.4775
v  0.0930 0.4489 -0.4368
v  0.0880 0.4395 -0.4310
v  0.0972 0.4583 -0.4432
v  0.0823 0.4304 -0.4251
v  0.0758 0.4217 -0.4195
v  0.0688 0.4128 -0.4144
v  0.0616 0.4032 -0.4107
v  0.0541 0.3934 -0.4075
v  0.0463 0.3837 -0.4052
v  0.0381 0.3744 -0.4025
v  0.0297 0.3647 -0.4004
v  0.0217 0.3545 -0.3992
v  0.0137 0.3444 -0.3977
v  0.0062 0.3336 -0.3970
v  -0.0013 0.3230 -0.3964
v  -0.0083 0.3121 -0.3966
v  -0.0149 0.3009 -0.3978
v  -0.0209 0.2894 -0.4003
v  -0.0272 0.2782 -0.4031
v  -0.0335 0.2671 -0.4060
v  -0.0394 0.2565 -0.4103
v  -0.0446 0.2460 -0.4161
v  -0.0496 0.2354 -0.4232
v  -0.0543 0.2248 -0.4314
v  -0.0589 0.2141 -0.4402
v  -0.0630 0.2038 -0.4501
v  -0.0663 0.1938 -0.4614
v  -0.0693 0.1834 -0.4730
v  -0.0714 0.1724 -0.4847
v  -0.0722 0.1606 -0.4962
v  -0.0721 0.1480 -0.5069
v  -0.0716 0.1344 -0.5167
v  -0.0699 0.1204 -0.5256
v  -0.0658 0.1060 -0.5334
v  -0.0587 0.0912 -0.5398
v  -0.0503 0.0754 -0.5425
v  -0.0404 0.0606 -0.5420
v  -0.0275 0.0482 -0.5400
v  -0.0138 0.0364 -0.5361
v  -0.0004 0.0248 -0.5303
v  0.0142 0.0141 -0.5241
v  0.0281 0.0028 -0.5164
v  0.0422 -0.0082 -0.5077
v  0.0524 0.3803 -0.3998
v  0.0441 0.3707 -0.3971
v  0.0359 0.3608 -0.3950
v  0.0279 0.3507 -0.3932
v  0.0202 0.3402 -0.3919
v  0.0124 0.3297 -0.3908
v  0.0049 0.3190 -0.3901
v  -0.0022 0.3079 -0.3899
v  -0.0083 0.2963 -0.3913
v  -0.0141 0.2843 -0.3935
v  -0.0206 0.2727 -0.3962
v  -0.0271 0.2614 -0.3994
v  -0.0331 0.2504 -0.4037
v  -0.0385 0.2394 -0.4093
v  -0.0433 0.2283 -0.4164
v  -0.0476 0.2171 -0.4245
v  -0.0522 0.2059 -0.4330
v  -0.0558 0.1949 -0.4429
v  -0.0590 0.1843 -0.4536
v  -0.0617 0.1738 -0.4645
v  -0.0637 0.1629 -0.4751
v  -0.0644 0.1516 -0.4855
v  -0.0643 0.1398 -0.4956
v  -0.0635 0.1277 -0.5053
v  -0.0623 0.1152 -0.5135
v  -0.0584 0.1029 -0.5205
v  -0.0521 0.0903 -0.5255
v  -0.0448 0.0770 -0.5275
v  -0.0359 0.0647 -0.5270
v  -0.0242 0.0539 -0.5249
v  -0.0116 0.0428 -0.5212
v  0.0016 0.0319 -0.5161
v  -0.0171 0.2683 -0.3868
v  -0.0235 0.2564 -0.3903
v  -0.0100 0.2801 -0.3845
v  -0.0296 0.2447 -0.3948
v  -0.0352 0.2330 -0.4002
v  -0.0397 0.2211 -0.4071
v  -0.0439 0.2091 -0.4150
v  -0.0486 0.1971 -0.4233
v  -0.0519 0.1853 -0.4330
v  -0.0551 0.1738 -0.4430
v  -0.0578 0.1626 -0.4530
v  -0.0596 0.1518 -0.4628
v  -0.0604 0.1408 -0.4726
v  -0.0604 0.1296 -0.4821
v  -0.0600 0.1185 -0.4911
v  -0.0586 0.1076 -0.4989
v  -0.0558 0.0970 -0.5049
v  -0.0502 0.0867 -0.5088
v  -0.0440 0.0758 -0.5104
v  -0.0527 0.1766 -0.4212
v  -0.0558 0.1641 -0.4306
v  -0.0588 0.1522 -0.4400
v  -0.0605 0.1407 -0.4494
v  -0.0611 0.1295 -0.4588
v  -0.0617 0.1189 -0.4679
v  -0.0617 0.1087 -0.4764
v  0.0695 -0.5083 -0.0699
v  0.0624 -0.4812 -0.0919
v  0.0678 -0.4695 -0.0721
v  0.0746 -0.4976 -0.0507
v  0.0587 -0.5225 -0.0848
v  0.0481 -0.4981 -0.1168
v  0.0761 -0.5338 -0.0504
v  0.0664 -0.5454 -0.0663
v  0.0801 -0.5228 -0.0252
v  0.0732 -0.5039 0.0029
v  0.0800 -0.5241 0.0268
v  0.0845 -0.5473 -0.0013
v  0.0704 -0.4859 -0.0334
v  0.0795 -0.5572 -0.0352
v  -0.0117 -0.3791 0.0082
v  -0.0078 -0.3860 0.0055
v  -0.0210 -0.3838 0.0047
v  -0.0231 -0.3786 0.0042
v  0.0100 -0.3908 0.0147
v  0.0134 -0.3999 0.0071
v  -0.0187 -0.3618 0.0109
v  0.0068 -0.3754 0.0223
v  -0.0254 -0.3666 -0.0015
v  0.0184 -0.4066 -0.0074
v  0.0215 -0.4045 -0.0158
v  0.0019 -0.3872 -0.0071
v  -0.0012 -0.3880 -0.0019
v  0.0387 -0.4357 -0.0141
v  0.0410 -0.4281 -0.0273
v  0.0157 -0.4053 0.0003
v  0.0369 -0.4358 -0.0005
v  -0.0038 -0.3877 0.0026
v  -0.0075 -0.3652 -0.0145
v  -0.0110 -0.3744 -0.0077
v  -0.0161 -0.3810 -0.0024
v  -0.0175 -0.3829 0.0014
v  -0.1389 -0.3742 0.1112
v  -0.1341 -0.3514 0.1203
v  -0.1355 -0.3421 0.1035
v  -0.1413 -0.3669 0.0943
v  -0.1273 -0.3624 0.1359
v  -0.1450 -0.3933 0.1048
v  -0.1474 -0.3872 0.0887
v  -0.1407 -0.3609 0.0746
v  -0.1466 -0.3836 0.0734
v  -0.1325 -0.3345 0.0873
v  -0.1258 -0.3105 0.0993
v  -0.1195 -0.3036 0.0836
v  -0.1253 -0.3275 0.0717
v  -0.1285 -0.3187 0.1155
v  -0.1318 -0.3489 0.0588
v  -0.0674 -0.5687 0.1095
v  -0.0563 -0.5593 0.1286
v  -0.0648 -0.5527 0.1296
v  -0.0750 -0.5640 0.1097
v  -0.0582 -0.5711 0.1064
v  -0.0469 -0.5619 0.1230
v  -0.0751 -0.5796 0.0895
v  -0.0655 -0.5813 0.0879
v  -0.0826 -0.5752 0.0894
v  -0.0711 -0.5949 0.0720
v  -0.0571 -0.5928 0.0688
v  -0.0529 -0.5798 0.0837
v  -0.0833 -0.5927 0.0731
v  -0.0462 -0.5693 0.0989
v  -0.0360 -0.5609 0.1115
v  -0.0230 -0.5549 0.1194
v  -0.0310 -0.5545 0.1339
v  -0.0392 -0.5508 0.1433
v  -0.0415 -0.5878 0.0640
v  -0.0376 -0.5759 0.0769
v  -0.0312 -0.5665 0.0887
v  -0.0232 -0.5587 0.0975
v  -0.0125 -0.5547 0.1051
v  -0.0024 -0.5542 0.1142
v  -0.0115 -0.5535 0.1233
v  -0.0124 -0.5510 0.1358
v  -0.0152 -0.5444 0.1486
v  -0.0474 -0.5422 0.1468
v  -0.0180 -0.5295 0.1569
v  -0.0544 -0.5300 0.1428
v  -0.0703 -0.5406 0.1251
v  -0.0365 -0.5218 0.1534
v  -0.0796 -0.5540 0.1051
v  -0.0867 -0.5670 0.0867
v  0.0234 -0.5555 0.0983
v  0.0146 -0.5524 0.1130
v  0.0306 -0.5607 0.0864
v  0.0282 -0.5703 0.0733
v  0.0358 -0.5686 0.0774
v  0.0430 -0.5643 0.0775
v  0.0374 -0.5547 0.0880
v  0.0300 -0.5492 0.1026
v  0.0443 -0.5470 0.0876
v  0.0361 -0.5398 0.1048
v  0.0507 -0.5589 0.0754
v  0.0258 -0.5798 0.0623
v  0.0322 -0.5800 0.0671
v  0.0393 -0.5793 0.0698
v  0.0469 -0.5770 0.0693
v  0.0547 -0.5737 0.0663
v  0.0633 -0.5693 0.0603
v  0.0592 -0.5520 0.0702
v  0.0521 -0.5370 0.0846
v  0.0681 -0.5440 0.0606
v  0.0607 -0.5251 0.0777
v  0.0721 -0.5635 0.0490
v  0.0343 -0.5935 0.0618
v  0.0415 -0.5936 0.0636
v  0.0280 -0.5922 0.0570
v  0.0493 -0.5928 0.0634
v  0.0800 -0.5781 0.0231
v  0.0799 -0.5564 0.0305
v  0.0764 -0.5351 0.0460
v  0.0839 -0.5757 -0.0019
v  0.0337 -0.6101 0.0559
v  0.0274 -0.6081 0.0506
v  0.0267 0.3375 -0.3743
v  0.0190 0.3264 -0.3729
v  0.0166 0.3273 -0.3822
v  0.0245 0.3379 -0.3836
v  0.0265 0.3394 -0.3647
v  0.0185 0.3279 -0.3630
v  0.0345 0.3483 -0.3762
v  0.0345 0.3504 -0.3670
v  0.0323 0.3484 -0.3854
v  0.0110 0.3152 -0.3721
v  0.0090 0.3163 -0.3814
v  0.0101 0.3163 -0.3625
v  0.0037 0.3033 -0.3720
v  0.0018 0.3050 -0.3815
v  0.0025 0.3038 -0.3623
v  -0.0028 0.2906 -0.3726
v  -0.0042 0.2927 -0.3825
v  -0.0049 0.2909 -0.3625
v  -0.0094 0.2778 -0.3739
v  -0.0118 0.2776 -0.3634
v  -0.0164 0.2653 -0.3764
v  -0.0186 0.2641 -0.3654
v  -0.0232 0.2530 -0.3797
v  -0.0264 0.2516 -0.3690
v  -0.0296 0.2404 -0.3841
v  -0.0333 0.2384 -0.3732
v  -0.0358 0.2279 -0.3894
v  -0.0397 0.2247 -0.3783
v  0.0602 0.6154 -0.5106
v  0.0523 0.6226 -0.5116
v  0.0532 0.6241 -0.5067
v  0.0608 0.6168 -0.5056
v  0.0580 0.6129 -0.5147
v  0.0510 0.6210 -0.5163
v  0.0676 0.6071 -0.5093
v  0.0656 0.6048 -0.5138
v  0.0683 0.6089 -0.5041
v  0.0747 0.5984 -0.5073
v  0.0733 0.5963 -0.5123
v  0.0759 0.6008 -0.5019
v  0.0821 0.5896 -0.5051
v  0.0806 0.5872 -0.5101
v  0.0831 0.5920 -0.4996
v  0.0892 0.5802 -0.5023
v  0.0878 0.5777 -0.5074
v  0.0898 0.5826 -0.4968
v  0.0962 0.5705 -0.4991
v  0.0946 0.5676 -0.5045
v  0.0965 0.5731 -0.4934
v  0.1033 0.5606 -0.4953
v  0.1014 0.5573 -0.5009
v  0.1031 0.5634 -0.4893
v  0.1088 0.5501 -0.4901
v  0.1072 0.5465 -0.4958
v  0.1083 0.5533 -0.4841
v  0.1131 0.5394 -0.4840
v  0.1109 0.5356 -0.4893
v  0.1122 0.5429 -0.4779
v  0.1168 0.5285 -0.4772
v  0.1137 0.5246 -0.4818
v  0.1153 0.5325 -0.4710
v  0.1190 0.5179 -0.4690
v  0.1177 0.5136 -0.4745
v  0.1188 0.5223 -0.4632
v  0.1213 0.5072 -0.4608
v  0.1190 0.5028 -0.4662
v  0.1207 0.5119 -0.4549
v  0.1209 0.4965 -0.4521
v  0.1197 0.4920 -0.4576
v  0.1207 0.5014 -0.4463
v  0.1202 0.4859 -0.4431
v  0.1180 0.4818 -0.4485
v  0.1196 0.4911 -0.4373
v  0.1172 0.4806 -0.4282
v  0.1175 0.4756 -0.4339
v  0.1156 0.4715 -0.4395
v  0.1133 0.4700 -0.4195
v  0.1145 0.4651 -0.4249
v  0.1123 0.4612 -0.4308
v  0.1092 0.4592 -0.4111
v  0.1099 0.4545 -0.4167
v  0.1082 0.4508 -0.4229
v  0.1044 0.4485 -0.4031
v  0.1044 0.4441 -0.4092
v  0.1032 0.4404 -0.4157
v  0.0978 0.4382 -0.3960
v  0.0980 0.4338 -0.4025
v  0.0969 0.4304 -0.4092
v  0.0900 0.4277 -0.3904
v  0.0908 0.4236 -0.3965
v  0.0895 0.4208 -0.4031
v  0.0825 0.4174 -0.3845
v  0.0833 0.4132 -0.3909
v  0.0824 0.4103 -0.3978
v  0.0745 0.4068 -0.3793
v  0.0761 0.4024 -0.3855
v  0.0752 0.3998 -0.3929
v  0.0671 0.3959 -0.3737
v  0.0683 0.3917 -0.3806
v  0.0677 0.3891 -0.3884
v  0.0584 0.3857 -0.3690
v  0.0601 0.3813 -0.3763
v  0.0597 0.3786 -0.3846
v  0.0123 0.7666 -0.4251
v  0.0104 0.7624 -0.4286
v  0.0093 0.7635 -0.4293
v  0.0110 0.7674 -0.4256
v  0.0125 0.7652 -0.4237
v  0.0105 0.7613 -0.4272
v  0.0119 0.7686 -0.4220
v  0.0121 0.7682 -0.4209
v  0.0112 0.7695 -0.4219
v  0.0082 0.7579 -0.4322
v  0.0074 0.7592 -0.4332
v  0.0090 0.7567 -0.4310
v  0.0068 0.7535 -0.4364
v  0.0059 0.7549 -0.4374
v  0.0077 0.7521 -0.4352
v  0.0057 0.7490 -0.4411
v  0.0046 0.7505 -0.4421
v  0.0063 0.7475 -0.4396
v  0.0038 0.7442 -0.4454
v  0.0029 0.7457 -0.4465
v  0.0047 0.7427 -0.4440
v  0.0021 0.7394 -0.4500
v  0.0009 0.7410 -0.4511
v  0.0031 0.7378 -0.4487
v  0.0006 0.7348 -0.4551
v  -0.0007 0.7364 -0.4561
v  0.0012 0.7330 -0.4534
v  -0.0012 0.7299 -0.4599
v  -0.0022 0.7317 -0.4613
v  -0.0001 0.7280 -0.4583
v  -0.0020 0.7251 -0.4653
v  -0.0037 0.7268 -0.4665
v  -0.0021 0.7233 -0.4633
v  -0.0041 0.7199 -0.4702
v  -0.0052 0.7217 -0.4718
v  -0.0029 0.7180 -0.4684
v  -0.0041 0.7150 -0.4762
v  -0.0061 0.7163 -0.4770
v  -0.0038 0.7130 -0.4739
v  -0.0049 0.7096 -0.4814
v  -0.0060 0.7115 -0.4831
v  -0.0036 0.7076 -0.4792
v  -0.0037 0.7024 -0.4847
v  -0.0043 0.7044 -0.4870
v  -0.0065 0.7057 -0.4885
v  -0.0033 0.6967 -0.4894
v  -0.0047 0.6983 -0.4918
v  -0.0058 0.7000 -0.4940
v  -0.0016 0.6910 -0.4940
v  -0.0024 0.6926 -0.4967
v  -0.0038 0.6940 -0.4992
v  0.0006 0.6851 -0.4982
v  -0.0005 0.6861 -0.5010
v  -0.0015 0.6874 -0.5038
v  0.0033 0.6788 -0.5014
v  0.0035 0.6802 -0.5045
v  0.0019 0.6806 -0.5076
v  0.0079 0.6729 -0.5034
v  0.0074 0.6734 -0.5069
v  0.0062 0.6736 -0.5102
v  0.0131 0.6667 -0.5046
v  0.0127 0.6669 -0.5085
v  0.0119 0.6670 -0.5122
v  0.0187 0.6601 -0.5051
v  0.0188 0.6603 -0.5094
v  0.0183 0.6603 -0.5135
v  0.0253 0.6536 -0.5050
v  0.0259 0.6541 -0.5095
v  0.0246 0.6529 -0.5137
v  0.0318 0.6466 -0.5045
v  0.0326 0.6470 -0.5091
v  0.0314 0.6457 -0.5137
v  0.0384 0.6393 -0.5039
v  0.0395 0.6397 -0.5086
v  0.0382 0.6381 -0.5132
v  0.0455 0.6321 -0.5030
v  0.0465 0.6321 -0.5080
v  0.0453 0.6305 -0.5125
v  0.0530 0.6249 -0.5018
v  0.0604 0.6174 -0.5003
v  0.0673 0.6093 -0.4990
v  0.0739 0.6006 -0.4971
v  0.0813 0.5924 -0.4945
v  0.0880 0.5834 -0.4915
v  0.0946 0.5744 -0.4879
v  0.1011 0.5654 -0.4834
v  0.1064 0.5559 -0.4783
v  0.1102 0.5460 -0.4723
v  0.1135 0.5360 -0.4655
v  0.0123 0.7643 -0.4224
v  0.0107 0.7602 -0.4258
v  0.0120 0.7677 -0.4200
v  0.0094 0.7555 -0.4296
v  0.0078 0.7508 -0.4336
v  0.0063 0.7460 -0.4379
v  0.0047 0.7412 -0.4422
v  0.0029 0.7363 -0.4468
v  0.0014 0.7313 -0.4516
v  -0.0001 0.7262 -0.4564
v  -0.0022 0.7214 -0.4613
v  -0.0023 0.7161 -0.4665
v  -0.0041 0.7110 -0.4718
v  -0.0036 0.7055 -0.4770
v  -0.0044 0.7004 -0.4824
v  -0.0028 0.6950 -0.4870
v  -0.0018 0.6893 -0.4915
v  -0.0003 0.6833 -0.4956
v  0.0028 0.6773 -0.4984
v  0.0070 0.6714 -0.5003
v  0.0117 0.6652 -0.5015
v  0.0178 0.6593 -0.5012
v  0.0240 0.6528 -0.5007
v  0.0305 0.6460 -0.5000
v  0.0116 0.7637 -0.4213
v  0.0109 0.7593 -0.4246
v  0.0116 0.7673 -0.4191
v  0.0085 0.7549 -0.4283
v  0.0070 0.7499 -0.4320
v  0.0057 0.7449 -0.4361
v  0.0038 0.7401 -0.4406
v  0.0024 0.7349 -0.4451
v  0.0006 0.7299 -0.4497
v  -0.0011 0.7248 -0.4546
v  -0.0023 0.7196 -0.4595
v  0.0105 0.7635 -0.4206
v  0.0094 0.7591 -0.4234
v  0.0109 0.7670 -0.4184
v  0.0073 0.7546 -0.4270
v  0.0060 0.7492 -0.4305
v  0.0046 0.7440 -0.4345
v  0.0025 0.7392 -0.4391
v  0.0007 0.7343 -0.4437
v  0.0105 0.7692 -0.4181
v  0.0097 0.7692 -0.4179
v  0.0100 0.7670 -0.4177
v  0.0110 0.7694 -0.4184
v  0.0093 0.7637 -0.4201
v  0.0080 0.7592 -0.4227
v  0.0063 0.7541 -0.4255
v  0.0046 0.7489 -0.4292
v  0.0028 0.7438 -0.4334
v  0.0013 0.7385 -0.4374
v  -0.0008 0.7338 -0.4424
v  -0.0026 0.7285 -0.4467
v  -0.0009 0.7291 -0.4482
v  -0.0043 0.7231 -0.4515
v  -0.0021 0.7234 -0.4527
v  -0.0060 0.7181 -0.4567
v  -0.0037 0.7183 -0.4578
v  -0.0073 0.7125 -0.4617
v  -0.0049 0.7129 -0.4629
v  -0.0034 0.7143 -0.4646
v  -0.0083 0.7071 -0.4671
v  -0.0058 0.7076 -0.4681
v  -0.0044 0.7090 -0.4698
v  -0.0091 0.7018 -0.4726
v  -0.0064 0.7023 -0.4734
v  -0.0047 0.7037 -0.4750
v  -0.0093 0.6962 -0.4776
v  -0.0067 0.6970 -0.4786
v  -0.0051 0.6984 -0.4802
v  -0.0089 0.6906 -0.4827
v  -0.0061 0.6914 -0.4834
v  -0.0044 0.6931 -0.4851
v  -0.0079 0.6848 -0.4874
v  -0.0051 0.6857 -0.4878
v  -0.0032 0.6874 -0.4894
v  -0.0032 0.6800 -0.4918
v  -0.0014 0.6816 -0.4932
v  -0.0060 0.6787 -0.4912
v  -0.0004 0.6740 -0.4948
v  0.0020 0.6758 -0.4957
v  -0.0033 0.6724 -0.4944
v  0.0032 0.6678 -0.4970
v  0.0058 0.6698 -0.4976
v  0.0003 0.6659 -0.4968
v  0.0078 0.6615 -0.4970
v  0.0099 0.6634 -0.4988
v  0.0048 0.6594 -0.4975
v  0.0131 0.6551 -0.4965
v  0.0156 0.6574 -0.4985
v  0.0101 0.6527 -0.4972
v  0.0190 0.6486 -0.4953
v  0.0217 0.6509 -0.4977
v  0.0158 0.6458 -0.4958
v  0.0255 0.6417 -0.4947
v  0.0283 0.6442 -0.4968
v  0.0220 0.6387 -0.4945
v  0.0320 0.6344 -0.4946
v  0.0347 0.6369 -0.4966
v  0.0288 0.6315 -0.4940
v  0.0391 0.6273 -0.4932
v  0.0421 0.6302 -0.4948
v  0.0358 0.6243 -0.4943
v  0.0461 0.6199 -0.4926
v  0.0494 0.6229 -0.4934
v  0.0427 0.6168 -0.4934
v  0.0089 0.7692 -0.4177
v  0.0087 0.7671 -0.4182
v  0.0080 0.7640 -0.4200
v  0.0064 0.7595 -0.4220
v  0.0046 0.7544 -0.4248
v  0.0028 0.7493 -0.4286
v  0.0008 0.7440 -0.4324
v  -0.0008 0.7393 -0.4373
v  -0.0027 0.7343 -0.4419
v  -0.0048 0.7290 -0.4462
v  -0.0068 0.7236 -0.4510
v  -0.0085 0.7179 -0.4556
v  -0.0099 0.7125 -0.4609
v  -0.0111 0.7070 -0.4664
v  -0.0119 0.7019 -0.4724
v  -0.0122 0.6957 -0.4771
v  -0.0119 0.6900 -0.4822
v  -0.0107 0.6841 -0.4872
v  -0.0089 0.6777 -0.4911
v  -0.0063 0.6710 -0.4943
v  -0.0029 0.6640 -0.4964
v  0.0018 0.6574 -0.4980
v  0.0069 0.6503 -0.4978
v  0.0126 0.6431 -0.4971
v  0.0188 0.6358 -0.4962
v  0.0256 0.6287 -0.4962
v  0.0323 0.6212 -0.4954
v  0.0389 0.6137 -0.4942
v  0.0454 0.6060 -0.4930
v  0.0491 0.6092 -0.4913
v  0.0528 0.6124 -0.4905
v  0.0519 0.5983 -0.4921
v  0.0553 0.6012 -0.4891
v  0.0590 0.6040 -0.4904
v  0.0574 0.5901 -0.4901
v  0.0615 0.5933 -0.4893
v  0.0654 0.5963 -0.4891
v  0.0631 0.5820 -0.4878
v  0.0670 0.5852 -0.4853
v  0.0714 0.5883 -0.4849
v  0.0682 0.5735 -0.4850
v  0.0726 0.5768 -0.4825
v  0.0774 0.5803 -0.4814
v  0.0729 0.5649 -0.4818
v  0.0776 0.5682 -0.4792
v  0.0826 0.5712 -0.4786
v  0.0772 0.5563 -0.4778
v  0.0820 0.5597 -0.4752
v  0.0875 0.5625 -0.4751
v  0.0811 0.5478 -0.4733
v  0.0857 0.5513 -0.4704
v  0.0914 0.5539 -0.4701
v  0.0843 0.5396 -0.4680
v  0.0890 0.5430 -0.4651
v  0.0946 0.5454 -0.4646
v  0.0912 0.5351 -0.4586
v  0.0972 0.5369 -0.4581
v  0.0868 0.5316 -0.4620
v  0.0928 0.5270 -0.4517
v  0.0988 0.5290 -0.4505
v  0.0878 0.5239 -0.4550
v  0.0932 0.5190 -0.4442
v  0.0995 0.5206 -0.4427
v  0.0878 0.5162 -0.4475
v  0.0928 0.5105 -0.4367
v  0.0993 0.5116 -0.4350
v  0.0877 0.5077 -0.4406
v  0.0918 0.5020 -0.4288
v  0.0983 0.5022 -0.4276
v  0.0874 0.4988 -0.4337
v  0.0898 0.4926 -0.4219
v  0.0964 0.4926 -0.4200
v  0.0855 0.4902 -0.4266
v  0.0876 0.4830 -0.4149
v  0.0934 0.4838 -0.4114
v  0.0822 0.4819 -0.4194
v  0.0829 0.4745 -0.4071
v  0.0893 0.4740 -0.4040
v  0.0780 0.4731 -0.4127
v  0.0777 0.4653 -0.4005
v  0.0840 0.4644 -0.3968
v  0.0728 0.4644 -0.4064
v  0.0717 0.4559 -0.3947
v  0.0777 0.4546 -0.3908
v  0.0667 0.4557 -0.4006
v  0.0077 0.7675 -0.4186
v  0.0067 0.7645 -0.4200
v  0.0081 0.7691 -0.4179
v  0.0051 0.7603 -0.4223
v  0.0031 0.7553 -0.4251
v  0.0011 0.7500 -0.4286
v  -0.0007 0.7451 -0.4330
v  -0.0026 0.7402 -0.4374
v  0.0598 0.4472 -0.3954
v  0.0649 0.4464 -0.3898
v  0.0522 0.4385 -0.3905
v  0.0569 0.4376 -0.3846
v  0.0435 0.4303 -0.3854
v  0.0480 0.4292 -0.3791
v  0.0340 0.4220 -0.3803
v  0.0388 0.4207 -0.3737
v  0.0244 0.4131 -0.3756
v  0.0293 0.4115 -0.3688
v  0.0148 0.4030 -0.3717
v  0.0197 0.4016 -0.3645
v  0.0051 0.3927 -0.3678
v  0.0098 0.3912 -0.3603
v  -0.0049 0.3821 -0.3643
v  -0.0003 0.3803 -0.3564
v  -0.0142 0.3703 -0.3614
v  -0.0095 0.3682 -0.3538
v  -0.0230 0.3577 -0.3594
v  -0.0188 0.3557 -0.3518
v  -0.0319 0.3446 -0.3585
v  -0.0280 0.3426 -0.3510
v  -0.0409 0.3313 -0.3581
v  -0.0373 0.3291 -0.3506
v  -0.0504 0.3179 -0.3578
v  -0.0462 0.3152 -0.3504
v  -0.0593 0.3044 -0.3588
v  -0.0552 0.3013 -0.3508
v  -0.0677 0.2907 -0.3608
v  -0.0642 0.2874 -0.3523
v  -0.0755 0.2766 -0.3642
v  -0.0723 0.2729 -0.3555
v  -0.0832 0.2620 -0.3685
v  -0.0801 0.2580 -0.3598
v  -0.0910 0.2473 -0.3739
v  -0.0880 0.2426 -0.3647
v  -0.0993 0.2328 -0.3799
v  -0.0969 0.2275 -0.3699
v  0.0071 0.7681 -0.4192
v  0.0058 0.7653 -0.4206
v  0.0078 0.7697 -0.4183
v  0.0040 0.7612 -0.4227
v  0.0020 0.7563 -0.4258
v  -0.0004 0.7513 -0.4293
v  -0.0022 0.7463 -0.4335
v  -0.0044 0.7411 -0.4376
v  -0.1072 0.2186 -0.3874
v  -0.1146 0.2044 -0.3964
v  -0.1215 0.1900 -0.4064
v  -0.1288 0.1761 -0.4172
v  -0.1349 0.1626 -0.4296
v  -0.1398 0.1491 -0.4426
v  -0.1434 0.1349 -0.4544
v  -0.1458 0.1199 -0.4660
v  -0.1457 0.1028 -0.4778
v  -0.1441 0.0838 -0.4899
v  -0.1383 0.0648 -0.5011
v  -0.1291 0.0468 -0.5102
v  -0.1183 0.0301 -0.5159
v  -0.1079 0.0136 -0.5181
v  -0.0976 -0.0029 -0.5168
v  -0.0867 -0.0184 -0.5126
v  -0.0749 -0.0334 -0.5064
v  -0.0625 -0.0482 -0.4993
v  -0.0495 -0.0622 -0.4919
v  -0.0091 -0.5065 0.1564
v  -0.0094 -0.4844 0.1573
v  0.0077 0.7703 -0.4188
v  0.0068 0.7688 -0.4197
v  0.0087 0.7702 -0.4179
v  0.0086 0.7706 -0.4185
v  0.0076 0.7709 -0.4192
v  0.0065 0.7695 -0.4203
v  0.0086 0.7709 -0.4191
v  0.0094 0.7703 -0.4178
v  0.0093 0.7706 -0.4184
v  0.0101 0.7703 -0.4178
v  0.0101 0.7703 -0.4184
v  -0.1076 -0.5822 -0.0615
v  -0.0971 -0.6003 -0.0623
v  -0.1085 -0.6249 -0.0530
v  -0.1230 -0.5993 -0.0528
v  -0.1265 -0.5249 0.0667
v  -0.1415 -0.5204 0.0552
v  -0.1333 -0.5515 0.0510
v  -0.1278 -0.5011 0.0793
v  -0.1447 -0.4997 0.0668
v  -0.1077 -0.5282 0.0781
v  -0.1162 -0.5612 0.0581
v  0.0619 -0.1090 0.2576
v  0.0501 -0.1140 0.2705
v  0.0932 -0.2825 0.1930
v  0.0407 -0.4957 0.1277
v  0.0329 -0.5188 0.1286
v  0.0432 -0.5267 0.1050
v  0.0514 -0.5091 0.1009
v  0.0200 -0.4875 0.1497
v  0.0160 -0.5112 0.1490
v  0.0483 -0.4618 0.1220
v  0.0206 -0.4592 0.1513
v  0.0600 -0.4895 0.0911
v  0.0263 -0.5351 0.1260
v  0.0116 -0.5306 0.1476
v  0.0208 -0.5457 0.1208
v  0.0075 -0.5443 0.1402
v  0.0037 -0.5513 0.1275
v  -0.0672 -0.5277 -0.1306
v  -0.0500 -0.5128 -0.1457
v  -0.0485 -0.5368 -0.1501
v  -0.0642 -0.5473 -0.1356
v  -0.0743 -0.5022 -0.1256
v  -0.0581 -0.4832 -0.1462
v  -0.0274 -0.5274 -0.1582
v  -0.0030 -0.5223 -0.1580
v  -0.0055 -0.5406 -0.1521
v  -0.0256 -0.5434 -0.1518
v  -0.0269 -0.5018 -0.1560
v  -0.0001 -0.4960 -0.1585
v  -0.0423 -0.5501 -0.1450
v  -0.0558 -0.5584 -0.1327
v  -0.0652 -0.5674 -0.1143
v  0.0148 -0.5408 -0.1393
v  0.0079 -0.5504 -0.1300
v  0.0209 -0.5230 -0.1452
v  0.0378 -0.5269 -0.1178
v  0.0295 -0.5424 -0.1137
v  0.0229 -0.5517 -0.1083
v  0.0161 -0.5560 -0.1008
v  -0.0720 -0.5787 -0.0940
v  -0.0609 -0.5802 -0.0912
v  -0.0916 -0.5334 0.0877
v  -0.0831 -0.5424 0.0974
v  -0.0890 -0.5574 0.0843
v  -0.0968 -0.5576 0.0734
v  0.1761 -0.1978 -0.2933
v  0.1777 -0.1865 -0.2823
v  0.1700 -0.2072 -0.3043
v  0.1783 -0.1705 -0.2955
v  0.1649 -0.1492 -0.2757
v  0.1737 -0.1744 -0.2700
v  0.1798 -0.1848 -0.3103
v  -0.1518 -0.5156 0.0458
v  -0.1542 -0.4960 0.0576
v  -0.1511 -0.5775 0.0408
v  -0.1571 -0.5110 0.0378
v  -0.1592 -0.4915 0.0499
v  -0.1344 -0.4827 0.0867
v  -0.1409 -0.4697 0.0946
v  -0.1531 -0.4682 0.0877
v  -0.1496 -0.4823 0.0771
v  -0.1266 -0.4666 0.1066
v  -0.1575 -0.4783 0.0691
v  -0.0984 -0.3985 -0.0251
v  -0.0931 -0.3846 -0.0241
v  -0.1006 -0.3773 -0.0266
v  -0.1101 -0.3934 -0.0322
v  -0.0844 -0.4047 -0.0180
v  -0.0815 -0.3820 -0.0195
v  -0.0970 -0.4198 -0.0127
v  -0.0366 -0.3871 0.0036
v  -0.0361 -0.3882 0.0007
v  -0.0319 -0.3872 0.0022
v  -0.0323 -0.3867 0.0034
v  -0.0411 -0.3871 0.0039
v  -0.0407 -0.3884 -0.0007
v  -0.0361 -0.3892 0.0050
v  -0.0407 -0.3907 0.0055
v  -0.0320 -0.3876 0.0044
v  -0.0278 -0.3846 0.0032
v  -0.0276 -0.3857 0.0040
v  -0.0314 -0.3887 0.0033
v  -0.0357 -0.3908 0.0030
v  -0.0268 -0.3863 0.0033
v  -0.0400 -0.3932 0.0028
v  -0.0355 -0.3906 0.0007
v  -0.0400 -0.3921 -0.0007
v  -0.0314 -0.3883 0.0017
v  -0.0266 -0.3854 0.0023
v  -0.0526 -0.3945 0.0087
v  -0.0516 -0.3848 0.0078
v  -0.0463 -0.3866 0.0051
v  -0.0459 -0.3927 0.0071
v  -0.0610 -0.3977 0.0122
v  -0.0585 -0.3813 0.0075
v  -0.0516 -0.4002 0.0008
v  -0.0595 -0.4043 -0.0006
v  -0.0455 -0.3959 0.0020
v  -0.0452 -0.3941 -0.0028
v  -0.0514 -0.3962 -0.0057
v  -0.0269 -0.3847 0.0020
v  -0.0189 -0.3847 0.0032
v  0.0357 -0.4286 0.0125
v  0.0339 -0.4138 0.0248
v  -0.0688 -0.4005 -0.0142
v  -0.0691 -0.4100 -0.0040
v  -0.0589 -0.3981 -0.0095
v  -0.0798 -0.4177 -0.0065
v  -0.0690 -0.3808 -0.0098
v  -0.0591 -0.3855 -0.0063
v  -0.0717 -0.4087 0.0072
v  -0.0793 -0.4027 0.0144
v  -0.0706 -0.3909 0.0198
v  -0.0800 -0.4180 0.0038
v  -0.0875 -0.4129 0.0099
v  0.1604 -0.1662 -0.2439
v  0.1468 -0.1514 -0.2392
v  0.1355 -0.1587 -0.2255
v  0.1478 -0.1722 -0.2309
v  0.1685 -0.1673 -0.2568
v  0.1568 -0.1470 -0.2524
v  0.1348 -0.1795 -0.2142
v  0.1234 -0.1658 -0.2098
v  -0.0920 -0.4255 -0.0054
v  -0.0910 -0.4271 0.0030
v  -0.0960 -0.4229 0.0068
v  -0.1255 -0.4614 0.0021
v  -0.1133 -0.4495 0.0003
v  -0.1145 -0.4474 -0.0044
v  -0.1245 -0.4621 -0.0045
v  -0.1303 -0.4551 0.0065
v  -0.1178 -0.4442 0.0046
v  -0.1360 -0.4751 0.0050
v  -0.1417 -0.4648 0.0114
v  -0.1334 -0.4786 -0.0034
v  -0.1175 -0.4441 -0.0097
v  -0.1069 -0.4317 -0.0106
v  -0.1034 -0.4352 -0.0045
v  -0.1282 -0.4580 -0.0106
v  -0.1342 -0.4476 -0.0157
v  -0.1356 -0.4437 0.0117
v  -0.1233 -0.4361 0.0090
v  -0.1469 -0.4499 0.0178
v  -0.1021 -0.4369 0.0007
v  -0.1059 -0.4333 0.0053
v  -0.1552 -0.4547 0.0268
v  -0.1574 -0.4363 0.0344
v  -0.1497 -0.4328 0.0252
v  -0.1511 -0.4723 0.0191
v  -0.1395 -0.4292 0.0188
v  -0.1493 -0.4163 0.0329
v  -0.1398 -0.4145 0.0259
v  -0.1568 -0.4193 0.0421
v  -0.1451 -0.4020 0.0404
v  -0.1357 -0.4014 0.0328
v  -0.1531 -0.4047 0.0499
v  -0.1385 -0.3916 0.0476
v  -0.1290 -0.3910 0.0400
v  -0.1246 -0.4022 0.0267
v  -0.1283 -0.4137 0.0209
v  -0.1185 -0.3918 0.0333
v  0.0133 -0.7140 0.0394
v  0.0058 -0.7323 0.0368
v  0.0157 -0.7371 0.0327
v  0.0231 -0.7184 0.0349
v  -0.0008 -0.7075 0.0391
v  -0.0086 -0.7251 0.0373
v  0.0319 -0.6960 0.0378
v  0.0308 -0.7215 0.0282
v  0.0391 -0.6982 0.0313
v  0.0236 -0.7406 0.0258
v  0.0367 -0.7235 0.0193
v  0.0445 -0.6992 0.0222
v  0.0294 -0.7429 0.0168
v  0.0083 -0.7527 0.0296
v  0.0161 -0.7558 0.0227
v  -0.0016 -0.7475 0.0338
v  0.0218 -0.7580 0.0141
v  0.0246 -0.7593 0.0049
v  0.0327 -0.7446 0.0067
v  0.0401 -0.7247 0.0085
v  0.0251 -0.7602 -0.0041
v  0.0326 -0.7455 -0.0038
v  0.0405 -0.7256 -0.0036
v  0.0308 -0.7467 -0.0141
v  0.0385 -0.7267 -0.0153
v  0.0223 -0.7600 -0.0128
v  0.0247 -0.7468 -0.0236
v  0.0332 -0.7275 -0.0259
v  0.0174 -0.7599 -0.0213
v  0.0080 -0.7678 0.0187
v  0.0139 -0.7703 0.0113
v  0.0004 -0.7649 0.0254
v  0.0163 -0.7708 0.0032
v  0.0169 -0.7707 -0.0046
v  0.0152 -0.7698 -0.0120
v  0.0112 -0.7688 -0.0190
v  0.0037 -0.7684 -0.0246
v  -0.0066 -0.7682 -0.0283
v  0.0055 -0.7791 0.0083
v  0.0077 -0.7793 0.0009
v  0.0004 -0.7772 0.0153
v  0.0082 -0.7784 -0.0058
v  0.0076 -0.7766 -0.0121
v  0.0069 -0.7747 -0.0175
v  -0.0030 -0.7841 0.0046
v  -0.0013 -0.7850 -0.0016
v  -0.0005 -0.7842 -0.0081
v  -0.0006 -0.7810 -0.0143
v  -0.1451 -0.4611 0.1017
v  -0.1532 -0.4568 0.0996
v  -0.1598 -0.4509 0.0956
v  -0.1601 -0.4637 0.0814
v  -0.1644 -0.4580 0.0748
v  -0.1625 -0.4736 0.0619
v  -0.0519 -0.3876 -0.0040
v  -0.0699 -0.3743 0.0093
v  -0.1312 -0.3894 -0.1111
v  -0.1280 -0.3993 -0.1247
v  -0.1209 -0.4125 -0.1342
v  -0.1135 -0.4284 -0.1398
v  -0.1293 -0.4348 -0.1336
v  -0.1084 -0.4472 -0.1349
v  -0.1236 -0.4457 -0.1312
v  0.0706 -0.5666 -0.0546
v  0.0795 -0.5795 -0.0276
v  0.0719 -0.5860 -0.0469
v  0.0630 -0.5916 -0.0587
v  0.0612 -0.5741 -0.0649
v  0.0568 -0.5561 -0.0743
v  0.0542 -0.5950 -0.0635
v  0.0526 -0.5790 -0.0695
v  0.0487 -0.5641 -0.0777
v  0.0761 -0.6014 -0.0242
v  0.0702 -0.6054 -0.0418
v  0.0622 -0.6094 -0.0530
v  0.0537 -0.6121 -0.0582
v  -0.1247 -0.6386 -0.0489
v  -0.1383 -0.6150 -0.0482
v  -0.1338 -0.6460 -0.0422
v  -0.1487 -0.6254 -0.0407
v  -0.1597 -0.6088 -0.0389
v  0.0479 -0.3587 -0.0804
v  0.0531 -0.3483 -0.0892
v  -0.0872 -0.3692 -0.0160
v  -0.0719 -0.3640 -0.0065
v  -0.0728 -0.3524 -0.0151
v  -0.1822 -0.5628 -0.0197
v  -0.0145 -0.7796 0.0158
v  -0.0243 -0.7717 0.0182
v  -0.0290 -0.7731 0.0097
v  -0.0195 -0.7816 0.0087
v  -0.0074 -0.7739 0.0211
v  -0.0172 -0.7669 0.0244
v  -0.0067 -0.7827 0.0110
v  -0.0126 -0.7857 0.0074
v  -0.0093 -0.7592 0.0296
v  -0.0152 -0.7389 0.0342
v  -0.0220 -0.7485 0.0302
v  -0.0291 -0.7545 0.0253
v  -0.0353 -0.7573 0.0183
v  -0.0240 -0.6975 0.0354
v  -0.0321 -0.7133 0.0361
v  -0.0372 -0.7240 0.0343
v  -0.0421 -0.7308 0.0311
v  -0.0479 -0.7348 0.0267
v  -0.0534 -0.7366 0.0203
v  -0.0542 -0.6788 0.0367
v  -0.0648 -0.6904 0.0398
v  -0.0367 -0.6611 0.0337
v  -0.0701 -0.6986 0.0401
v  -0.0745 -0.7036 0.0363
v  -0.0793 -0.7068 0.0315
v  -0.0908 -0.6570 0.0451
v  -0.1025 -0.6623 0.0453
v  -0.0736 -0.6520 0.0427
v  -0.1107 -0.6692 0.0424
v  -0.1150 -0.6739 0.0355
v  -0.1191 -0.6230 0.0486
v  -0.1338 -0.6367 0.0424
v  -0.0982 -0.6266 0.0497
v  -0.1114 -0.5836 0.0558
v  -0.1327 -0.6014 0.0461
v  -0.1045 -0.5978 0.0564
v  -0.1409 -0.5877 0.0435
v  -0.0957 -0.5746 0.0704
v  -0.0918 -0.5856 0.0716
v  -0.1580 -0.6046 0.0374
v  -0.1484 -0.6167 0.0398
v  -0.1651 -0.5947 0.0350
v  -0.0037 -0.6166 0.0341
v  0.0068 -0.6213 0.0349
v  0.0142 -0.6034 0.0409
v  -0.0133 -0.6091 0.0359
v  -0.0309 -0.6268 0.0356
v  -0.0186 -0.6383 0.0322
v  -0.0523 -0.6424 0.0392
v  -0.0205 -0.6000 0.0403
v  -0.0381 -0.6138 0.0422
v  -0.0250 -0.5905 0.0485
v  -0.0414 -0.6010 0.0520
v  -0.1550 -0.6252 0.0313
v  -0.1656 -0.6125 0.0290
v  -0.1702 -0.6173 0.0207
v  -0.1585 -0.6310 0.0222
v  -0.1399 -0.6446 0.0341
v  -0.1425 -0.6501 0.0246
v  -0.1723 -0.6201 0.0108
v  -0.1600 -0.6348 0.0119
v  -0.1436 -0.6541 0.0136
v  -0.1597 -0.6366 0.0003
v  -0.1435 -0.6563 0.0012
v  -0.1733 -0.6015 0.0274
v  -0.1784 -0.6040 0.0194
v  -0.1818 -0.6055 0.0104
v  -0.0584 -0.6082 0.0567
v  -0.0575 -0.6243 0.0469
v  -0.0782 -0.6279 0.0489
v  -0.0754 -0.6100 0.0591
v  -0.0915 -0.6060 0.0583
v  0.0964 -0.2974 -0.1567
v  0.1017 -0.2862 -0.1683
v  0.0987 -0.2743 -0.1600
v  0.0934 -0.2851 -0.1477
v  0.0951 -0.3066 -0.1662
v  0.0997 -0.2949 -0.1774
v  0.0903 -0.3081 -0.1455
v  0.0887 -0.3177 -0.1553
v  0.0873 -0.2949 -0.1361
v  0.0793 -0.3169 -0.1379
v  0.0779 -0.3260 -0.1468
v  0.0765 -0.3048 -0.1288
v  0.0865 -0.2688 -0.1388
v  0.0810 -0.2780 -0.1264
v  0.0921 -0.2589 -0.1515
v  0.0700 -0.2886 -0.1191
v  0.0762 -0.2511 -0.1309
v  0.0720 -0.2595 -0.1175
v  0.0827 -0.2419 -0.1441
v  0.0608 -0.2714 -0.1103
v  0.0514 -0.2841 -0.1008
v  0.0618 -0.3008 -0.1090
v  0.0699 -0.3164 -0.1185
v  0.0951 -0.2308 -0.1521
v  0.1040 -0.2480 -0.1593
v  0.0657 -0.2353 -0.1250
v  0.0613 -0.2434 -0.1097
v  0.0509 -0.2562 -0.1031
v  0.0412 -0.2697 -0.0946
v  0.0479 -0.2937 -0.0865
v  0.0589 -0.3113 -0.0958
v  0.0370 -0.2781 -0.0798
v  0.0552 -0.2224 -0.1224
v  0.0509 -0.2290 -0.1053
v  -0.1280 -0.3651 -0.1026
v  0.1115 -0.2763 -0.1780
v  0.0950 -0.3023 -0.1871
v  0.0888 -0.3136 -0.1762
v  0.0817 -0.3242 -0.1659
v  0.1096 -0.2639 -0.1686
v  -0.1825 -0.5574 0.0030
v  -0.1833 -0.5599 -0.0086
v  0.0094 0.7708 -0.4221
v  0.0087 0.7693 -0.4260
v  0.0072 0.7695 -0.4256
v  0.0084 0.7712 -0.4220
v  0.0104 0.7704 -0.4220
v  0.0098 0.7683 -0.4258
v  0.0094 0.7706 -0.4200
v  0.0102 0.7703 -0.4199
v  0.0086 0.7709 -0.4200
v  0.0101 0.7703 -0.4190
v  0.0093 0.7706 -0.4190
v  0.0111 0.7697 -0.4191
v  0.0112 0.7699 -0.4200
v  -0.0250 -0.4352 0.1598
v  -0.0160 -0.4608 0.1595
v  0.0140 -0.4286 0.1517
v  -0.0278 -0.4130 0.1605
v  -0.0674 -0.4156 0.1569
v  0.0083 -0.4058 0.1523
v  -0.0019 0.7760 0.4219
v  -0.0013 0.7765 0.4227
v  -0.0022 0.7723 0.4256
v  -0.0029 0.7716 0.4245
v  -0.0017 0.7793 0.4202
v  -0.0010 0.7798 0.4206
v  -0.0029 0.7757 0.4214
v  -0.0025 0.7790 0.4201
v  -0.0041 0.7714 0.4236
v  -0.0031 0.7672 0.4288
v  -0.0042 0.7666 0.4276
v  -0.0055 0.7663 0.4264
v  -0.0054 0.7625 0.4327
v  -0.0060 0.7617 0.4314
v  -0.0075 0.7615 0.4305
v  -0.0069 0.7576 0.4369
v  -0.0075 0.7566 0.4355
v  -0.0093 0.7564 0.4346
v  -0.0097 0.7519 0.4399
v  -0.0111 0.7513 0.4388
v  -0.0085 0.7527 0.4412
v  -0.0114 0.7469 0.4444
v  -0.0131 0.7468 0.4434
v  -0.0108 0.7481 0.4456
v  -0.0134 0.7421 0.4488
v  -0.0149 0.7414 0.4475
v  -0.0121 0.7431 0.4501
v  -0.0143 0.7366 0.4530
v  -0.0162 0.7360 0.4518
v  -0.0134 0.7381 0.4548
v  -0.0155 0.7314 0.4580
v  -0.0174 0.7305 0.4567
v  -0.0146 0.7330 0.4598
v  -0.0165 0.7263 0.4633
v  -0.0187 0.7256 0.4622
v  -0.0158 0.7280 0.4650
v  -0.0180 0.7214 0.4686
v  -0.0198 0.7204 0.4675
v  -0.0173 0.7232 0.4703
v  -0.0184 0.7164 0.4740
v  -0.0204 0.7153 0.4728
v  -0.0168 0.7179 0.4754
v  -0.0181 0.7109 0.4788
v  -0.0202 0.7097 0.4778
v  -0.0171 0.7126 0.4806
v  -0.0179 0.7054 0.4838
v  -0.0200 0.7046 0.4833
v  -0.0172 0.7072 0.4857
v  -0.0166 0.6996 0.4881
v  -0.0189 0.6984 0.4872
v  -0.0156 0.7014 0.4900
v  -0.0153 0.6940 0.4926
v  -0.0175 0.6925 0.4914
v  -0.0138 0.6956 0.4940
v  -0.0123 0.6879 0.4952
v  -0.0145 0.6862 0.4940
v  -0.0104 0.6898 0.4968
v  -0.0088 0.6817 0.4976
v  -0.0110 0.6798 0.4959
v  -0.0067 0.6837 0.4991
v  -0.0041 0.6754 0.4984
v  -0.0065 0.6733 0.4970
v  -0.0018 0.6776 0.5001
v  0.0014 0.6690 0.4985
v  -0.0011 0.6668 0.4967
v  0.0038 0.6712 0.5005
v  0.0075 0.6624 0.4981
v  0.0049 0.6602 0.4960
v  0.0099 0.6647 0.5000
v  0.0138 0.6555 0.4974
v  0.0110 0.6530 0.4954
v  0.0163 0.6577 0.4996
v  0.0231 0.6507 0.4992
v  0.0204 0.6485 0.4966
v  0.0300 0.6435 0.4985
v  0.0274 0.6414 0.4951
v  0.0371 0.6360 0.4976
v  0.0346 0.6340 0.4938
v  0.0445 0.6285 0.4962
v  0.0420 0.6266 0.4925
v  0.0519 0.6208 0.4947
v  0.0494 0.6193 0.4911
v  0.0594 0.6131 0.4926
v  0.0558 0.6107 0.4903
v  0.0658 0.6042 0.4908
v  0.0625 0.6026 0.4874
v  0.0722 0.5953 0.4877
v  0.0689 0.5944 0.4841
v  0.0785 0.5863 0.4840
v  0.0746 0.5854 0.4804
v  0.0843 0.5774 0.4796
v  0.0798 0.5764 0.4765
v  0.0890 0.5682 0.4747
v  0.0840 0.5675 0.4716
v  0.0925 0.5586 0.4692
v  0.0873 0.5587 0.4660
v  0.0952 0.5489 0.4627
v  0.0903 0.5500 0.4593
v  0.0976 0.5399 0.4546
v  0.0920 0.5411 0.4519
v  0.0990 0.5305 0.4464
v  0.0930 0.5321 0.4438
v  0.0991 0.5206 0.4380
v  0.0930 0.5223 0.4361
v  0.0982 0.5106 0.4293
v  0.0919 0.5126 0.4279
v  0.0961 0.5004 0.4205
v  0.0900 0.5029 0.4192
v  0.0927 0.4897 0.4123
v  0.0870 0.4930 0.4106
v  0.0882 0.4794 0.4039
v  0.0826 0.4829 0.4026
v  0.0825 0.4690 0.3963
v  0.0767 0.4728 0.3955
v  0.0758 0.4587 0.3897
v  0.0697 0.4626 0.3895
v  0.0681 0.4486 0.3836
v  0.0622 0.4525 0.3839
v  0.0601 0.4382 0.3780
v  0.0542 0.4426 0.3783
v  0.0518 0.4282 0.3719
v  0.0457 0.4332 0.3722
v  0.0432 0.4180 0.3665
v  0.0368 0.4236 0.3665
v  0.0343 0.4080 0.3611
v  0.0275 0.4137 0.3614
v  0.0253 0.3974 0.3561
v  0.0180 0.4033 0.3569
v  0.0155 0.3867 0.3521
v  0.0081 0.3926 0.3522
v  0.0060 0.3752 0.3485
v  -0.0018 0.3812 0.3488
v  -0.0033 0.3631 0.3461
v  -0.0115 0.3692 0.3459
v  -0.0125 0.3505 0.3451
v  -0.0209 0.3565 0.3446
v  -0.0216 0.3375 0.3448
v  -0.0300 0.3432 0.3445
v  -0.0306 0.3241 0.3444
v  -0.0392 0.3297 0.3442
v  -0.0397 0.3105 0.3445
v  -0.0484 0.3159 0.3438
v  -0.0485 0.2964 0.3440
v  -0.0576 0.3017 0.3435
v  -0.0573 0.2821 0.3454
v  -0.0666 0.2872 0.3449
v  -0.0660 0.2677 0.3494
v  -0.0744 0.2527 0.3544
v  -0.0823 0.2365 0.3578
v  -0.0900 0.2200 0.3620
v  -0.0971 0.2039 0.3688
v  -0.1033 0.1888 0.3783
v  -0.1096 0.1728 0.3868
v  -0.1153 0.1557 0.3945
v  -0.1187 0.1421 0.4076
v  -0.1218 0.1266 0.4167
v  -0.1250 0.1121 0.4272
v  -0.1267 0.1019 0.4404
v  -0.1262 0.0904 0.4501
v  -0.1239 0.0786 0.4590
v  -0.1194 0.0670 0.4658
v  -0.1137 0.0557 0.4698
v  -0.1071 0.0460 0.4720
v  -0.1001 0.0368 0.4709
v  -0.0936 0.0270 0.4648
v  -0.0857 0.0150 0.4579
v  -0.0744 0.0034 0.4550
v  -0.0649 -0.0073 0.4458
v  -0.0509 -0.0179 0.4403
v  -0.0381 -0.0267 0.4343
v  -0.0276 -0.0347 0.4242
v  -0.0160 -0.0429 0.4151
v  -0.0056 -0.0501 0.4057
v  0.0007 -0.0561 0.3925
v  0.0126 -0.0641 0.3842
v  0.0220 -0.0717 0.3742
v  0.0279 -0.0791 0.3607
v  0.0376 -0.0872 0.3514
v  0.0441 -0.0936 0.3427
v  0.0460 -0.0984 0.3323
v  0.0461 -0.1036 0.3206
v  0.0479 -0.1113 0.3094
v  0.0424 -0.1163 0.2965
v  0.0391 -0.4223 0.1317
v  0.0435 -0.6518 -0.0489
v  0.0498 -0.6306 -0.0527
v  0.0582 -0.6285 -0.0475
v  0.0522 -0.6500 -0.0436
v  0.0342 -0.6518 -0.0509
v  0.0415 -0.6314 -0.0549
v  0.0335 -0.6770 -0.0460
v  0.0205 -0.6747 -0.0465
v  0.0442 -0.6751 -0.0402
v  0.0338 -0.7029 -0.0372
v  0.0193 -0.7047 -0.0436
v  -0.0064 -0.6986 -0.0414
v  0.1617 -0.2026 -0.3337
v  0.1594 -0.2151 -0.3151
v  0.1581 -0.2282 -0.2979
v  0.1551 -0.1362 -0.4072
v  0.1654 -0.1510 -0.3875
v  0.1704 -0.1653 -0.3641
v  0.1759 -0.1808 -0.3426
v  0.1739 -0.1946 -0.3227
v  0.1103 -0.0721 -0.4651
v  0.1255 -0.0830 -0.4512
v  0.1424 -0.0953 -0.4368
v  0.1520 -0.1097 -0.4173
v  0.1643 -0.1239 -0.3983
v  0.1743 -0.1392 -0.3770
v  0.1785 -0.1545 -0.3525
v  0.1853 -0.1706 -0.3303
v  0.0569 -0.0183 -0.4982
v  0.0714 -0.0284 -0.4880
v  0.0858 -0.0384 -0.4772
v  0.1002 -0.0482 -0.4662
v  0.1143 -0.0589 -0.4543
v  0.1292 -0.0707 -0.4407
v  0.1455 -0.0830 -0.4253
v  0.1545 -0.0984 -0.4057
v  0.1672 -0.1118 -0.3863
v  0.0157 0.0216 -0.5102
v  0.0294 0.0107 -0.5029
v  0.0428 0.0001 -0.4945
v  0.0571 -0.0091 -0.4850
v  0.0710 -0.0190 -0.4745
v  -0.0354 0.0661 -0.5095
v  -0.0253 0.0563 -0.5071
v  -0.0139 0.0460 -0.5035
v  -0.0606 0.0989 -0.4836
v  -0.0404 -0.4405 -0.1621
v  -0.0472 -0.4183 -0.1632
v  -0.0099 -0.4159 -0.1612
v  -0.0052 -0.4354 -0.1606
v  -0.0777 -0.4519 -0.1463
v  -0.0877 -0.4189 -0.1509
v  -0.0313 -0.4706 -0.1597
v  -0.0005 -0.4640 -0.1613
v  0.0191 -0.4126 -0.1514
v  0.0226 -0.4331 -0.1504
v  0.0262 -0.4628 -0.1507
v  0.0367 -0.4095 -0.1360
v  0.0407 -0.4312 -0.1343
v  0.0454 -0.4613 -0.1303
v  0.0255 -0.4957 -0.1470
v  0.0506 -0.4260 -0.1152
v  0.0566 -0.4526 -0.1073
v  0.0461 -0.4050 -0.1192
v  0.0225 -0.5909 0.0515
v  0.0212 -0.6059 0.0451
v  0.0154 -0.6238 0.0393
v  -0.0407 -0.3513 -0.0103
v  -0.0393 -0.3390 -0.0174
v  -0.0558 -0.3371 -0.0197
v  -0.0569 -0.3503 -0.0117
v  -0.0240 -0.3569 -0.0109
v  -0.0219 -0.3441 -0.0179
v  -0.0417 -0.3568 -0.0013
v  -0.0580 -0.3566 -0.0017
v  0.0738 -0.5005 0.0527
v  0.0689 -0.5127 0.0665
v  0.0713 -0.4847 0.0371
v  0.0661 -0.4573 0.0579
v  0.0671 -0.4731 0.0755
v  -0.0064 0.7764 0.4210
v  -0.0086 0.7721 0.4227
v  -0.0100 0.7730 0.4234
v  -0.0074 0.7771 0.4215
v  -0.0052 0.7759 0.4211
v  -0.0070 0.7715 0.4224
v  -0.0047 0.7791 0.4201
v  -0.0042 0.7784 0.4201
v  -0.0055 0.7797 0.4204
v  -0.0108 0.7738 0.4246
v  -0.0082 0.7778 0.4222
v  -0.0062 0.7803 0.4206
v  -0.0112 0.7747 0.4261
v  -0.0085 0.7785 0.4232
v  -0.0066 0.7810 0.4211
v  -0.0109 0.7754 0.4276
v  -0.0082 0.7789 0.4244
v  -0.0066 0.7816 0.4220
v  -0.0105 0.7762 0.4290
v  -0.0079 0.7795 0.4255
v  -0.0065 0.7823 0.4228
v  -0.0089 0.7762 0.4301
v  -0.0070 0.7798 0.4264
v  -0.0063 0.7825 0.4240
v  -0.0105 0.7672 0.4259
v  -0.0121 0.7681 0.4267
v  -0.0088 0.7668 0.4258
v  -0.0126 0.7691 0.4282
v  -0.0131 0.7701 0.4297
v  -0.0128 0.7710 0.4314
v  -0.0120 0.7717 0.4330
v  -0.0109 0.7726 0.4345
v  -0.0125 0.7623 0.4298
v  -0.0141 0.7633 0.4307
v  -0.0109 0.7614 0.4292
v  -0.0145 0.7643 0.4322
v  -0.0149 0.7654 0.4339
v  -0.0147 0.7664 0.4355
v  -0.0138 0.7672 0.4372
v  -0.0127 0.7680 0.4386
v  -0.0145 0.7574 0.4341
v  -0.0161 0.7584 0.4348
v  -0.0128 0.7567 0.4337
v  -0.0168 0.7596 0.4364
v  -0.0174 0.7608 0.4379
v  -0.0167 0.7617 0.4398
v  -0.0159 0.7626 0.4414
v  -0.0146 0.7633 0.4427
v  -0.0167 0.7524 0.4381
v  -0.0179 0.7535 0.4392
v  -0.0148 0.7520 0.4381
v  -0.0186 0.7547 0.4408
v  -0.0190 0.7560 0.4424
v  -0.0185 0.7570 0.4441
v  -0.0180 0.7580 0.4459
v  -0.0164 0.7586 0.4470
v  -0.0186 0.7478 0.4429
v  -0.0201 0.7486 0.4436
v  -0.0167 0.7476 0.4429
v  -0.0203 0.7499 0.4453
v  -0.0204 0.7511 0.4470
v  -0.0206 0.7523 0.4487
v  -0.0197 0.7531 0.4502
v  -0.0180 0.7536 0.4514
v  -0.0207 0.7425 0.4471
v  -0.0223 0.7436 0.4481
v  -0.0189 0.7417 0.4465
v  -0.0232 0.7450 0.4498
v  -0.0234 0.7465 0.4516
v  -0.0229 0.7477 0.4536
v  -0.0220 0.7489 0.4554
v  -0.0201 0.7494 0.4564
v  -0.0223 0.7372 0.4519
v  -0.0240 0.7385 0.4532
v  -0.0206 0.7359 0.4507
v  -0.0252 0.7399 0.4547
v  -0.0249 0.7413 0.4567
v  -0.0247 0.7428 0.4587
v  -0.0238 0.7441 0.4605
v  -0.0217 0.7446 0.4614
v  -0.0240 0.7318 0.4569
v  -0.0253 0.7332 0.4584
v  -0.0220 0.7307 0.4559
v  -0.0267 0.7346 0.4600
v  -0.0267 0.7362 0.4620
v  -0.0265 0.7376 0.4638
v  -0.0250 0.7388 0.4656
v  -0.0231 0.7398 0.4667
v  -0.0250 0.7265 0.4624
v  -0.0264 0.7280 0.4640
v  -0.0232 0.7253 0.4612
v  -0.0278 0.7294 0.4656
v  -0.0278 0.7307 0.4673
v  -0.0267 0.7319 0.4693
v  -0.0256 0.7333 0.4709
v  -0.0245 0.7348 0.4722
v  -0.0263 0.7211 0.4678
v  -0.0279 0.7224 0.4693
v  -0.0245 0.7199 0.4666
v  -0.0293 0.7240 0.4711
v  -0.0297 0.7257 0.4732
v  -0.0291 0.7274 0.4753
v  -0.0281 0.7290 0.4771
v  -0.0271 0.7307 0.4786
v  -0.0271 0.7158 0.4735
v  -0.0294 0.7165 0.4744
v  -0.0248 0.7150 0.4725
v  -0.0302 0.7183 0.4768
v  -0.0306 0.7201 0.4791
v  -0.0304 0.7219 0.4814
v  -0.0289 0.7234 0.4832
v  -0.0275 0.7251 0.4846
v  -0.0278 0.7095 0.4784
v  -0.0296 0.7106 0.4801
v  -0.0253 0.7090 0.4775
v  -0.0303 0.7123 0.4826
v  -0.0310 0.7141 0.4850
v  -0.0310 0.7158 0.4874
v  -0.0292 0.7172 0.4891
v  -0.0274 0.7189 0.4905
v  -0.0278 0.7032 0.4834
v  -0.0296 0.7042 0.4856
v  -0.0252 0.7037 0.4833
v  -0.0306 0.7058 0.4882
v  -0.0315 0.7074 0.4909
v  -0.0309 0.7089 0.4933
v  -0.0290 0.7103 0.4950
v  -0.0271 0.7121 0.4965
v  -0.0270 0.6968 0.4885
v  -0.0291 0.6974 0.4906
v  -0.0242 0.6971 0.4873
v  -0.0302 0.6987 0.4935
v  -0.0317 0.6999 0.4963
v  -0.0308 0.7015 0.4991
v  -0.0293 0.7033 0.5015
v  -0.0267 0.7052 0.5030
v  -0.0254 0.6900 0.4928
v  -0.0279 0.6899 0.4948
v  -0.0225 0.6905 0.4915
v  -0.0296 0.6907 0.4978
v  -0.0305 0.6918 0.5013
v  -0.0293 0.6934 0.5044
v  -0.0276 0.6952 0.5069
v  -0.0229 0.6826 0.4959
v  -0.0251 0.6824 0.4987
v  -0.0200 0.6836 0.4945
v  -0.0271 0.6824 0.5018
v  -0.0266 0.6837 0.5052
v  -0.0260 0.6849 0.5087
v  -0.0242 0.6869 0.5114
v  -0.0193 0.6751 0.4984
v  -0.0214 0.6744 0.5014
v  -0.0164 0.6765 0.4967
v  -0.0234 0.6740 0.5049
v  -0.0225 0.6751 0.5084
v  -0.0215 0.6763 0.5120
v  -0.0197 0.6783 0.5149
v  -0.0148 0.6675 0.4999
v  -0.0169 0.6663 0.5031
v  -0.0121 0.6693 0.4979
v  -0.0182 0.6658 0.5068
v  -0.0179 0.6663 0.5109
v  -0.0169 0.6674 0.5146
v  -0.0140 0.6698 0.5168
v  -0.0096 0.6599 0.5007
v  -0.0118 0.6583 0.5040
v  -0.0071 0.6619 0.4981
v  -0.0125 0.6577 0.5081
v  -0.0122 0.6579 0.5123
v  -0.0108 0.6591 0.5160
v  -0.0080 0.6615 0.5183
v  -0.0039 0.6523 0.5008
v  -0.0060 0.6503 0.5043
v  -0.0016 0.6545 0.4977
v  -0.0062 0.6498 0.5087
v  -0.0065 0.6493 0.5130
v  -0.0042 0.6509 0.5167
v  -0.0018 0.6532 0.5195
v  0.0022 0.6446 0.5002
v  0.0006 0.6427 0.5042
v  0.0047 0.6472 0.4972
v  -0.0004 0.6414 0.5086
v  0.0005 0.6415 0.5130
v  0.0026 0.6429 0.5168
v  0.0045 0.6447 0.5205
v  0.0086 0.6369 0.4993
v  0.0071 0.6348 0.5037
v  0.0112 0.6398 0.4965
v  0.0062 0.6332 0.5083
v  0.0069 0.6331 0.5130
v  0.0087 0.6342 0.5173
v  0.0117 0.6369 0.5199
v  0.0157 0.6294 0.4990
v  0.0134 0.6267 0.5027
v  0.0179 0.6321 0.4952
v  0.0131 0.6255 0.5077
v  0.0137 0.6250 0.5128
v  0.0156 0.6260 0.5171
v  0.0184 0.6285 0.5199
v  0.0218 0.6212 0.4975
v  0.0205 0.6190 0.5023
v  0.0247 0.6244 0.4945
v  0.0197 0.6173 0.5072
v  0.0200 0.6166 0.5122
v  0.0227 0.6180 0.5161
v  0.0253 0.6201 0.5198
v  0.0286 0.6134 0.4968
v  0.0269 0.6109 0.5013
v  0.0317 0.6168 0.4939
v  0.0256 0.6086 0.5063
v  0.0273 0.6088 0.5110
v  0.0290 0.6091 0.5160
v  0.0324 0.6120 0.5184
v  0.0351 0.6057 0.4955
v  0.0332 0.6028 0.5000
v  0.0383 0.6092 0.4927
v  0.0324 0.6007 0.5049
v  0.0332 0.5999 0.5099
v  0.0361 0.6011 0.5142
v  0.0389 0.6031 0.5179
v  0.0411 0.5977 0.4938
v  0.0395 0.5949 0.4985
v  0.0446 0.6013 0.4910
v  0.0383 0.5924 0.5030
v  0.0399 0.5918 0.5083
v  0.0424 0.5922 0.5130
v  0.0461 0.5949 0.5157
v  0.0470 0.5896 0.4920
v  0.0443 0.5862 0.4959
v  0.0502 0.5931 0.4884
v  0.0444 0.5842 0.5012
v  0.0457 0.5831 0.5063
v  0.0490 0.5838 0.5106
v  0.0523 0.5857 0.5144
v  0.0519 0.5811 0.4889
v  0.0497 0.5777 0.4934
v  0.0555 0.5847 0.4856
v  0.0493 0.5753 0.4986
v  0.0510 0.5740 0.5039
v  0.0544 0.5744 0.5085
v  0.0580 0.5759 0.5124
v  0.0561 0.5724 0.4854
v  0.0542 0.5688 0.4903
v  0.0601 0.5761 0.4822
v  0.0540 0.5661 0.4955
v  0.0554 0.5643 0.5011
v  0.0596 0.5647 0.5056
v  0.0603 0.5637 0.4815
v  0.0586 0.5600 0.4865
v  0.0642 0.5676 0.4780
v  0.0585 0.5569 0.4921
v  0.0600 0.5546 0.4978
v  0.0641 0.5544 0.5023
v  0.0645 0.5551 0.4775
v  0.0618 0.5510 0.4820
v  0.0679 0.5591 0.4736
v  0.0626 0.5477 0.4878
v  0.0639 0.5446 0.4938
v  0.0683 0.5441 0.4982
v  0.0677 0.5468 0.4725
v  0.0659 0.5425 0.4775
v  0.0712 0.5508 0.4687
v  0.0652 0.5382 0.4826
v  0.0684 0.5359 0.4877
v  0.0720 0.5340 0.4928
v  0.0693 0.5388 0.4662
v  0.0679 0.5342 0.4713
v  0.0737 0.5427 0.4629
v  0.0681 0.5299 0.4765
v  0.0711 0.5267 0.4814
v  0.0751 0.5246 0.4860
v  0.0706 0.5310 0.4596
v  0.0693 0.5261 0.4647
v  0.0747 0.5349 0.4559
v  0.0696 0.5215 0.4698
v  0.0721 0.5174 0.4749
v  0.0772 0.5153 0.4788
v  0.0711 0.5229 0.4526
v  0.0693 0.5180 0.4577
v  0.0747 0.5271 0.4482
v  0.0703 0.5131 0.4629
v  0.0728 0.5087 0.4678
v  0.0779 0.5060 0.4718
v  0.0712 0.5145 0.4455
v  0.0694 0.5098 0.4507
v  0.0744 0.5188 0.4406
v  0.0704 0.5049 0.4559
v  0.0727 0.5004 0.4607
v  0.0777 0.4971 0.4645
v  0.0705 0.5061 0.4386
v  0.0682 0.5016 0.4441
v  0.0735 0.5103 0.4333
v  0.0694 0.4967 0.4491
v  0.0716 0.4920 0.4540
v  0.0769 0.4888 0.4570
v  0.0683 0.4979 0.4318
v  0.0659 0.4936 0.4376
v  0.0719 0.5014 0.4264
v  0.0670 0.4886 0.4428
v  0.0696 0.4839 0.4472
v  0.0749 0.4806 0.4498
v  0.0653 0.4896 0.4253
v  0.0634 0.4852 0.4316
v  0.0690 0.4927 0.4195
v  0.0640 0.4806 0.4366
v  0.0673 0.4759 0.4404
v  0.0715 0.4720 0.4440
v  0.0610 0.4813 0.4193
v  0.0586 0.4774 0.4259
v  0.0647 0.4840 0.4131
v  0.0590 0.4727 0.4314
v  0.0614 0.4680 0.4360
v  0.0670 0.4639 0.4378
v  0.0556 0.4728 0.4136
v  0.0534 0.4691 0.4202
v  0.0595 0.4750 0.4072
v  0.0537 0.4644 0.4259
v  0.0560 0.4594 0.4307
v  0.0614 0.4552 0.4327
v  0.0498 0.4641 0.4081
v  0.0478 0.4606 0.4147
v  0.0532 0.4662 0.4016
v  0.0480 0.4561 0.4203
v  0.0505 0.4512 0.4247
v  0.0558 0.4467 0.4267
v  0.0430 0.4556 0.4027
v  0.0414 0.4522 0.4092
v  0.0459 0.4576 0.3962
v  0.0415 0.4479 0.4151
v  0.0443 0.4430 0.4194
v  0.0492 0.4384 0.4219
v  0.0348 0.4477 0.3975
v  0.0337 0.4442 0.4042
v  0.0381 0.4488 0.3910
v  0.0340 0.4399 0.4106
v  0.0370 0.4348 0.4151
v  0.0262 0.4391 0.3929
v  0.0245 0.4365 0.4001
v  0.0286 0.4412 0.3860
v  0.0258 0.4317 0.4064
v  0.0289 0.4264 0.4116
v  0.0160 0.4316 0.3884
v  0.0156 0.4279 0.3961
v  0.0193 0.4324 0.3809
v  0.0166 0.4236 0.4032
v  0.0202 0.4181 0.4090
v  0.0069 0.4218 0.3844
v  0.0058 0.4190 0.3927
v  0.0098 0.4230 0.3764
v  0.0079 0.4142 0.3999
v  0.0118 0.4090 0.4059
v  -0.0027 0.4118 0.3806
v  -0.0033 0.4088 0.3894
v  0.0002 0.4129 0.3721
v  -0.0013 0.4044 0.3972
v  0.0030 0.3992 0.4036
v  -0.0125 0.4016 0.3771
v  -0.0128 0.3985 0.3866
v  -0.0103 0.4031 0.3679
v  -0.0106 0.3941 0.3953
v  -0.0058 0.3891 0.4019
v  -0.0223 0.3910 0.3740
v  -0.0217 0.3874 0.3840
v  -0.0193 0.3912 0.3649
v  -0.0197 0.3836 0.3934
v  -0.0146 0.3788 0.4002
v  -0.0313 0.3791 0.3719
v  -0.0311 0.3765 0.3821
v  -0.0297 0.3801 0.3623
v  -0.0283 0.3726 0.3917
v  -0.0226 0.3679 0.3989
v  -0.0403 0.3668 0.3701
v  -0.0394 0.3644 0.3803
v  -0.0391 0.3675 0.3605
v  -0.0356 0.3606 0.3898
v  -0.0300 0.3565 0.3974
v  -0.0487 0.3538 0.3690
v  -0.0473 0.3518 0.3793
v  -0.0475 0.3539 0.3600
v  -0.0435 0.3487 0.3891
v  -0.0371 0.3447 0.3963
v  -0.0575 0.3406 0.3689
v  -0.0556 0.3391 0.3793
v  -0.0570 0.3408 0.3594
v  -0.0511 0.3364 0.3893
v  -0.0447 0.3333 0.3976
v  -0.0669 0.3278 0.3695
v  -0.0639 0.3264 0.3803
v  -0.0658 0.3268 0.3598
v  -0.0588 0.3244 0.3906
v  -0.0518 0.3218 0.3986
v  -0.0756 0.3146 0.3710
v  -0.0721 0.3140 0.3823
v  -0.0746 0.3130 0.3608
v  -0.0663 0.3125 0.3929
v  -0.0588 0.3101 0.4006
v  -0.0831 0.3010 0.3737
v  -0.0794 0.3013 0.3854
v  -0.0833 0.2991 0.3629
v  -0.0734 0.3007 0.3960
v  -0.0660 0.2991 0.4040
v  -0.0910 0.2876 0.3781
v  -0.0867 0.2889 0.3899
v  -0.0912 0.2847 0.3669
v  -0.0805 0.2892 0.4005
v  -0.0726 0.2878 0.4077
v  -0.0981 0.2737 0.3836
v  -0.0937 0.2762 0.3957
v  -0.0989 0.2700 0.3722
v  -0.0871 0.2774 0.4060
v  -0.0787 0.2769 0.4128
v  -0.1058 0.2602 0.3902
v  -0.1011 0.2639 0.4028
v  -0.1070 0.2555 0.3780
v  -0.0935 0.2657 0.4128
v  -0.1134 0.2472 0.3977
v  -0.1082 0.2520 0.4108
v  -0.1153 0.2414 0.3847
v  -0.1005 0.2551 0.4214
v  -0.1207 0.2344 0.4064
v  -0.1147 0.2398 0.4196
v  -0.1230 0.2276 0.3929
v  -0.1062 0.2432 0.4297
v  -0.1275 0.2213 0.4161
v  -0.1212 0.2277 0.4294
v  -0.1301 0.2135 0.4024
v  -0.1120 0.2317 0.4394
v  -0.1342 0.2082 0.4268
v  -0.1271 0.2154 0.4402
v  -0.1373 0.1994 0.4127
v  -0.1166 0.2198 0.4499
v  -0.1402 0.1950 0.4384
v  -0.1325 0.2030 0.4521
v  -0.1440 0.1855 0.4238
v  -0.1214 0.2084 0.4619
v  -0.1457 0.1819 0.4509
v  -0.1371 0.1902 0.4647
v  -0.1494 0.1719 0.4364
v  -0.1254 0.1966 0.4747
v  -0.1500 0.1679 0.4639
v  -0.1408 0.1768 0.4780
v  -0.1544 0.1580 0.4491
v  -0.1284 0.1841 0.4881
v  -0.1532 0.1530 0.4766
v  -0.1430 0.1621 0.4910
v  -0.1574 0.1432 0.4614
v  -0.1298 0.1704 0.5014
v  -0.1542 0.1365 0.4890
v  -0.1435 0.1463 0.5036
v  -0.1590 0.1272 0.4739
v  -0.1297 0.1553 0.5140
v  -0.1530 0.1189 0.5014
v  -0.1417 0.1294 0.5157
v  -0.1586 0.1094 0.4865
v  -0.1282 0.1391 0.5261
v  -0.1488 0.1006 0.5135
v  -0.1377 0.1119 0.5276
v  -0.1551 0.0908 0.4985
v  -0.1243 0.1218 0.5373
v  -0.1412 0.0825 0.5249
v  -0.1304 0.0936 0.5389
v  -0.1474 0.0726 0.5094
v  -0.1176 0.1031 0.5478
v  -0.1312 0.0642 0.5344
v  -0.1202 0.0741 0.5479
v  -0.1379 0.0552 0.5182
v  -0.1080 0.0827 0.5564
v  -0.1196 0.0451 0.5401
v  -0.1082 0.0533 0.5527
v  -0.1268 0.0382 0.5232
v  -0.0963 0.0609 0.5605
v  -0.1151 0.0207 0.5243
v  -0.1069 0.0254 0.5410
v  -0.0953 0.0322 0.5530
v  -0.1036 0.0032 0.5219
v  -0.0938 0.0064 0.5386
v  -0.0819 0.0124 0.5507
v  -0.0918 -0.0129 0.5169
v  -0.0805 -0.0106 0.5337
v  -0.0676 -0.0045 0.5457
v  -0.0794 -0.0279 0.5104
v  -0.0675 -0.0262 0.5272
v  -0.0534 -0.0196 0.5393
v  -0.0665 -0.0425 0.5035
v  -0.0540 -0.0407 0.5198
v  -0.0391 -0.0334 0.5318
v  -0.0532 -0.0566 0.4961
v  -0.0400 -0.0544 0.5119
v  -0.0244 -0.0460 0.5237
v  -0.0388 -0.0692 0.4874
v  -0.0250 -0.0664 0.5029
v  -0.0093 -0.0581 0.5153
v  -0.0245 -0.0808 0.4780
v  -0.0102 -0.0782 0.4940
v  0.0058 -0.0697 0.5066
v  -0.0107 -0.0914 0.4686
v  0.0044 -0.0889 0.4846
v  0.0206 -0.0812 0.4975
v  0.0018 -0.1021 0.4591
v  0.0182 -0.0999 0.4754
v  0.0349 -0.0928 0.4880
v  0.0134 -0.1119 0.4490
v  0.0312 -0.1107 0.4652
v  0.0489 -0.1039 0.4770
v  0.0241 -0.1217 0.4384
v  0.0433 -0.1209 0.4537
v  0.0624 -0.1148 0.4653
v  0.0344 -0.1311 0.4268
v  0.0550 -0.1306 0.4413
v  0.0755 -0.1252 0.4529
v  0.0442 -0.1403 0.4146
v  0.0662 -0.1405 0.4286
v  0.0878 -0.1361 0.4401
v  0.0530 -0.1497 0.4020
v  0.0763 -0.1510 0.4154
v  0.0994 -0.1470 0.4255
v  0.0795 -0.5997 -0.0022
v  0.0725 -0.6229 -0.0025
v  0.0702 -0.6236 -0.0221
v  0.0657 -0.6259 -0.0377
v  0.0590 -0.6481 -0.0342
v  0.0631 -0.6469 -0.0203
v  0.0557 -0.6730 -0.0187
v  0.0513 -0.6737 -0.0312
v  0.0419 -0.7015 -0.0281
v  0.0489 -0.5386 -0.0907
v  0.0412 -0.5509 -0.0912
v  -0.1664 -0.5260 0.0066
v  -0.1714 -0.5346 -0.0108
v  -0.0200 -0.2070 -0.2374
v  -0.0207 -0.2316 -0.2317
v  0.0589 -0.4422 0.0951
v  -0.1540 -0.4024 0.0832
v  -0.1527 -0.4086 0.0989
v  -0.1519 -0.3976 0.0690
v  -0.1586 -0.4096 0.0617
v  -0.1608 -0.4158 0.0761
v  -0.1612 -0.4225 0.0911
v  -0.1420 -0.3837 0.0606
v  -0.1463 -0.3941 0.0574
v  -0.1393 -0.3719 0.0574
v  -0.1625 -0.4237 0.0535
v  -0.1655 -0.4296 0.0667
v  -0.0042 0.7809 0.4196
v  -0.0036 0.7802 0.4195
v  -0.0033 0.7816 0.4193
v  -0.0028 0.7807 0.4195
v  -0.0048 0.7815 0.4198
v  -0.0039 0.7820 0.4193
v  -0.0049 0.7821 0.4203
v  -0.0038 0.7826 0.4196
v  -0.0049 0.7828 0.4208
v  -0.0036 0.7832 0.4201
v  0.0198 -0.1556 -0.1884
v  0.0117 -0.1646 -0.1778
v  0.0303 -0.1567 -0.2015
v  0.0186 -0.1610 -0.2157
v  0.0665 -0.2046 0.3246
v  0.0609 -0.2140 0.3125
v  0.0915 -0.2271 0.3090
v  0.0971 -0.2170 0.3234
v  0.0420 -0.1865 0.3206
v  0.0371 -0.1948 0.3091
v  0.0700 -0.1955 0.3370
v  0.0457 -0.1786 0.3316
v  0.1003 -0.2057 0.3382
v  0.0335 -0.1567 0.3214
v  0.0293 -0.1640 0.3100
v  0.0249 -0.1712 0.2985
v  0.0158 -0.1781 0.2879
v  0.0290 -0.2037 0.2987
v  0.0531 -0.2232 0.3008
v  0.0200 -0.2131 0.2872
v  0.0440 -0.2327 0.2892
v  0.0051 -0.1869 0.2762
v  0.0237 -0.1489 0.2845
v  0.0126 -0.1532 0.2733
v  0.0290 -0.1421 0.2968
v  0.0107 -0.2233 0.2749
v  0.0003 -0.2344 0.2634
v  0.0375 -0.1252 0.2834
v  0.0312 -0.1335 0.2705
v  0.0322 -0.1343 0.3094
v  -0.0255 -0.1754 0.1959
v  -0.0299 -0.1828 0.2072
v  -0.0318 -0.1923 0.2160
v  -0.0384 -0.1957 0.1922
v  -0.0398 -0.2022 0.2030
v  -0.0349 -0.1876 0.1823
v  -0.0565 -0.1984 0.1844
v  -0.0562 -0.2078 0.1966
v  -0.0525 -0.1904 0.1715
v  -0.0169 -0.1708 0.1832
v  -0.0273 -0.1828 0.1695
v  -0.0431 -0.1860 0.1561
v  -0.0523 -0.2018 0.1448
v  -0.0601 -0.2065 0.1589
v  -0.0644 -0.2133 0.1716
v  -0.0592 -0.2206 0.1328
v  -0.0670 -0.2245 0.1454
v  -0.0710 -0.2304 0.1578
v  -0.0787 -0.2367 0.1313
v  -0.0827 -0.2442 0.1446
v  -0.0719 -0.2296 0.1178
v  -0.0894 -0.2492 0.1187
v  -0.0960 -0.2561 0.1335
v  -0.0820 -0.2431 0.1039
v  -0.0054 -0.1692 0.1703
v  -0.0169 -0.1806 0.1562
v  -0.0316 -0.1828 0.1407
v  -0.0411 -0.1996 0.1304
v  -0.0482 -0.2187 0.1204
v  -0.0611 -0.2255 0.1038
v  -0.0709 -0.2393 0.0893
v  -0.0748 -0.2621 0.0821
v  -0.0872 -0.2642 0.0944
v  -0.0957 -0.2685 0.1081
v  -0.0834 -0.2818 0.0702
v  -0.0955 -0.2845 0.0833
v  -0.1048 -0.2881 0.0967
v  -0.1102 -0.2974 0.0684
v  -0.0960 -0.2949 0.0535
v  0.0074 -0.1708 0.1573
v  -0.0040 -0.1825 0.1432
v  -0.0168 -0.1855 0.1268
v  -0.0270 -0.2013 0.1172
v  -0.0347 -0.2198 0.1093
v  -0.0452 -0.2249 0.0917
v  -0.0544 -0.2393 0.0773
v  -0.0595 -0.2626 0.0710
v  -0.0681 -0.2822 0.0585
v  0.0216 -0.1766 0.1467
v  0.0106 -0.1872 0.1320
v  0.0000 -0.1911 0.1144
v  -0.0106 -0.2075 0.1061
v  -0.0194 -0.2241 0.0990
v  -0.0270 -0.2293 0.0815
v  -0.0353 -0.2440 0.0682
v  -0.0420 -0.2664 0.0620
v  -0.0502 -0.2858 0.0491
v  0.0354 -0.1851 0.1392
v  0.0251 -0.1967 0.1249
v  0.0174 -0.2011 0.1062
v  0.0063 -0.2170 0.0992
v  -0.0031 -0.2320 0.0921
v  -0.0081 -0.2376 0.0746
v  -0.0160 -0.2525 0.0625
v  -0.0240 -0.2740 0.0574
v  0.0489 -0.1967 0.1371
v  0.0396 -0.2076 0.1225
v  0.0339 -0.2152 0.1031
v  0.0220 -0.2292 0.0978
v  0.0124 -0.2434 0.0907
v  0.0096 -0.2503 0.0743
v  0.0021 -0.2648 0.0625
v  0.0615 -0.2129 0.1397
v  0.0539 -0.2228 0.1251
v  0.0475 -0.2321 0.1094
v  0.0365 -0.2451 0.1024
v  0.0281 -0.2582 0.0932
v  0.0246 -0.2684 0.0793
v  0.0746 -0.2345 0.1451
v  0.0679 -0.2436 0.1317
v  0.0617 -0.2536 0.1180
v  0.0515 -0.2657 0.1108
v  0.0440 -0.2782 0.1015
v  0.0856 -0.2580 0.1548
v  0.0798 -0.2671 0.1431
v  0.0739 -0.2769 0.1312
v  0.0639 -0.2880 0.1239
v  0.0896 -0.2776 0.1684
v  0.0848 -0.2870 0.1577
v  0.0789 -0.2973 0.1469
v  0.0851 -0.2909 0.1833
v  0.0798 -0.3011 0.1733
v  0.0818 -0.2909 0.2088
v  0.0730 -0.2998 0.1990
v  0.0018 -0.6219 -0.0374
v  -0.0091 -0.6195 -0.0367
v  0.0184 -0.6077 -0.0456
v  0.0129 -0.6233 -0.0407
v  0.0215 -0.5945 -0.0527
v  -0.0188 -0.6150 -0.0383
v  -0.0264 -0.6092 -0.0419
v  -0.0057 -0.6445 -0.0356
v  -0.0219 -0.6418 -0.0355
v  0.0086 -0.6422 -0.0398
v  -0.0350 -0.6340 -0.0386
v  -0.0431 -0.6242 -0.0436
v  0.0110 -0.6620 -0.0431
v  -0.0103 -0.6719 -0.0382
v  -0.0352 -0.6685 -0.0368
v  -0.0540 -0.6547 -0.0411
v  -0.0424 -0.6928 -0.0392
v  0.0272 -0.6109 -0.0531
v  0.0229 -0.6254 -0.0473
v  0.0293 -0.5969 -0.0594
v  0.0184 -0.6382 -0.0446
v  0.0247 -0.6465 -0.0485
v  -0.0117 -0.7868 0.0018
v  -0.0216 -0.7826 0.0013
v  -0.0221 -0.7825 -0.0056
v  -0.0114 -0.7866 -0.0043
v  -0.0215 -0.7817 -0.0124
v  -0.0110 -0.7856 -0.0105
v  -0.1583 -0.4304 0.1028
v  -0.1637 -0.4441 0.0890
v  -0.0028 0.7822 0.4194
v  -0.0025 0.7828 0.4197
v  -0.0021 0.7812 0.4194
v  -0.0017 0.7818 0.4198
v  -0.0021 0.7833 0.4208
v  -0.0013 0.7823 0.4206
v  -0.1179 -0.3418 0.1462
v  -0.1145 -0.3746 0.1482
v  -0.1061 -0.3548 0.1579
v  -0.1254 -0.3295 0.1315
v  -0.1042 -0.3247 0.1545
v  -0.1103 -0.3123 0.1403
v  -0.0943 -0.3372 0.1660
v  -0.0398 -0.2118 0.2133
v  -0.0541 -0.2196 0.2081
v  -0.0501 -0.2344 0.2185
v  -0.0378 -0.2249 0.2250
v  -0.0331 -0.2030 0.2209
v  -0.0305 -0.2119 0.2317
v  -0.0632 -0.2338 0.1966
v  -0.0593 -0.2473 0.2084
v  -0.0644 -0.2224 0.1839
v  -0.0684 -0.2505 0.1833
v  -0.0642 -0.2630 0.1955
v  -0.0704 -0.2393 0.1702
v  -0.0827 -0.2538 0.1582
v  -0.0802 -0.2655 0.1724
v  -0.0749 -0.2783 0.1850
v  -0.0967 -0.2664 0.1483
v  -0.0945 -0.2783 0.1636
v  -0.0889 -0.2922 0.1771
v  -0.1027 -0.2836 0.1366
v  -0.0999 -0.2953 0.1508
v  -0.0950 -0.3083 0.1648
v  -0.1130 -0.3017 0.1256
v  -0.1007 -0.2750 0.1222
v  -0.1108 -0.2939 0.1110
v  -0.1146 -0.3223 0.0570
v  -0.0017 0.7825 0.4232
v  -0.0034 0.7839 0.4211
v  -0.0032 0.7827 0.4236
v  -0.0050 0.7836 0.4215
v  -0.0048 0.7829 0.4238
v  -0.0219 -0.2626 -0.2335
v  -0.0336 -0.2762 -0.2233
v  -0.0437 -0.2624 -0.2149
v  -0.0330 -0.2498 -0.2246
v  -0.0067 -0.2794 -0.2386
v  -0.0179 -0.2914 -0.2282
v  -0.0152 0.7442 0.4609
v  -0.0163 0.7396 0.4662
v  -0.0139 0.7486 0.4558
v  -0.0149 0.6933 0.5110
v  -0.0105 0.6856 0.5142
v  -0.0184 0.7005 0.5068
v  -0.0052 0.6779 0.5159
v  0.0006 0.6702 0.5175
v  0.0071 0.6627 0.5187
v  0.0318 0.6275 0.5208
v  0.0390 0.6191 0.5201
v  0.0248 0.6356 0.5213
v  0.0463 0.6108 0.5186
v  0.0536 0.6021 0.5176
v  0.0608 0.5930 0.5155
v  0.0674 0.5831 0.5135
v  0.0739 0.5727 0.5113
v  0.0803 0.5620 0.5084
v  0.0836 0.5370 0.4975
v  0.0871 0.5263 0.4906
v  0.0796 0.5475 0.5041
v  0.0897 0.5158 0.4832
v  0.0913 0.5053 0.4758
v  0.0914 0.4959 0.4673
v  0.0903 0.4862 0.4594
v  0.0877 0.4778 0.4503
v  0.0844 0.4680 0.4440
v  0.0802 0.4591 0.4368
v  0.0734 0.4604 0.4388
v  0.0681 0.4519 0.4327
v  0.0750 0.4495 0.4311
v  0.0779 0.4699 0.4440
v  0.0622 0.4431 0.4268
v  0.0690 0.4404 0.4250
v  0.0557 0.4344 0.4216
v  0.0489 0.4256 0.4172
v  0.0415 0.4165 0.4140
v  0.0337 0.4072 0.4114
v  0.0257 0.3979 0.4084
v  0.0175 0.3881 0.4061
v  0.0092 0.3780 0.4044
v  0.0012 0.3837 0.4048
v  -0.0069 0.3734 0.4034
v  0.0014 0.3679 0.4027
v  0.0097 0.3937 0.4066
v  -0.0146 0.3627 0.4022
v  -0.0064 0.3574 0.4018
v  -0.0222 0.3518 0.4012
v  -0.0139 0.3467 0.4009
v  -0.0295 0.3407 0.4009
v  -0.0212 0.3358 0.4007
v  -0.0364 0.3293 0.4008
v  -0.0436 0.3182 0.4029
v  -0.0503 0.3068 0.4057
v  -0.0571 0.2955 0.4078
v  -0.0635 0.2847 0.4111
v  -0.0694 0.2741 0.4159
v  -0.0847 0.2659 0.4195
v  -0.0750 0.2637 0.4226
v  -0.0905 0.2555 0.4280
v  -0.0802 0.2530 0.4305
v  -0.0958 0.2442 0.4363
v  -0.0850 0.2419 0.4386
v  -0.0892 0.2310 0.4474
v  -0.1007 0.2329 0.4453
v  -0.0929 0.2206 0.4577
v  -0.1048 0.2216 0.4554
v  -0.0958 0.2103 0.4695
v  -0.1086 0.2110 0.4674
v  -0.1121 0.2000 0.4801
v  -0.1144 0.1880 0.4929
v  -0.1157 0.1755 0.5065
v  -0.1156 0.1606 0.5187
v  -0.1143 0.1453 0.5309
v  -0.1112 0.1278 0.5412
v  -0.1053 0.1091 0.5509
v  -0.0961 0.0890 0.5591
v  -0.0846 0.0677 0.5626
v  -0.0834 0.0398 0.5602
v  -0.0717 0.0475 0.5621
v  -0.0695 0.0207 0.5573
v  -0.0576 0.0300 0.5590
v  -0.0549 0.0044 0.5527
v  -0.0429 0.0149 0.5544
v  -0.0403 -0.0102 0.5467
v  -0.0255 -0.0235 0.5398
v  -0.0105 -0.0357 0.5319
v  0.0046 -0.0477 0.5238
v  0.0199 -0.0594 0.5147
v  0.0349 -0.0705 0.5046
v  0.0495 -0.0816 0.4939
v  0.0638 -0.0925 0.4823
v  0.0778 -0.1031 0.4700
v  0.0917 -0.1138 0.4575
v  0.1051 -0.1252 0.4444
v  0.1097 -0.1592 0.4096
v  0.0852 -0.1619 0.4014
v  0.1173 -0.1702 0.3913
v  0.0923 -0.1726 0.3861
v  0.1233 -0.1823 0.3726
v  0.0977 -0.1837 0.3701
v  0.0695 -0.1773 0.3626
v  0.0710 -0.1864 0.3495
v  0.1006 -0.1947 0.3540
v  0.0660 -0.1680 0.3759
v  0.1267 -0.1947 0.3537
v  0.1267 -0.2077 0.3352
v  0.1237 -0.2198 0.3170
v  0.1185 -0.2313 0.3007
v  0.1109 -0.2423 0.2857
v  0.0838 -0.2370 0.2954
v  0.1024 -0.2538 0.2719
v  0.0748 -0.2469 0.2827
v  0.0649 -0.2568 0.2708
v  0.0931 -0.2648 0.2591
v  0.0829 -0.2747 0.2470
v  0.0721 -0.2839 0.2357
v  0.0617 -0.2930 0.2252
v  -0.0040 0.7758 0.4213
v  -0.0033 0.7788 0.4201
v  -0.0438 -0.3851 -0.1741
v  -0.0478 -0.4013 -0.1674
v  -0.0820 -0.3952 -0.1598
v  -0.0737 -0.3755 -0.1688
v  -0.0097 -0.3884 -0.1701
v  -0.0113 -0.4016 -0.1651
v  -0.0375 -0.3693 -0.1824
v  -0.0058 -0.3755 -0.1766
v  -0.0634 -0.3576 -0.1785
v  0.0192 -0.3864 -0.1576
v  0.0178 -0.3983 -0.1539
v  0.0226 -0.3751 -0.1627
v  -0.0968 -0.6590 -0.0489
v  -0.0827 -0.6489 -0.0478
v  -0.0682 -0.6730 -0.0435
v  -0.0736 -0.6881 -0.0449
v  -0.1052 -0.6683 -0.0475
v  -0.0753 -0.6987 -0.0429
v  -0.0438 -0.7104 -0.0400
v  -0.0438 -0.7223 -0.0376
v  -0.0476 -0.7292 -0.0341
v  -0.0791 -0.7029 -0.0386
v  -0.0181 -0.7674 -0.0275
v  -0.0161 -0.7760 -0.0232
v  -0.0195 -0.7794 -0.0186
v  -0.0262 -0.7695 -0.0218
v  -0.0084 -0.7767 -0.0225
v  -0.0350 -0.7547 -0.0250
v  -0.0311 -0.7735 0.0013
v  -0.0316 -0.7731 -0.0066
v  -0.0301 -0.7719 -0.0144
v  -0.0400 -0.7583 0.0102
v  -0.0421 -0.7587 0.0016
v  -0.0423 -0.7588 -0.0072
v  -0.0572 -0.7374 0.0121
v  -0.0593 -0.7380 0.0024
v  -0.0826 -0.7081 0.0241
v  -0.0847 -0.7092 0.0148
v  -0.1178 -0.6778 0.0265
v  0.0067 0.7652 -0.4296
v  0.0053 0.7657 -0.4292
v  0.0081 0.7644 -0.4296
v  0.0046 0.7610 -0.4334
v  0.0031 0.7616 -0.4332
v  0.0061 0.7603 -0.4335
v  0.0029 0.7568 -0.4379
v  0.0012 0.7569 -0.4370
v  0.0046 0.7561 -0.4381
v  0.0011 0.7523 -0.4423
v  -0.0006 0.7524 -0.4415
v  0.0028 0.7514 -0.4422
v  -0.0008 0.7473 -0.4463
v  -0.0025 0.7480 -0.4461
v  0.0011 0.7466 -0.4465
v  -0.0025 0.7427 -0.4511
v  -0.0043 0.7428 -0.4502
v  -0.0005 0.7423 -0.4516
v  -0.0042 0.7384 -0.4563
v  -0.0062 0.7389 -0.4557
v  -0.0023 0.7378 -0.4567
v  -0.0060 0.7340 -0.4618
v  -0.0080 0.7347 -0.4615
v  -0.0039 0.7334 -0.4621
v  -0.0075 0.7293 -0.4673
v  -0.0098 0.7295 -0.4667
v  -0.0054 0.7284 -0.4674
v  -0.0089 0.7238 -0.4725
v  -0.0112 0.7243 -0.4722
v  -0.0067 0.7234 -0.4728
v  -0.0100 0.7189 -0.4785
v  -0.0125 0.7193 -0.4782
v  -0.0081 0.7176 -0.4778
v  -0.0108 0.7138 -0.4846
v  -0.0132 0.7138 -0.4841
v  -0.0084 0.7128 -0.4841
v  -0.0111 0.7082 -0.4910
v  -0.0137 0.7078 -0.4901
v  -0.0087 0.7070 -0.4898
v  -0.0104 0.7012 -0.4959
v  -0.0133 0.7008 -0.4956
v  -0.0076 0.7016 -0.4958
v  -0.0091 0.6951 -0.5023
v  -0.0120 0.6948 -0.5024
v  -0.0063 0.6946 -0.5009
v  -0.0065 0.6881 -0.5076
v  -0.0097 0.6872 -0.5079
v  -0.0037 0.6879 -0.5060
v  -0.0030 0.6805 -0.5121
v  -0.0063 0.6797 -0.5132
v  -0.0000 0.6811 -0.5105
v  0.0013 0.6724 -0.5147
v  -0.0020 0.6711 -0.5160
v  0.0043 0.6736 -0.5132
v  0.0067 0.6647 -0.5170
v  0.0035 0.6631 -0.5181
v  0.0096 0.6661 -0.5151
v  0.0132 0.6575 -0.5191
v  0.0098 0.6552 -0.5196
v  0.0158 0.6588 -0.5164
v  0.0200 0.6498 -0.5202
v  0.0165 0.6474 -0.5205
v  0.0226 0.6516 -0.5174
v  0.0267 0.6420 -0.5199
v  0.0234 0.6395 -0.5209
v  0.0297 0.6443 -0.5178
v  0.0337 0.6343 -0.5198
v  0.0304 0.6317 -0.5216
v  0.0368 0.6367 -0.5174
v  0.0407 0.6264 -0.5192
v  0.0375 0.6238 -0.5212
v  0.0440 0.6291 -0.5168
v  0.0478 0.6184 -0.5185
v  0.0446 0.6158 -0.5206
v  0.0553 0.6104 -0.5179
v  0.0518 0.6076 -0.5199
v  0.0626 0.6021 -0.5169
v  0.0588 0.5991 -0.5185
v  0.0699 0.5933 -0.5154
v  0.0662 0.5904 -0.5176
v  0.0770 0.5841 -0.5133
v  0.0731 0.5811 -0.5157
v  0.0839 0.5744 -0.5106
v  0.0796 0.5713 -0.5127
v  0.0909 0.5644 -0.5080
v  0.0861 0.5611 -0.5101
v  0.0971 0.5538 -0.5042
v  0.0921 0.5504 -0.5071
v  0.1028 0.5430 -0.4997
v  0.0977 0.5397 -0.5026
v  0.1073 0.5320 -0.4938
v  0.1019 0.5289 -0.4964
v  0.1107 0.5210 -0.4866
v  0.1132 0.5102 -0.4785
v  0.1154 0.4992 -0.4711
v  0.1152 0.4891 -0.4619
v  0.1147 0.4786 -0.4533
v  0.1124 0.4685 -0.4446
v  0.1088 0.4586 -0.4363
v  0.1047 0.4485 -0.4287
v  0.0995 0.4386 -0.4219
v  0.0935 0.4288 -0.4156
v  0.0865 0.4193 -0.4098
v  0.0796 0.4093 -0.4046
v  0.0725 0.3990 -0.4000
v  0.0650 0.3886 -0.3961
v  0.0569 0.3785 -0.3926
v  0.0512 0.3686 -0.3814
v  0.0489 0.3682 -0.3898
v  0.0509 0.3715 -0.3729
v  0.0426 0.3586 -0.3787
v  0.0401 0.3589 -0.3873
v  0.0422 0.3613 -0.3699
v  -0.0452 0.2107 -0.3843
v  -0.0403 0.2149 -0.3960
v  -0.0499 0.1968 -0.3914
v  -0.0446 0.2021 -0.4037
v  -0.0545 0.1832 -0.3997
v  -0.0491 0.1894 -0.4120
v  -0.0585 0.1696 -0.4085
v  -0.0621 0.1563 -0.4175
v  -0.0653 0.1435 -0.4267
v  -0.0673 0.1311 -0.4360
v  -0.0678 0.1190 -0.4450
v  -0.0687 0.1088 -0.4546
v  -0.0691 0.0997 -0.4633
v  -0.0673 0.0902 -0.4699
v  -0.0580 0.0898 -0.4889
v  -0.0658 0.0815 -0.4759
v  0.0495 0.3756 -0.3647
v  0.0404 0.3654 -0.3616
v  0.0317 0.3546 -0.3589
v  0.0238 0.3431 -0.3557
v  0.0149 0.3316 -0.3546
v  0.0066 0.3192 -0.3539
v  -0.0020 0.3067 -0.3540
v  -0.0096 0.2932 -0.3539
v  -0.0165 0.2792 -0.3538
v  -0.0247 0.2660 -0.3561
v  -0.0322 0.2522 -0.3589
v  -0.0401 0.2388 -0.3636
v  -0.0469 0.2241 -0.3681
v  -0.0532 0.2090 -0.3732
v  -0.0590 0.1941 -0.3797
v  -0.0646 0.1798 -0.3879
v  -0.0695 0.1654 -0.3967
v  -0.0735 0.1509 -0.4053
v  -0.0774 0.1376 -0.4151
v  -0.0798 0.1242 -0.4247
v  -0.0799 0.1106 -0.4336
v  -0.0820 0.1016 -0.4448
v  -0.0818 0.0924 -0.4539
v  -0.0793 0.0822 -0.4602
v  -0.0770 0.0733 -0.4665
v  -0.0727 0.0650 -0.4697
v  -0.0613 0.0736 -0.4784
v  -0.0537 0.0811 -0.4922
v  -0.0682 0.0576 -0.4724
v  -0.0565 0.0664 -0.4798
v  -0.0485 0.0722 -0.4938
v  -0.0624 0.0508 -0.4715
v  -0.0508 0.0589 -0.4796
v  -0.0410 0.0643 -0.4927
v  -0.0426 0.0527 -0.4748
v  -0.0321 0.0558 -0.4897
v  -0.0554 0.0444 -0.4663
v  -0.0327 0.0432 -0.4704
v  -0.0216 0.0464 -0.4855
v  -0.0458 0.0361 -0.4596
v  -0.0219 0.0327 -0.4664
v  -0.0101 0.0364 -0.4811
v  -0.0355 0.0242 -0.4569
v  0.1159 0.5261 -0.4578
v  0.1173 0.5161 -0.4496
v  0.1172 0.5060 -0.4412
v  0.1162 0.4957 -0.4325
v  0.1141 0.4854 -0.4237
v  0.1108 0.4750 -0.4148
v  0.1062 0.4642 -0.4066
v  0.1011 0.4536 -0.3987
v  0.0943 0.4431 -0.3920
v  0.0867 0.4327 -0.3863
v  0.0793 0.4224 -0.3801
v  0.0713 0.4119 -0.3746
v  0.0630 0.4017 -0.3691
v  0.0545 0.3915 -0.3636
v  0.0450 0.3815 -0.3598
v  0.0355 0.3712 -0.3563
v  0.0269 0.3600 -0.3526
v  0.0182 0.3486 -0.3498
v  0.0096 0.3364 -0.3478
v  0.0004 0.3239 -0.3479
v  -0.0083 0.3108 -0.3478
v  -0.0164 0.2972 -0.3474
v  -0.0243 0.2832 -0.3472
v  -0.0324 0.2692 -0.3484
v  -0.0407 0.2556 -0.3521
v  -0.0485 0.2412 -0.3561
v  -0.0561 0.2260 -0.3605
v  -0.0632 0.2101 -0.3648
v  -0.0699 0.1944 -0.3706
v  -0.0762 0.1794 -0.3792
v  -0.0819 0.1642 -0.3880
v  -0.0864 0.1484 -0.3960
v  -0.0906 0.1345 -0.4066
v  -0.0934 0.1209 -0.4170
v  -0.0942 0.1052 -0.4250
v  -0.0965 0.0957 -0.4379
v  -0.0964 0.0865 -0.4482
v  -0.0939 0.0755 -0.4549
v  -0.0911 0.0661 -0.4624
v  -0.0863 0.0564 -0.4657
v  -0.0811 0.0482 -0.4684
v  -0.0753 0.0410 -0.4682
v  -0.0688 0.0338 -0.4638
v  -0.0605 0.0246 -0.4563
v  -0.0495 0.0128 -0.4534
v  -0.0391 0.0027 -0.4455
v  -0.0242 0.0148 -0.4507
v  -0.0098 0.0237 -0.4609
v  -0.0278 -0.0073 -0.4392
v  -0.0129 0.0055 -0.4449
v  0.0019 0.0142 -0.4555
v  -0.0163 -0.0162 -0.4351
v  -0.0021 -0.0030 -0.4394
v  0.0130 0.0053 -0.4495
v  0.0087 -0.0093 -0.4305
v  0.0247 -0.0009 -0.4404
v  -0.0059 -0.0227 -0.4261
v  0.0202 -0.0172 -0.4213
v  0.0367 -0.0097 -0.4314
v  0.0049 -0.0299 -0.4162
v  0.0317 -0.0256 -0.4125
v  0.0485 -0.0181 -0.4219
v  0.0169 -0.0385 -0.4089
v  0.0374 0.6390 -0.4994
v  0.0440 0.6314 -0.4986
v  0.0513 0.6241 -0.4974
v  0.0584 0.6165 -0.4960
v  0.0659 0.6092 -0.4943
v  0.0720 0.6005 -0.4923
v  0.0792 0.5926 -0.4896
v  0.0855 0.5837 -0.4866
v  0.0915 0.5746 -0.4834
v  0.0970 0.5655 -0.4791
v  0.1017 0.5564 -0.4740
v  0.1052 0.5470 -0.4682
v  0.1082 0.5374 -0.4616
v  0.1107 0.5284 -0.4538
v  0.1121 0.5191 -0.4457
v  0.1122 0.5094 -0.4375
v  0.1111 0.4995 -0.4291
v  0.1090 0.4893 -0.4206
v  0.1059 0.4791 -0.4120
v  0.1019 0.4688 -0.4034
v  0.0966 0.4584 -0.3957
v  0.0898 0.4479 -0.3893
v  0.0828 0.4375 -0.3830
v  0.0747 0.4274 -0.3776
v  0.0660 0.4174 -0.3726
v  0.0578 0.4077 -0.3663
v  0.0487 0.3979 -0.3611
v  0.0391 0.3879 -0.3568
v  0.0296 0.3774 -0.3531
v  0.0204 0.3663 -0.3491
v  0.0114 0.3545 -0.3463
v  0.0023 0.3422 -0.3446
v  -0.0068 0.3292 -0.3442
v  -0.0158 0.3160 -0.3441
v  -0.0245 0.3023 -0.3434
v  -0.0330 0.2882 -0.3433
v  -0.0413 0.2738 -0.3441
v  -0.0497 0.2596 -0.3475
v  -0.0578 0.2449 -0.3514
v  -0.0657 0.2295 -0.3558
v  -0.0734 0.2135 -0.3605
v  -0.0808 0.1970 -0.3653
v  -0.0876 0.1818 -0.3750
v  -0.0938 0.1660 -0.3838
v  -0.0995 0.1491 -0.3909
v  -0.1036 0.1349 -0.4028
v  -0.1065 0.1211 -0.4140
v  -0.1094 0.1049 -0.4218
v  -0.1112 0.0941 -0.4352
v  -0.1114 0.0838 -0.4462
v  -0.1098 0.0715 -0.4545
v  -0.1062 0.0601 -0.4621
v  -0.1009 0.0492 -0.4670
v  -0.0948 0.0394 -0.4699
v  -0.0882 0.0309 -0.4704
v  -0.0816 0.0223 -0.4661
v  -0.0745 0.0122 -0.4583
v  -0.0632 0.0001 -0.4545
v  -0.0523 -0.0115 -0.4481
v  -0.0415 -0.0223 -0.4397
v  -0.0285 -0.0318 -0.4365
v  -0.0178 -0.0393 -0.4280
v  -0.0074 -0.0467 -0.4177
v  0.0044 -0.0544 -0.4096
v  0.0126 -0.0604 -0.3980
v  0.0252 -0.0433 -0.3962
v  0.0418 -0.0301 -0.4000
v  0.0213 -0.0671 -0.3863
v  0.0350 -0.0509 -0.3842
v  0.0529 -0.0388 -0.3894
v  0.0328 -0.0754 -0.3797
v  0.0460 -0.0607 -0.3779
v  0.0634 -0.0496 -0.3812
v  0.0533 -0.0671 -0.3651
v  0.0718 -0.0566 -0.3683
v  0.0389 -0.0819 -0.3669
v  0.0623 -0.0754 -0.3538
v  0.0808 -0.0653 -0.3567
v  0.0469 -0.0901 -0.3552
v  0.0713 -0.0827 -0.3432
v  0.0899 -0.0723 -0.3439
v  0.0561 -0.0976 -0.3464
v  0.0561 0.6151 -0.4924
v  0.0625 0.6067 -0.4920
v  0.0691 0.5992 -0.4888
v  0.0753 0.5906 -0.4868
v  0.0815 0.5822 -0.4836
v  0.0873 0.5736 -0.4798
v  0.0931 0.5655 -0.4752
v  0.0971 0.5564 -0.4705
v  0.1005 0.5475 -0.4648
v  0.1034 0.5387 -0.4583
v  0.1050 0.5297 -0.4510
v  0.1060 0.5209 -0.4430
v  0.1062 0.5117 -0.4349
v  0.1052 0.5020 -0.4269
v  0.1029 0.4923 -0.4187
v  0.0999 0.4820 -0.4109
v  0.0957 0.4720 -0.4030
v  0.0907 0.4623 -0.3949
v  0.0840 0.4519 -0.3891
v  0.0767 0.4417 -0.3837
v  0.0687 0.4319 -0.3782
v  0.0603 0.4226 -0.3722
v  0.0515 0.4134 -0.3663
v  0.0421 0.4040 -0.3611
v  0.0324 0.3942 -0.3565
v  0.0226 0.3836 -0.3524
v  0.0131 0.3724 -0.3486
v  0.0039 0.3603 -0.3457
v  -0.0054 0.3477 -0.3443
v  -0.0146 0.3347 -0.3434
v  -0.0237 0.3212 -0.3432
v  -0.0327 0.3074 -0.3427
v  -0.0416 0.2933 -0.3419
v  -0.0502 0.2789 -0.3438
v  -0.0589 0.2644 -0.3461
v  -0.0666 0.2492 -0.3504
v  -0.0747 0.2338 -0.3550
v  -0.0829 0.2176 -0.3593
v  -0.0909 0.2013 -0.3655
v  -0.0976 0.1858 -0.3749
v  -0.1044 0.1700 -0.3842
v  -0.1115 0.1526 -0.3908
v  -0.1158 0.1383 -0.4037
v  -0.1188 0.1248 -0.4156
v  -0.1230 0.1096 -0.4244
v  -0.1248 0.0970 -0.4370
v  -0.1252 0.0852 -0.4494
v  -0.1243 0.0710 -0.4586
v  -0.1200 0.0578 -0.4678
v  -0.1143 0.0444 -0.4735
v  -0.1070 0.0327 -0.4769
v  -0.0993 0.0222 -0.4772
v  -0.0921 0.0117 -0.4735
v  -0.0842 0.0002 -0.4674
v  -0.0741 -0.0126 -0.4615
v  -0.0621 -0.0247 -0.4561
v  -0.0515 -0.0371 -0.4478
v  -0.0380 -0.0473 -0.4427
v  -0.0262 -0.0562 -0.4349
v  -0.0152 -0.0645 -0.4250
v  -0.0038 -0.0719 -0.4158
v  0.0049 -0.0785 -0.4044
v  0.0126 -0.0855 -0.3923
v  0.0241 -0.0926 -0.3850
v  0.0305 -0.0993 -0.3741
v  0.0375 -0.1073 -0.3627
v  0.0457 -0.1146 -0.3535
v  0.0513 -0.1209 -0.3441
v  0.0614 -0.1033 -0.3362
v  0.0775 -0.0890 -0.3316
v  0.0519 -0.1257 -0.3328
v  0.0631 -0.1078 -0.3240
v  0.0803 -0.0944 -0.3180
v  0.0529 -0.1310 -0.3217
v  0.0644 -0.1137 -0.3114
v  0.0815 -0.1012 -0.3034
v  0.0647 -0.1200 -0.3000
v  0.0811 -0.1090 -0.2896
v  0.0523 -0.1359 -0.3119
v  0.0596 -0.1238 -0.2881
v  0.0754 -0.1121 -0.2746
v  0.0476 -0.1403 -0.3019
v  0.0561 -0.1314 -0.2765
v  0.0709 -0.1215 -0.2619
v  0.0440 -0.1471 -0.2908
v  0.0705 0.4450 -0.3854
v  0.0625 0.4356 -0.3802
v  0.0540 0.4263 -0.3750
v  0.0449 0.4176 -0.3692
v  0.0353 0.4087 -0.3636
v  0.0256 0.3988 -0.3592
v  0.0157 0.3884 -0.3547
v  0.0059 0.3772 -0.3512
v  -0.0034 0.3651 -0.3478
v  -0.0127 0.3524 -0.3462
v  -0.0219 0.3392 -0.3455
v  -0.0308 0.3254 -0.3462
v  -0.0401 0.3117 -0.3454
v  -0.0495 0.2978 -0.3446
v  -0.0586 0.2836 -0.3458
v  -0.0665 0.2688 -0.3492
v  -0.0741 0.2538 -0.3541
v  -0.0824 0.2383 -0.3584
v  -0.0910 0.2224 -0.3630
v  -0.0992 0.2065 -0.3694
v  -0.1062 0.1907 -0.3780
v  -0.1131 0.1753 -0.3879
v  -0.1215 0.1591 -0.3959
v  -0.1259 0.1446 -0.4090
v  -0.1294 0.1308 -0.4211
v  -0.1334 0.1166 -0.4313
v  -0.1357 0.1031 -0.4433
v  -0.1362 0.0892 -0.4559
v  -0.1355 0.0733 -0.4667
v  -0.1308 0.0576 -0.4767
v  -0.1241 0.0422 -0.4836
v  -0.1153 0.0286 -0.4876
v  -0.1069 0.0158 -0.4878
v  -0.0985 0.0034 -0.4850
v  -0.0902 -0.0097 -0.4798
v  -0.0798 -0.0233 -0.4742
v  -0.0675 -0.0363 -0.4683
v  -0.0559 -0.0492 -0.4609
v  -0.0426 -0.0605 -0.4542
v  -0.0300 -0.0709 -0.4459
v  -0.0180 -0.0803 -0.4363
v  -0.0063 -0.0881 -0.4266
v  0.0027 -0.0958 -0.4154
v  0.0115 -0.1034 -0.4047
v  0.0214 -0.1105 -0.3957
v  0.0297 -0.1173 -0.3860
v  0.0352 -0.1254 -0.3746
v  0.0430 -0.1326 -0.3647
v  0.0457 -0.1395 -0.3542
v  0.0478 -0.1453 -0.3433
v  0.0494 -0.1511 -0.3331
v  0.0491 -0.1562 -0.3237
v  0.0443 -0.1614 -0.3149
v  0.0404 -0.1682 -0.3041
v  0.0359 -0.1744 -0.2932
v  0.0404 -0.1535 -0.2800
v  0.0513 -0.1385 -0.2653
v  0.0276 -0.1788 -0.2832
v  0.0316 -0.1563 -0.2699
v  0.0424 -0.1412 -0.2541
v  0.0201 -0.1578 -0.2592
v  0.0318 -0.1441 -0.2413
v  0.0280 -0.1558 -0.2291
v  -0.1050 0.2123 -0.3767
v  -0.1122 0.1971 -0.3855
v  -0.1194 0.1819 -0.3953
v  -0.1273 0.1671 -0.4052
v  -0.1327 0.1529 -0.4177
v  -0.1371 0.1391 -0.4303
v  -0.1409 0.1251 -0.4414
v  -0.1432 0.1109 -0.4531
v  -0.1431 0.0955 -0.4658
v  -0.1424 0.0776 -0.4773
v  -0.1369 0.0599 -0.4880
v  -0.1292 0.0427 -0.4960
v  -0.1194 0.0273 -0.5005
v  -0.1105 0.0122 -0.5014
v  -0.1009 -0.0019 -0.4994
v  -0.0915 -0.0162 -0.4952
v  -0.0809 -0.0310 -0.4897
v  -0.0681 -0.0446 -0.4832
v  -0.0553 -0.0579 -0.4761
v  -0.0419 -0.0700 -0.4684
v  -0.0282 -0.0812 -0.4598
v  -0.0157 -0.0918 -0.4501
v  -0.0038 -0.1010 -0.4403
v  0.0066 -0.1096 -0.4301
v  0.0161 -0.1178 -0.4201
v  0.0259 -0.1256 -0.4104
v  0.0345 -0.1332 -0.4000
v  0.0415 -0.1415 -0.3888
v  0.0479 -0.1493 -0.3773
v  0.0526 -0.1564 -0.3661
v  0.0541 -0.1639 -0.3550
v  0.0552 -0.1705 -0.3443
v  0.0550 -0.1766 -0.3345
v  0.0520 -0.1831 -0.3251
v  0.0472 -0.1904 -0.3149
v  0.0420 -0.1973 -0.3042
v  -0.0356 -0.0747 -0.4838
v  -0.0215 -0.0863 -0.4749
v  -0.0080 -0.0976 -0.4657
v  0.0046 -0.1080 -0.4561
v  0.0161 -0.1176 -0.4464
v  0.0262 -0.1270 -0.4364
v  0.0362 -0.1354 -0.4256
v  0.0451 -0.1441 -0.4144
v  0.0527 -0.1530 -0.4023
v  0.0594 -0.1617 -0.3898
v  0.0648 -0.1699 -0.3774
v  0.0684 -0.1783 -0.3652
v  0.0702 -0.1860 -0.3534
v  0.0698 -0.1938 -0.3426
v  0.0674 -0.2014 -0.3319
v  0.0635 -0.2093 -0.3207
v  0.0077 0.7713 -0.4200
v  0.0065 0.7702 -0.4209
v  0.0074 0.7713 -0.4218
v  0.0059 0.7695 -0.4250
v  0.0042 0.7654 -0.4282
v  0.0049 0.7689 -0.4240
v  0.0063 0.7707 -0.4217
v  0.0030 0.7652 -0.4273
v  0.0017 0.7615 -0.4322
v  0.0011 0.7607 -0.4308
v  -0.0003 0.7569 -0.4362
v  -0.0015 0.7564 -0.4349
v  -0.0020 0.7521 -0.4402
v  -0.0035 0.7516 -0.4389
v  -0.0041 0.7476 -0.4447
v  -0.0053 0.7469 -0.4434
v  -0.0061 0.7429 -0.4493
v  -0.0071 0.7421 -0.4480
v  -0.0079 0.7384 -0.4545
v  -0.0086 0.7372 -0.4529
v  -0.0097 0.7338 -0.4599
v  -0.0112 0.7328 -0.4583
v  -0.0117 0.7290 -0.4655
v  -0.0127 0.7276 -0.4637
v  -0.0131 0.7237 -0.4710
v  -0.0144 0.7224 -0.4692
v  -0.0138 0.7181 -0.4765
v  -0.0153 0.7167 -0.4748
v  -0.0149 0.7127 -0.4825
v  -0.0158 0.7109 -0.4807
v  -0.0159 0.7068 -0.4888
v  -0.0181 0.7059 -0.4875
v  -0.0162 0.7004 -0.4952
v  -0.0181 0.6991 -0.4937
v  -0.0149 0.6937 -0.5016
v  -0.0166 0.6918 -0.4995
v  -0.0131 0.6860 -0.5076
v  -0.0148 0.6841 -0.5051
v  -0.0089 0.6778 -0.5113
v  -0.0112 0.6758 -0.5092
v  -0.0051 0.6693 -0.5153
v  -0.0078 0.6673 -0.5137
v  0.0003 0.6609 -0.5176
v  -0.0024 0.6587 -0.5159
v  0.0066 0.6529 -0.5188
v  0.0037 0.6506 -0.5179
v  0.0132 0.6449 -0.5207
v  0.0104 0.6424 -0.5188
v  0.0199 0.6368 -0.5216
v  0.0270 0.6290 -0.5211
v  0.0340 0.6210 -0.5209
v  0.0410 0.6130 -0.5205
v  0.0480 0.6047 -0.5200
v  0.0550 0.5963 -0.5190
v  0.0619 0.5875 -0.5169
v  0.0685 0.5781 -0.5153
v  0.0747 0.5684 -0.5129
v  0.0807 0.5581 -0.5108
v  0.0860 0.5474 -0.5073
v  0.0911 0.5369 -0.5027
v  0.0954 0.5265 -0.4968
v  0.1053 0.5183 -0.4891
v  0.0991 0.5159 -0.4902
v  0.1082 0.5073 -0.4818
v  0.1019 0.5057 -0.4827
v  0.1098 0.4967 -0.4740
v  0.1034 0.4954 -0.4752
v  0.1100 0.4869 -0.4654
v  0.1038 0.4859 -0.4670
v  0.1089 0.4772 -0.4566
v  0.1026 0.4768 -0.4586
v  0.1067 0.4675 -0.4482
v  0.1006 0.4672 -0.4510
v  0.1035 0.4576 -0.4406
v  0.0994 0.4478 -0.4337
v  0.0944 0.4383 -0.4272
v  0.0885 0.4290 -0.4210
v  0.0818 0.4198 -0.4154
v  0.0747 0.4102 -0.4104
v  0.0676 0.4002 -0.4063
v  0.0602 0.3901 -0.4027
v  0.0048 0.7671 -0.4221
v  0.0052 0.7662 -0.4213
v  0.0048 0.7679 -0.4231
v  0.0029 0.7632 -0.4248
v  0.0031 0.7622 -0.4236
v  0.0027 0.7643 -0.4260
v  0.0004 0.7587 -0.4280
v  0.0011 0.7575 -0.4269
v  0.0004 0.7598 -0.4293
v  -0.0019 0.7538 -0.4316
v  -0.0013 0.7525 -0.4303
v  -0.0017 0.7551 -0.4332
v  -0.0037 0.7489 -0.4358
v  -0.0036 0.7475 -0.4343
v  -0.0036 0.7503 -0.4374
v  -0.0051 0.7440 -0.4404
v  -0.0050 0.7426 -0.4389
v  -0.0053 0.7455 -0.4418
v  -0.0071 0.7406 -0.4465
v  -0.0073 0.7392 -0.4450
v  -0.0094 0.7359 -0.4513
v  -0.0103 0.7346 -0.4498
v  -0.0121 0.7312 -0.4566
v  -0.0115 0.7295 -0.4551
v  -0.0133 0.7259 -0.4619
v  -0.0138 0.7242 -0.4601
v  -0.0151 0.7206 -0.4674
v  -0.0159 0.7189 -0.4655
v  -0.0167 0.7151 -0.4731
v  -0.0175 0.7133 -0.4712
v  -0.0168 0.7090 -0.4789
v  -0.0180 0.7074 -0.4770
v  -0.0183 0.7037 -0.4852
v  -0.0181 0.7017 -0.4832
v  -0.0188 0.6971 -0.4914
v  -0.0192 0.6952 -0.4890
v  -0.0184 0.6899 -0.4974
v  -0.0164 0.6821 -0.5026
v  -0.0137 0.6738 -0.5072
v  -0.0097 0.6652 -0.5108
v  -0.0046 0.6566 -0.5133
v  0.0021 0.6487 -0.5146
v  0.0081 0.6403 -0.5160
v  0.0170 0.6344 -0.5194
v  0.0144 0.6320 -0.5169
v  0.0240 0.6265 -0.5194
v  0.0308 0.6184 -0.5197
v  0.0375 0.6102 -0.5195
v  0.0444 0.6021 -0.5183
v  0.0512 0.5937 -0.5172
v  0.0577 0.5848 -0.5157
v  0.0640 0.5755 -0.5143
v  0.0699 0.5659 -0.5118
v  0.0754 0.5559 -0.5087
v  0.0084 -0.3318 0.0371
v  0.0072 -0.3129 0.0512
v  0.0228 -0.3272 0.0637
v  0.0262 -0.3444 0.0523
v  -0.0137 -0.3205 0.0295
v  -0.0115 -0.3027 0.0449
v  0.0063 -0.3551 0.0301
v  -0.0174 -0.3421 0.0206
v  0.0269 -0.3686 0.0454
v  0.0299 -0.3928 0.0364
v  0.0256 -0.3134 0.0738
v  0.0336 -0.3010 0.0804
v  0.0476 -0.3229 0.0939
v  0.0397 -0.3336 0.0874
v  0.0096 -0.2966 0.0636
v  0.0182 -0.2808 0.0693
v  0.0362 -0.3449 0.0798
v  0.0370 -0.3601 0.0722
v  0.0417 -0.3819 0.0644
v  0.0497 -0.4093 0.0532
v  0.0540 -0.3114 0.1032
v  0.0573 -0.2997 0.1145
v  0.0630 -0.3177 0.1293
v  0.0619 -0.3303 0.1184
v  0.0402 -0.2894 0.0895
v  0.0549 -0.3424 0.1096
v  0.0462 -0.3514 0.1042
v  0.0426 -0.3618 0.0988
v  0.0432 -0.3754 0.0933
v  0.0491 -0.3960 0.0857
v  0.0580 -0.4255 0.0734
v  0.0695 -0.3070 0.1384
v  0.0735 -0.3115 0.1633
v  0.0642 -0.3201 0.1541
v  0.0591 -0.3313 0.1452
v  0.0562 -0.3438 0.1366
v  0.0503 -0.3550 0.1288
v  0.0433 -0.3635 0.1232
v  0.0408 -0.3739 0.1190
v  0.0434 -0.3876 0.1150
v  0.0494 -0.4103 0.1081
v  0.0659 -0.3096 0.1895
v  0.0590 -0.3197 0.1802
v  0.0515 -0.3295 0.1713
v  0.0463 -0.3412 0.1632
v  0.0413 -0.3530 0.1551
v  0.0357 -0.3631 0.1479
v  0.0308 -0.3721 0.1423
v  0.0306 -0.3829 0.1390
v  0.0324 -0.3976 0.1354
v  0.0523 -0.3023 0.2154
v  0.0441 -0.3124 0.2065
v  0.0365 -0.3229 0.1977
v  0.0294 -0.3339 0.1893
v  0.0231 -0.3460 0.1815
v  0.0170 -0.3581 0.1734
v  0.0111 -0.3688 0.1655
v  0.0071 -0.3790 0.1592
v  0.0066 -0.3907 0.1554
v  -0.0012 -0.3299 0.2020
v  -0.0087 -0.3424 0.1935
v  -0.0157 -0.3554 0.1852
v  -0.0219 -0.3688 0.1776
v  -0.0264 -0.3820 0.1704
v  -0.0282 -0.3962 0.1646
v  0.0564 -0.4602 0.0232
v  0.0581 -0.4702 0.0012
v  0.0541 -0.4384 0.0399
v  -0.0042 -0.3523 -0.0218
v  -0.0398 -0.7573 -0.0161
v  -0.0590 -0.7382 -0.0081
v  -0.0567 -0.7366 -0.0183
v  -0.0858 -0.7101 0.0031
v  -0.0855 -0.7101 -0.0097
v  -0.0843 -0.7086 -0.0218
v  -0.1192 -0.6811 0.0156
v  -0.1198 -0.6829 0.0027
v  -0.1190 -0.6827 -0.0114
v  -0.1178 -0.6805 -0.0246
v  -0.0826 -0.7056 -0.0318
v  -0.0532 -0.7334 -0.0276
v  -0.1159 -0.6769 -0.0353
v  -0.1054 -0.3938 0.0271
v  -0.1113 -0.4039 0.0209
v  -0.1141 -0.3816 0.0387
v  -0.1006 -0.3824 0.0317
v  -0.1234 -0.3832 0.0458
v  -0.1336 -0.3831 0.0527
v  -0.1339 -0.3765 0.0504
v  -0.1276 -0.3736 0.0437
v  -0.1178 -0.3711 0.0348
v  -0.0641 -0.3228 0.0226
v  -0.0588 -0.3004 0.0319
v  -0.0366 -0.3095 0.0274
v  -0.0415 -0.3303 0.0184
v  -0.0841 -0.3195 0.0320
v  -0.0791 -0.2959 0.0409
v  -0.0667 -0.3442 0.0097
v  -0.0888 -0.3397 0.0197
v  -0.0430 -0.3483 0.0085
v  -0.0309 -0.2932 0.0440
v  -0.0065 -0.2838 0.0572
v  -0.1714 -0.5399 -0.0228
v  -0.1428 -0.4922 -0.0040
v  -0.1456 -0.4860 0.0102
v  -0.1381 -0.4717 -0.0131
v  -0.1469 -0.4829 -0.0177
v  -0.1540 -0.4914 -0.0239
v  -0.1533 -0.5072 -0.0039
v  -0.1532 -0.4953 0.0165
v  -0.1447 -0.4571 -0.0202
v  -0.1533 -0.4644 -0.0272
v  -0.1396 0.0495 0.5023
v  -0.1301 0.0338 0.5064
v  -0.1199 0.0184 0.5069
v  -0.1098 0.0030 0.5040
v  -0.0995 -0.0122 0.4988
v  -0.0876 -0.0267 0.4926
v  -0.0747 -0.0406 0.4858
v  -0.0611 -0.0536 0.4788
v  -0.0476 -0.0660 0.4706
v  -0.0338 -0.0772 0.4614
v  -0.0212 -0.0879 0.4518
v  -0.0092 -0.0969 0.4417
v  0.0010 -0.1061 0.4315
v  0.0109 -0.1148 0.4213
v  0.0208 -0.1231 0.4109
v  0.0292 -0.1320 0.3996
v  0.0363 -0.1410 0.3878
v  0.0605 -0.1590 0.3891
v  0.0428 -0.1487 0.3762
v  0.0459 -0.1566 0.3649
v  0.0473 -0.1645 0.3537
v  0.0471 -0.1716 0.3424
v  0.0576 0.4671 0.3953
v  0.0636 0.4766 0.4012
v  0.0701 0.4751 0.3977
v  0.0635 0.4653 0.3919
v  0.0504 0.4578 0.3902
v  0.0561 0.4557 0.3862
v  0.0423 0.4486 0.3851
v  0.0480 0.4464 0.3805
v  0.0336 0.4395 0.3800
v  0.0393 0.4373 0.3747
v  0.0242 0.4311 0.3744
v  0.0302 0.4282 0.3691
v  0.0145 0.4220 0.3694
v  0.0205 0.4189 0.3639
v  0.0046 0.4121 0.3647
v  0.0109 0.4087 0.3593
v  -0.0054 0.4014 0.3605
v  0.0008 0.3978 0.3552
v  -0.0156 0.3905 0.3563
v  -0.0091 0.3863 0.3518
v  -0.0256 0.3786 0.3539
v  -0.0193 0.3747 0.3485
v  -0.0347 0.3655 0.3531
v  -0.0287 0.3617 0.3475
v  -0.0442 0.3522 0.3523
v  -0.0377 0.3482 0.3474
v  -0.0530 0.3384 0.3521
v  -0.0468 0.3345 0.3473
v  -0.0622 0.3244 0.3520
v  -0.0562 0.3207 0.3465
v  -0.0714 0.3104 0.3524
v  -0.0655 0.3065 0.3460
v  -0.0802 0.2960 0.3542
v  -0.0745 0.2919 0.3479
v  -0.0882 0.2810 0.3580
v  -0.0825 0.2767 0.3520
v  -0.0907 0.2612 0.3569
v  -0.0961 0.2657 0.3630
v  -0.0992 0.2453 0.3612
v  -0.1046 0.2504 0.3682
v  -0.1082 0.2294 0.3656
v  -0.1134 0.2353 0.3737
v  -0.1163 0.2139 0.3733
v  -0.1214 0.2206 0.3815
v  -0.1221 0.1987 0.3835
v  -0.1280 0.2057 0.3912
v  -0.1296 0.1829 0.3922
v  -0.1357 0.1906 0.4007
v  -0.1380 0.1668 0.4012
v  -0.1430 0.1758 0.4112
v  -0.1413 0.1522 0.4146
v  -0.1480 0.1615 0.4238
v  -0.1452 0.1384 0.4262
v  -0.1524 0.1477 0.4363
v  -0.1490 0.1245 0.4378
v  -0.1558 0.1336 0.4484
v  -0.1511 0.1108 0.4507
v  -0.1577 0.1185 0.4610
v  -0.1512 0.0957 0.4626
v  -0.1575 0.1018 0.4734
v  -0.1494 0.0788 0.4727
v  -0.1551 0.0837 0.4848
v  -0.1428 0.0634 0.4822
v  -0.1479 0.0662 0.4948
v  -0.1355 0.0481 0.4884
v  -0.1271 0.0341 0.4915
v  -0.1183 0.0208 0.4912
v  -0.1096 0.0075 0.4874
v  -0.1002 -0.0063 0.4819
v  -0.0886 -0.0199 0.4760
v  -0.0760 -0.0331 0.4693
v  -0.0633 -0.0459 0.4621
v  -0.0498 -0.0568 0.4548
v  -0.0374 -0.0675 0.4457
v  -0.0248 -0.0764 0.4359
v  -0.0138 -0.0847 0.4255
v  -0.0053 -0.0932 0.4143
v  0.0044 -0.1012 0.4044
v  0.0142 -0.1083 0.3949
v  0.0212 -0.1168 0.3839
v  0.0280 -0.1251 0.3730
v  0.0343 -0.1317 0.3631
v  0.0363 -0.1383 0.3529
v  0.0371 -0.1445 0.3423
v  0.0372 -0.1503 0.3316
v  -0.0225 0.7144 0.4718
v  -0.0221 0.7201 0.4669
v  -0.0228 0.7093 0.4775
v  -0.0226 0.7042 0.4833
v  -0.0215 0.6976 0.4870
v  -0.0198 0.6911 0.4905
v  -0.0171 0.6847 0.4936
v  -0.0136 0.6781 0.4957
v  -0.0091 0.6713 0.4968
v  -0.0040 0.6644 0.4970
v  0.0016 0.6573 0.4965
v  0.0077 0.6501 0.4956
v  0.0173 0.6457 0.4948
v  0.0139 0.6426 0.4942
v  0.0243 0.6385 0.4937
v  0.0210 0.6352 0.4938
v  0.0314 0.6311 0.4923
v  0.0281 0.6278 0.4929
v  0.0386 0.6236 0.4914
v  0.0350 0.6202 0.4919
v  0.0456 0.6159 0.4903
v  0.0417 0.6126 0.4903
v  0.0520 0.6079 0.4888
v  0.0480 0.6047 0.4885
v  0.0583 0.6000 0.4853
v  0.0543 0.5967 0.4867
v  0.0643 0.5915 0.4830
v  0.0598 0.5883 0.4835
v  0.0696 0.5829 0.4790
v  0.0646 0.5797 0.4798
v  0.0743 0.5742 0.4750
v  0.0691 0.5711 0.4759
v  0.0783 0.5654 0.4707
v  0.0729 0.5626 0.4714
v  0.0816 0.5568 0.4655
v  0.0759 0.5544 0.4661
v  0.0840 0.5484 0.4592
v  0.0779 0.5464 0.4598
v  0.0855 0.5400 0.4519
v  0.0794 0.5385 0.4526
v  0.0861 0.5317 0.4437
v  0.0795 0.5303 0.4448
v  0.0862 0.5225 0.4360
v  0.0796 0.5217 0.4372
v  0.0854 0.5138 0.4273
v  0.0793 0.5122 0.4300
v  0.0834 0.5041 0.4196
v  0.0771 0.5039 0.4218
v  0.0803 0.4942 0.4121
v  0.0738 0.4946 0.4146
v  0.0759 0.4850 0.4041
v  0.0698 0.4853 0.4078
v  -0.0753 0.2722 0.3483
v  -0.0836 0.2568 0.3529
v  -0.0916 0.2407 0.3578
v  -0.0999 0.2242 0.3616
v  -0.1079 0.2080 0.3687
v  -0.1137 0.1928 0.3787
v  -0.1207 0.1768 0.3874
v  -0.1280 0.1594 0.3955
v  -0.1307 0.1460 0.4095
v  -0.1345 0.1312 0.4198
v  -0.1386 0.1166 0.4303
v  -0.1401 0.1051 0.4440
v  -0.1403 0.0916 0.4546
v  -0.1382 0.0770 0.4639
v  -0.1329 0.0636 0.4722
v  -0.1263 0.0504 0.4774
v  -0.1189 0.0384 0.4797
v  -0.1111 0.0275 0.4790
v  -0.1037 0.0160 0.4740
v  -0.0955 0.0032 0.4677
v  -0.0840 -0.0095 0.4628
v  -0.0726 -0.0218 0.4553
v  -0.0600 -0.0338 0.4478
v  -0.0463 -0.0432 0.4422
v  -0.0350 -0.0526 0.4328
v  -0.0234 -0.0609 0.4231
v  -0.0128 -0.0682 0.4129
v  -0.0063 -0.0758 0.4004
v  0.0052 -0.0829 0.3912
v  0.0145 -0.0900 0.3819
v  0.0203 -0.0980 0.3697
v  0.0287 -0.1060 0.3599
v  0.0351 -0.1123 0.3513
v  0.0364 -0.1176 0.3414
v  0.0366 -0.1231 0.3308
v  0.0370 -0.1292 0.3201
v  -0.1647 -0.4682 0.0541
v  -0.1668 -0.4515 0.0663
v  -0.1666 -0.4453 0.0560
v  -0.1641 -0.4632 0.0456
v  -0.1619 -0.4868 0.0426
v  -0.1606 -0.4824 0.0354
v  -0.1580 -0.5025 0.0237
v  -0.1604 -0.5068 0.0310
v  -0.1612 -0.4588 0.0364
v  -0.1575 -0.4778 0.0276
v  -0.1635 -0.4402 0.0448
v  -0.1207 -0.3864 -0.1292
v  -0.1097 -0.4004 -0.1395
v  -0.1268 -0.3750 -0.1169
v  -0.1039 -0.3703 0.0257
v  0.0545 -0.2669 0.2599
v  0.0440 -0.2769 0.2493
v  0.0336 -0.2867 0.2390
v  0.0239 -0.2967 0.2294
v  0.0149 -0.3073 0.2203
v  0.0066 -0.3183 0.2110
v  0.0344 -0.2425 0.2776
v  0.0241 -0.2526 0.2663
v  0.0138 -0.2629 0.2554
v  0.0036 -0.2732 0.2448
v  -0.0065 -0.2839 0.2355
v  -0.0154 -0.2948 0.2259
v  -0.0239 -0.3066 0.2159
v  -0.0326 -0.3192 0.2062
v  -0.0410 -0.3322 0.1972
v  -0.0484 -0.3460 0.1883
v  -0.0554 -0.3610 0.1794
v  -0.0614 -0.3773 0.1712
v  -0.0649 -0.3951 0.1636
v  -0.1340 -0.3636 0.0467
v  -0.1240 -0.3586 0.0336
v  -0.1097 -0.3569 0.0208
v  -0.1209 -0.3432 0.0438
v  -0.1008 -0.3194 0.0437
v  -0.1068 -0.3401 0.0308
v  -0.0910 -0.3561 0.0128
v  -0.0868 -0.3708 0.0169
v  -0.0747 -0.3596 0.0032
v  -0.0091 -0.2467 0.2528
v  -0.0193 -0.2576 0.2429
v  -0.0297 -0.2679 0.2334
v  -0.0386 -0.2793 0.2240
v  -0.0459 -0.2916 0.2129
v  -0.0553 -0.3049 0.2032
v  -0.0649 -0.3187 0.1943
v  -0.0723 -0.3331 0.1845
v  -0.0798 -0.3494 0.1752
v  -0.0233 -0.2285 0.2440
v  -0.0315 -0.2411 0.2349
v  -0.0435 -0.2509 0.2277
v  -0.0521 -0.2628 0.2177
v  -0.0578 -0.2766 0.2056
v  0.0030 0.0275 -0.4758
v  0.0150 0.0171 -0.4703
v  0.0268 0.0077 -0.4636
v  0.0396 0.0006 -0.4547
v  0.0522 -0.0084 -0.4452
v  0.0647 -0.0166 -0.4347
v  0.0608 -0.0229 -0.4093
v  0.0782 -0.0223 -0.4223
v  0.0727 -0.0323 -0.3983
v  0.0911 -0.0323 -0.4110
v  0.0835 -0.0436 -0.3885
v  0.1034 -0.0445 -0.3998
v  0.0931 -0.0516 -0.3757
v  0.1142 -0.0552 -0.3865
v  0.1015 -0.0619 -0.3630
v  0.1225 -0.0657 -0.3713
v  0.1103 -0.0675 -0.3472
v  0.1314 -0.0729 -0.3535
v  0.0964 -0.0795 -0.3298
v  0.1166 -0.0773 -0.3312
v  0.1364 -0.0841 -0.3354
v  0.0998 -0.0862 -0.3146
v  0.1202 -0.0855 -0.3139
v  0.1007 -0.0951 -0.2983
v  0.1199 -0.0947 -0.2948
v  0.0983 -0.1038 -0.2815
v  0.1152 -0.1048 -0.2758
v  0.0921 -0.1044 -0.2619
v  0.1095 -0.1076 -0.2549
v  0.0864 -0.1174 -0.2496
v  0.1021 -0.1202 -0.2416
v  0.0655 -0.1306 -0.2505
v  0.0802 -0.1295 -0.2381
v  0.0945 -0.1328 -0.2295
v  0.0561 -0.1332 -0.2380
v  0.0710 -0.1330 -0.2241
v  0.0860 -0.1373 -0.2143
v  0.0458 -0.1379 -0.2250
v  0.0612 -0.1379 -0.2111
v  0.0767 -0.1422 -0.2009
v  0.0394 -0.1496 -0.2140
v  0.0530 -0.1495 -0.2016
v  -0.0071 0.7764 0.4308
v  -0.0055 0.7801 0.4270
v  -0.0053 0.7760 0.4306
v  -0.0037 0.7801 0.4271
v  -0.0036 0.7755 0.4300
v  -0.0020 0.7797 0.4267
v  -0.0090 0.7723 0.4347
v  -0.0070 0.7722 0.4348
v  -0.0053 0.7713 0.4339
v  -0.0108 0.7680 0.4390
v  -0.0087 0.7680 0.4392
v  -0.0071 0.7671 0.4382
v  -0.0126 0.7635 0.4433
v  -0.0105 0.7633 0.4433
v  -0.0087 0.7625 0.4426
v  -0.0144 0.7585 0.4473
v  -0.0123 0.7585 0.4475
v  -0.0105 0.7578 0.4468
v  -0.0161 0.7544 0.4522
v  -0.0142 0.7538 0.4518
v  -0.0123 0.7532 0.4512
v  -0.0180 0.7499 0.4570
v  -0.0159 0.7493 0.4565
v  -0.0194 0.7453 0.4621
v  -0.0172 0.7450 0.4618
v  -0.0210 0.7406 0.4673
v  -0.0186 0.7402 0.4669
v  -0.0225 0.7356 0.4726
v  -0.0201 0.7353 0.4722
v  -0.0241 0.7308 0.4785
v  -0.0215 0.7305 0.4779
v  -0.0249 0.7257 0.4847
v  -0.0223 0.7256 0.4840
v  -0.0252 0.7204 0.4912
v  -0.0223 0.7205 0.4904
v  -0.0249 0.7140 0.4976
v  -0.0224 0.7138 0.4955
v  -0.0238 0.7062 0.5022
v  -0.0209 0.7073 0.5014
v  -0.0247 0.6973 0.5079
v  -0.0216 0.6994 0.5081
v  -0.0210 0.6890 0.5114
v  -0.0180 0.6912 0.5115
v  -0.0167 0.6812 0.5161
v  -0.0136 0.6836 0.5155
v  -0.0113 0.6726 0.5183
v  -0.0082 0.6754 0.5174
v  -0.0055 0.6643 0.5200
v  -0.0023 0.6674 0.5191
v  0.0010 0.6563 0.5210
v  0.0041 0.6595 0.5198
v  0.0078 0.6482 0.5207
v  0.0108 0.6517 0.5206
v  0.0146 0.6402 0.5217
v  0.0178 0.6438 0.5213
v  0.0216 0.6320 0.5215
v  0.0285 0.6236 0.5210
v  0.0357 0.6153 0.5205
v  0.0427 0.6069 0.5187
v  0.0498 0.5981 0.5180
v  0.0565 0.5891 0.5159
v  0.0628 0.5794 0.5135
v  0.0638 0.5658 0.5101
v  0.0688 0.5692 0.5107
v  0.0688 0.5557 0.5062
v  0.0744 0.5587 0.5074
v  0.0734 0.5451 0.5019
v  0.0774 0.5346 0.4961
v  0.0806 0.5244 0.4894
v  0.0830 0.5143 0.4823
v  0.0842 0.5050 0.4744
v  0.0843 0.4956 0.4670
v  0.0833 0.4869 0.4590
v  0.0810 0.4779 0.4517
v  0.0423 0.4299 0.4170
v  0.0348 0.4213 0.4140
v  0.0265 0.4123 0.4117
v  0.0183 0.4032 0.4085
v  -0.0459 -0.3885 -0.0020
v  -0.0054 0.7713 0.4226
v  -0.0071 0.7662 0.4257
v  -0.0090 0.7613 0.4297
v  -0.0109 0.7563 0.4339
v  -0.0129 0.7516 0.4383
v  -0.0148 0.7472 0.4431
v  -0.0168 0.7415 0.4469
v  -0.0184 0.7358 0.4511
v  -0.0197 0.7304 0.4560
v  -0.0210 0.7251 0.4614
v  -0.0887 -0.3673 0.1668
v  -0.0948 -0.3870 0.1581
v  -0.0682 -0.2909 0.1961
v  -0.0802 -0.3052 0.1882
v  -0.0869 -0.3209 0.1769
v  -0.0633 -0.6382 -0.0467
v  -0.0210 -0.2128 -0.2276
v  -0.0274 -0.2276 -0.2201
v  -0.1607 -0.5153 -0.0193
v  -0.1618 -0.5199 -0.0299
v  -0.1593 -0.4962 -0.0325
v  -0.1102 -0.3381 -0.1388
v  -0.1230 -0.3567 -0.1272
v  -0.1030 -0.3506 -0.1496
v  -0.1161 -0.3690 -0.1393
v  -0.0942 -0.3219 -0.1495
v  -0.0871 -0.3344 -0.1599
v  -0.0927 -0.3633 -0.1608
v  -0.1038 -0.3825 -0.1498
v  -0.0794 -0.3460 -0.1711
v  0.0383 -0.3827 -0.1419
v  0.0360 -0.3945 -0.1386
v  0.0492 -0.3783 -0.1264
v  0.0453 -0.3899 -0.1224
v  0.0439 -0.3725 -0.1470
v  0.0570 -0.3686 -0.1319
v  0.0638 -0.3623 -0.1188
v  0.0551 -0.3720 -0.1124
v  0.0495 -0.3835 -0.1069
v  0.0567 -0.3625 -0.1001
v  0.0513 -0.3738 -0.0926
v  0.0572 -0.4482 -0.0411
v  0.0663 -0.4603 -0.0560
v  0.0572 -0.4652 -0.0223
v  0.1336 -0.2231 -0.1950
v  0.1263 -0.2451 -0.1923
v  0.1204 -0.2306 -0.1855
v  0.1357 -0.2005 -0.2022
v  0.1251 -0.2081 -0.1900
v  0.1124 -0.2154 -0.1797
v  0.1054 -0.2216 -0.1638
v  0.1138 -0.2380 -0.1709
v  0.1194 -0.2541 -0.1788
v  -0.1115 -0.6733 -0.0428
v  -0.0007 -0.3363 -0.0285
v  -0.0048 -0.2803 -0.0591
v  -0.0121 -0.2986 -0.0499
v  -0.0160 -0.3132 -0.0361
v  -0.0190 -0.3283 -0.0251
v  0.0346 -0.5592 -0.0894
v  0.0274 -0.5633 -0.0846
v  0.0460 -0.5968 -0.0652
v  0.0446 -0.5822 -0.0710
v  0.0411 -0.5694 -0.0779
v  0.0369 -0.5841 -0.0694
v  0.0337 -0.5732 -0.0760
v  0.0379 -0.5977 -0.0643
v  0.0452 -0.6134 -0.0601
v  0.0364 -0.6131 -0.0586
v  0.0291 -0.5846 -0.0651
v  0.1416 -0.1288 -0.2487
v  0.1325 -0.1373 -0.2356
v  0.1469 -0.1249 -0.2696
v  0.1224 -0.1466 -0.2228
v  0.1173 -0.1271 -0.2367
v  0.1086 -0.1380 -0.2241
v  0.1256 -0.1152 -0.2496
v  0.1000 -0.1436 -0.2088
v  0.1124 -0.1529 -0.2073
v  -0.0014 0.0358 -0.4990
v  0.0120 0.0261 -0.4934
v  0.0249 0.0154 -0.4871
v  0.0376 0.0054 -0.4794
v  0.0514 -0.0024 -0.4702
v  0.0645 -0.0122 -0.4601
v  0.0782 -0.0202 -0.4489
v  0.0852 -0.0282 -0.4634
v  0.0920 -0.0278 -0.4370
v  0.0992 -0.0372 -0.4520
v  0.1046 -0.0393 -0.4254
v  0.1127 -0.0483 -0.4403
v  0.1187 -0.0511 -0.4132
v  0.1275 -0.0602 -0.4274
v  0.1318 -0.0626 -0.3984
v  0.1420 -0.0726 -0.4117
v  0.1403 -0.0756 -0.3813
v  0.1513 -0.0872 -0.3930
v  0.1503 -0.0846 -0.3618
v  0.1630 -0.0986 -0.3731
v  0.1546 -0.0972 -0.3414
v  0.1681 -0.1131 -0.3510
v  0.1403 -0.0915 -0.3150
v  0.1589 -0.1054 -0.3182
v  0.1730 -0.1244 -0.3249
v  0.1385 -0.1009 -0.2925
v  0.1545 -0.1158 -0.2941
v  0.1708 -0.1360 -0.3000
v  0.1312 -0.1111 -0.2711
v  -0.1281 -0.4254 0.0149
v  -0.1157 -0.4140 0.0161
v  -0.1185 -0.4222 0.0128
v  -0.1120 -0.4277 0.0091
v  -0.1041 -0.4180 0.0114
v  -0.0979 -0.4075 0.0149
v  -0.1660 -0.4367 0.0793
v  -0.1625 -0.4218 -0.0586
v  -0.1667 -0.4499 -0.0587
v  -0.1633 -0.4452 -0.0470
v  -0.1632 -0.4739 -0.0449
v  -0.1596 -0.4697 -0.0357
v  0.0416 -0.1939 -0.1399
v  0.0323 -0.2034 -0.1263
v  0.0439 -0.2126 -0.1229
v  0.0388 -0.2177 -0.1047
v  0.0246 -0.2087 -0.1089
v  0.0298 -0.1872 -0.1473
v  0.0196 -0.1961 -0.1333
v  0.0098 -0.2004 -0.1168
v  0.0005 -0.2145 -0.1073
v  0.0152 -0.2226 -0.1004
v  0.0284 -0.2325 -0.0975
v  0.0066 -0.2379 -0.0954
v  0.0189 -0.2473 -0.0925
v  -0.0068 -0.2308 -0.1018
v  0.0175 -0.1826 -0.1572
v  0.0068 -0.1925 -0.1435
v  -0.0046 -0.1956 -0.1274
v  -0.0137 -0.2096 -0.1173
v  -0.0201 -0.2272 -0.1099
v  -0.0009 -0.2450 -0.0810
v  -0.0088 -0.2529 -0.0658
v  0.0063 -0.1812 -0.1694
v  -0.0044 -0.1920 -0.1554
v  -0.0174 -0.1935 -0.1402
v  -0.0263 -0.2080 -0.1289
v  -0.0321 -0.2257 -0.1196
v  -0.0135 -0.1946 -0.1675
v  -0.1575 -0.4410 -0.0363
v  0.0501 -0.3617 -0.1539
v  0.0638 -0.3571 -0.1398
v  0.0284 -0.3640 -0.1695
v  0.0666 -0.3440 -0.1481
v  0.0721 -0.3368 -0.1375
v  0.0716 -0.3506 -0.1279
v  0.0721 -0.3329 -0.1569
v  0.0550 -0.3498 -0.1615
v  0.0609 -0.3387 -0.1699
v  0.0733 -0.3282 -0.1280
v  0.0728 -0.3410 -0.1165
v  0.0657 -0.3528 -0.1070
v  0.0691 -0.3278 -0.1060
v  0.0612 -0.3389 -0.0968
v  0.0393 -0.2740 -0.2589
v  0.0280 -0.2837 -0.2483
v  0.0158 -0.2949 -0.2376
v  0.0048 -0.3061 -0.2276
v  0.0657 -0.2850 -0.2482
v  0.0544 -0.2947 -0.2380
v  0.0427 -0.3056 -0.2278
v  0.0320 -0.3163 -0.2181
v  0.0893 -0.2895 -0.2339
v  0.0784 -0.2990 -0.2233
v  0.0674 -0.3094 -0.2127
v  0.0576 -0.3201 -0.2029
v  0.0850 -0.3078 -0.1986
v  0.1752 -0.1271 -0.3640
v  0.1806 -0.1412 -0.3390
v  0.1852 -0.1551 -0.3144
v  0.0322 -0.6295 -0.0531
v  -0.0203 -0.1982 -0.1798
v  -0.0257 -0.2036 -0.1906
v  -0.0285 -0.2115 -0.1996
v  -0.0468 -0.2161 -0.1915
v  -0.0427 -0.2073 -0.1799
v  -0.0365 -0.2007 -0.1674
v  -0.0293 -0.2197 -0.2097
v  -0.0465 -0.2273 -0.2033
v  -0.0528 -0.2391 -0.1920
v  -0.0523 -0.2289 -0.1798
v  -0.0503 -0.2204 -0.1678
v  -0.0423 -0.2384 -0.2149
v  -0.0505 -0.2503 -0.2045
v  -0.0837 -0.3068 -0.1605
v  -0.0777 -0.2926 -0.1713
v  -0.0721 -0.3042 -0.1837
v  -0.0796 -0.3188 -0.1730
v  -0.0804 -0.2807 -0.1567
v  -0.0648 -0.2799 -0.1797
v  -0.0600 -0.2904 -0.1917
v  -0.0682 -0.2686 -0.1665
v  -0.0511 -0.3018 -0.2008
v  -0.0627 -0.3154 -0.1931
v  -0.0711 -0.3304 -0.1831
v  -0.0460 -0.3282 -0.1980
v  -0.0547 -0.3421 -0.1887
v  -0.0362 -0.3152 -0.2073
v  -0.0553 -0.2648 -0.1912
v  -0.0500 -0.2759 -0.2020
v  -0.0579 -0.2542 -0.1789
v  -0.0416 -0.2886 -0.2111
v  -0.0279 -0.1961 -0.1540
v  -0.0368 -0.2100 -0.1419
v  -0.0423 -0.2274 -0.1305
v  -0.0446 -0.2144 -0.1552
v  -0.0502 -0.2313 -0.1428
v  -0.0557 -0.2370 -0.1549
v  -0.0580 -0.2446 -0.1667
v  -0.0365 -0.3224 -0.0245
v  -0.0319 -0.3064 -0.0362
v  -0.0222 -0.3415 -0.1995
v  -0.0301 -0.3548 -0.1909
v  -0.0136 -0.3288 -0.2084
v  0.0001 -0.3628 -0.1841
v  0.0068 -0.3505 -0.1924
v  0.0343 -0.3524 -0.1774
v  -0.0046 -0.3171 -0.2177
v  0.0226 -0.3270 -0.2094
v  0.0143 -0.3383 -0.2008
v  -0.0269 -0.3030 -0.2174
v  0.0488 -0.3303 -0.1941
v  0.0409 -0.3410 -0.1857
v  0.0690 -0.3288 -0.1786
v  0.0770 -0.3187 -0.1881
v  -0.0100 -0.7824 -0.0166
v  0.0002 -0.7758 -0.0199
v  -0.0528 -0.3192 -0.0276
v  -0.0180 -0.2727 -0.0606
v  -0.0260 -0.2923 -0.0512
v  -0.0471 -0.3025 -0.0394
v  -0.0715 -0.3373 -0.0242
v  0.0222 -0.5832 -0.0595
v  -0.0846 -0.3854 0.0246
v  -0.0910 -0.3972 0.0206
v  0.0763 -0.2761 -0.2580
v  0.0402 -0.2433 -0.0987
v  0.0299 -0.2580 -0.0924
v  0.0262 -0.2641 -0.0768
v  0.0132 -0.2533 -0.0774
v  0.0055 -0.2623 -0.0625
v  0.0520 -0.3215 -0.0859
v  0.0408 -0.3035 -0.0757
v  0.0767 -0.6003 0.0196
v  0.0705 -0.6231 0.0173
v  0.0599 -0.6474 0.0290
v  0.0632 -0.6470 0.0149
v  0.0643 -0.6466 -0.0027
v  0.0471 -0.6723 0.0345
v  0.0526 -0.6729 0.0255
v  0.0558 -0.6728 0.0126
v  0.0565 -0.6726 -0.0031
v  0.0479 -0.6997 0.0104
v  0.0487 -0.7001 -0.0033
v  0.0468 -0.7008 -0.0168
v  0.0304 -0.2874 -0.0677
v  0.0189 -0.2739 -0.0626
# 5387 vertices

vn -0.5720 0.4986 0.6513
vn -0.4314 0.8381 0.3338
vn -0.7430 0.6688 -0.0281
vn -0.8633 0.4460 0.2361
vn -0.7115 0.5011 0.4926
vn -0.6332 0.7371 0.2358
vn -0.7074 0.0742 0.7030
vn -0.7868 0.1196 0.6055
vn -0.8822 0.1610 0.4424
vn -0.5042 0.8635 -0.0117
vn -0.3052 0.9504 0.0596
vn -0.7901 0.6114 0.0441
vn -0.6310 0.7583 -0.1637
vn -0.8942 0.3488 0.2806
vn -0.6083 0.7563 -0.2408
vn -0.4473 0.8158 -0.3665
vn -0.3045 0.9182 -0.2535
vn -0.4970 0.8657 0.0598
vn -0.2783 0.9472 -0.1590
vn -0.6562 0.7185 0.2303
vn -0.1626 0.9756 -0.1472
vn -0.4716 0.7754 -0.4199
vn -0.3565 0.9169 -0.1796
vn -0.1170 0.9006 -0.4187
vn -0.0416 0.9291 -0.3674
vn -0.5247 0.8509 -0.0248
vn -0.2537 0.8165 -0.5187
vn -0.1323 0.8942 -0.4276
vn 0.0176 0.9647 -0.2627
vn -0.2681 0.7929 -0.5471
vn -0.0122 0.7847 -0.6198
vn 0.0623 0.8342 -0.5479
vn 0.1783 0.8886 -0.4225
vn 0.1776 0.8965 -0.4059
vn -0.0808 0.7039 -0.7057
vn 0.4201 0.7398 -0.5256
vn 0.2366 0.6255 -0.7435
vn 0.3104 0.6805 -0.6638
vn 0.4150 0.7587 -0.5021
vn 0.1927 0.5821 -0.7900
vn 0.4988 0.4979 -0.7094
vn 0.6077 0.5647 -0.5584
vn 0.4780 0.4234 -0.7696
vn 0.4365 0.3725 -0.8190
vn 0.6324 0.3383 -0.6969
vn 0.7045 0.3654 -0.6084
vn 0.6165 0.2686 -0.7401
vn 0.5635 0.1692 -0.8086
vn 0.7045 0.1146 -0.7004
vn 0.7238 0.1453 -0.6746
vn 0.7574 0.1362 -0.6386
vn 0.6329 -0.0036 -0.7742
vn 0.7985 -0.1315 -0.5875
vn 0.7434 -0.1786 -0.6445
vn 0.7852 -0.1249 -0.6065
vn 0.8112 -0.4387 -0.3867
vn 0.8097 -0.4452 -0.3824
vn 0.7884 -0.4481 -0.4215
vn 0.7320 0.3078 0.6078
vn 0.5870 0.3976 0.7052
vn 0.5937 0.4828 0.6438
vn 0.7751 0.4226 0.4696
vn 0.6359 0.0917 0.7663
vn 0.4709 0.1378 0.8714
vn 0.8301 0.2241 0.5107
vn 0.7180 0.0380 0.6950
vn 0.8952 0.3107 0.3194
vn 0.5294 0.2911 0.7969
vn 0.7368 0.2952 0.6082
vn 0.8925 0.2678 0.3630
vn 0.4068 0.4505 0.7947
vn 0.4118 0.5175 0.7501
vn 0.2852 0.1812 0.9412
vn -0.6515 0.1316 0.7472
vn -0.6950 0.0294 0.7184
vn -0.8207 0.1492 0.5516
vn -0.8198 0.2177 0.5296
vn -0.4742 0.0270 0.8800
vn -0.5704 -0.0824 0.8172
vn -0.6992 -0.0344 0.7141
vn -0.5470 -0.0064 0.8371
vn -0.8692 -0.0439 0.4925
vn -0.9334 0.2784 0.2264
vn -0.9146 0.2662 0.3044
vn -0.9706 -0.0169 0.2403
vn -0.7534 0.6555 0.0513
vn -0.8242 0.5617 0.0716
vn -0.7191 0.6190 0.3158
vn -0.7243 0.6272 0.2863
vn -0.7457 0.6395 -0.1871
vn -0.8613 0.4863 -0.1471
vn -0.9063 0.4224 -0.0174
vn -0.8843 0.4185 -0.2072
vn -0.8803 0.4208 0.2193
vn -0.5658 0.5836 0.5826
vn -0.4156 0.5026 0.7581
vn -0.5387 0.3503 0.7662
vn -0.6669 0.5576 0.4943
vn -0.6432 0.3854 0.6616
vn -0.4484 0.4117 0.7933
vn -0.8295 0.3496 0.4355
vn -0.4817 0.2898 0.8271
vn -0.3745 0.3501 0.8586
vn -0.3428 0.4081 0.8461
vn -0.6462 0.2212 0.7304
vn -0.3011 0.4976 0.8135
vn -0.2802 0.3758 0.8833
vn -0.2366 0.4612 0.8552
vn -0.3436 0.2843 0.8950
vn -0.5765 0.0646 -0.8145
vn -0.4336 -0.0563 -0.8993
vn -0.3952 -0.0091 -0.9185
vn -0.5330 0.1076 -0.8393
vn -0.6923 -0.1456 -0.7068
vn -0.5828 -0.2229 -0.7815
vn -0.7401 0.1841 -0.6468
vn -0.8394 -0.0307 -0.5427
vn -0.7288 0.1851 -0.6593
vn -0.5868 -0.0185 -0.8095
vn -0.8065 -0.0373 -0.5900
vn -0.4960 -0.1596 -0.8535
vn -0.3967 -0.1023 -0.9122
vn -0.3574 -0.0533 -0.9324
vn -0.5033 -0.2704 -0.8207
vn -0.7560 0.5498 0.3552
vn -0.7029 0.6654 0.2513
vn -0.7801 0.6142 0.1192
vn -0.8353 0.4883 0.2525
vn -0.6565 0.5454 0.5211
vn -0.6136 0.7038 0.3580
vn -0.7965 0.4334 0.4217
vn -0.6480 0.4712 0.5983
vn -0.9002 0.3638 0.2392
vn -0.8131 0.4014 0.4216
vn -0.6784 0.3076 0.6672
vn -0.7968 0.5940 0.1107
vn -0.8353 0.5185 -0.1829
vn -0.8298 0.5370 -0.1521
vn -0.9005 0.4259 0.0880
vn -0.9358 0.3292 -0.1264
vn -0.7159 0.6139 0.3327
vn -0.8356 0.4615 0.2981
vn -0.9235 0.3818 0.0377
vn -0.9678 0.2376 0.0834
vn -0.8207 0.3937 -0.4141
vn -0.8320 0.4095 -0.3742
vn -0.8980 0.2893 -0.3315
vn -0.9477 0.2383 -0.2121
vn -0.8328 -0.1887 -0.5205
vn -0.6330 -0.5150 -0.5780
vn -0.5615 -0.4548 -0.6913
vn -0.7160 -0.2220 -0.6619
vn -0.8691 -0.0605 -0.4909
vn -0.7323 -0.4103 -0.5435
vn -0.8107 -0.1094 -0.5751
vn -0.7872 -0.2097 -0.5799
vn -0.6110 -0.2785 -0.7410
vn -0.7627 -0.4657 -0.4488
vn -0.7688 -0.4563 -0.4481
vn -0.5582 -0.5907 -0.5827
vn -0.5630 -0.5327 -0.6318
vn -0.9082 -0.3295 -0.2580
vn -0.9300 -0.2716 -0.2477
vn -0.7350 -0.3796 -0.5618
vn -0.8941 -0.2460 -0.3743
vn -0.6297 -0.4078 -0.6612
vn -0.4772 -0.5024 -0.7210
vn -0.5245 -0.4049 -0.7489
vn -0.4699 -0.6012 -0.6464
vn -0.4560 -0.5668 -0.6862
vn -0.5657 -0.4107 -0.7150
vn -0.4011 -0.6614 -0.6337
vn -0.4153 -0.5820 -0.6992
vn -0.5301 -0.4370 -0.7266
vn -0.3939 -0.6139 -0.6841
vn -0.7377 -0.5887 -0.3306
vn -0.7621 -0.6372 -0.1148
vn -0.7921 -0.5928 -0.1454
vn -0.7505 -0.5458 -0.3727
vn -0.7231 -0.6137 -0.3168
vn -0.7515 -0.6499 -0.1138
vn -0.6676 -0.4797 -0.5694
vn -0.6715 -0.5220 -0.5259
vn -0.6559 -0.4216 -0.6262
vn -0.8556 -0.3728 -0.3591
vn -0.7055 -0.2972 -0.6434
vn -0.9100 -0.3975 -0.1181
vn -0.9186 -0.3936 0.0356
vn -0.9982 -0.0151 0.0588
vn -0.9936 -0.0385 -0.1061
vn -0.7954 -0.6047 0.0401
vn -0.9416 -0.0494 -0.3331
vn -0.8607 0.3707 -0.3489
vn -0.9782 0.1330 -0.1593
vn -0.9749 0.2227 0.0003
vn -0.7947 0.2060 -0.5710
vn -0.9325 -0.0302 -0.3598
vn -0.7043 0.5687 -0.4249
vn -0.6327 0.3881 -0.6701
vn -0.5209 0.1752 -0.8354
vn -0.6801 -0.0403 -0.7320
vn -0.7799 -0.2844 -0.5575
vn -0.9928 -0.0980 -0.0681
vn -0.9751 -0.2063 -0.0810
vn -0.9916 -0.0808 -0.1008
vn -0.5437 -0.3799 -0.7484
vn -0.5396 -0.5587 -0.6298
vn 0.1015 -0.2888 -0.9520
vn 0.1416 -0.2092 -0.9676
vn 0.5074 -0.3070 -0.8052
vn 0.4683 -0.3756 -0.7998
vn -0.1072 -0.2171 -0.9702
vn -0.0475 -0.1063 -0.9932
vn 0.0351 -0.3858 -0.9219
vn -0.2554 -0.3522 -0.9004
vn 0.3938 -0.4970 -0.7732
vn -0.1915 -0.5161 0.8348
vn -0.0114 -0.6236 0.7816
vn 0.1384 -0.5052 0.8519
vn -0.0079 -0.3782 0.9257
vn -0.4482 -0.5257 0.7230
vn -0.2556 -0.7072 0.6592
vn -0.3407 -0.3728 0.8631
vn -0.5808 -0.3475 0.7361
vn -0.1930 -0.2404 0.9513
vn -0.0023 -0.8493 0.5279
vn 0.1565 -0.7548 0.6370
vn -0.4310 -0.7375 0.5199
vn -0.1667 -0.8899 0.4246
vn -0.5848 -0.5073 0.6330
vn 0.2524 -0.6338 0.7312
vn 0.0354 -0.9349 0.3531
vn 0.1986 -0.8767 0.4381
vn -0.2672 -0.8740 0.4058
vn -0.1086 -0.9492 0.2953
vn -0.4673 -0.7159 0.5188
vn 0.2914 -0.8016 0.5221
vn 0.3309 -0.7302 0.5978
vn 0.0203 -0.9719 0.2345
vn 0.1894 -0.9236 0.3333
vn -0.0519 -0.9492 0.3105
vn 0.0087 -0.9802 0.1981
vn -0.1603 -0.8747 0.4575
vn 0.3362 -0.8600 0.3839
vn 0.4001 -0.7887 0.4668
vn 0.4464 -0.6939 0.5650
vn -0.2912 0.7236 0.6258
vn -0.1538 0.9078 0.3902
vn -0.3544 0.8899 0.2871
vn -0.5196 0.7050 0.4827
vn -0.1146 0.6711 0.7325
vn 0.0413 0.8729 0.4861
vn -0.3935 0.4484 0.8025
vn -0.2158 0.4241 0.8795
vn -0.5826 0.4513 0.6759
vn -0.3584 0.6492 0.6709
vn -0.1638 0.6357 0.7543
vn -0.5182 0.6524 0.5530
vn -0.5592 0.8160 0.1463
vn -0.6837 0.6740 0.2800
vn -0.7364 0.4544 0.5012
vn -0.6405 0.6342 0.4331
vn -0.4768 0.6994 0.5325
vn -0.3094 0.7072 0.6357
vn -0.5279 0.5331 0.6612
vn -0.3883 0.5472 0.7414
vn -0.6747 0.7373 0.0356
vn -0.7507 0.6463 0.1369
vn -0.5262 0.5016 0.6867
vn -0.5227 0.4106 0.7471
vn -0.7431 0.6625 -0.0946
vn -0.8241 0.5662 0.0179
vn -0.7926 0.5187 -0.3205
vn -0.8902 0.3918 -0.2326
vn 0.4215 -0.7071 -0.5678
vn 0.3353 -0.7672 -0.5469
vn 0.3213 -0.6882 -0.6505
vn 0.4037 -0.6474 -0.6465
vn 0.3936 -0.7804 -0.4858
vn 0.3450 -0.8315 -0.4353
vn 0.4363 -0.7034 -0.5612
vn 0.4210 -0.7686 -0.4817
vn 0.4584 -0.6063 -0.6498
vn 0.3738 -0.6899 -0.6199
vn 0.3640 -0.7946 -0.4859
vn 0.3909 -0.5759 -0.7180
vn 0.3461 -0.5377 -0.7688
vn 0.4242 -0.4825 -0.7663
vn 0.2383 -0.6024 -0.7618
vn 0.3932 -0.4637 -0.7939
vn 0.1863 -0.4304 -0.8832
vn 0.1725 -0.5881 -0.7902
vn 0.2069 -0.7268 -0.6549
vn -0.1223 -0.5457 -0.8290
vn -0.1385 -0.7015 -0.6990
vn 0.0116 -0.3456 -0.9383
vn 0.1810 -0.8130 -0.5534
vn 0.1910 -0.6690 -0.7183
vn 0.1905 -0.9046 -0.3814
vn 0.1488 -0.5367 -0.8305
vn -0.0041 -0.6414 -0.7672
vn -0.2601 -0.5640 -0.7837
vn -0.1641 -0.4034 -0.9002
vn 0.0273 -0.4716 -0.8814
vn -0.0581 -0.8411 -0.5378
vn -0.2511 -0.7644 -0.5938
vn -0.0915 -0.2797 -0.9557
vn 0.0711 -0.3527 -0.9330
vn -0.4188 -0.3455 -0.8398
vn -0.2854 -0.2161 -0.9337
vn -0.5002 -0.4710 -0.7266
vn 0.1977 -0.4510 -0.8704
vn -0.7308 0.6617 0.1678
vn -0.6607 0.6709 0.3367
vn -0.3655 0.9277 -0.0758
vn -0.3893 0.8925 -0.2277
vn -0.7962 0.5587 0.2323
vn -0.6838 0.6268 0.3735
vn -0.7996 0.5892 0.1160
vn -0.8832 0.4598 0.0921
vn -0.3700 0.8913 -0.2622
vn -0.5450 0.7774 -0.3141
vn -0.9222 0.3863 0.0178
vn -0.9555 0.2949 -0.0000
vn -0.5591 0.4811 -0.6752
vn -0.9568 0.1775 -0.2303
vn -0.9742 0.2028 -0.0986
vn 0.8243 -0.5208 0.2220
vn 0.8510 -0.4862 0.1987
vn 0.7474 -0.6643 -0.0070
vn 0.7028 -0.7114 -0.0015
vn 0.8386 -0.3193 0.4414
vn 0.8919 -0.2465 0.3792
vn 0.9261 -0.3698 -0.0745
vn 0.9856 -0.1483 0.0816
vn 0.7909 -0.5576 -0.2520
vn 0.7913 -0.1167 0.6002
vn 0.8756 -0.0386 0.4815
vn 0.9615 0.0751 0.2645
vn 0.9108 -0.0258 0.4121
vn 0.9414 -0.2421 0.2348
vn 0.8993 -0.4340 0.0530
vn 0.7379 -0.1255 0.6631
vn 0.8084 -0.3373 0.4824
vn 0.8004 -0.5570 0.2215
vn 0.7164 0.0418 0.6964
vn 0.8357 0.1025 0.5395
vn 0.8846 0.1828 0.4291
vn 0.8272 0.1622 0.5380
vn 0.6630 0.1340 0.7365
vn 0.7908 0.1967 0.5796
vn 0.7399 0.2260 0.6336
vn 0.5039 0.3092 0.8065
vn 0.6322 0.4525 0.6289
vn 0.7049 0.3073 0.6392
vn 0.5957 0.2121 0.7747
vn 0.2980 0.4743 0.8284
vn 0.4787 0.6408 0.6002
vn 0.6699 0.3633 0.6475
vn 0.4806 0.5686 0.6677
vn 0.7190 0.2710 0.6400
vn 0.6824 0.4369 0.5860
vn 0.7418 0.2839 0.6075
vn 0.5296 0.6262 0.5722
vn 0.4591 0.2092 0.8634
vn 0.5922 0.1017 0.7994
vn 0.2484 0.4235 0.8712
vn 0.4533 0.3143 0.8341
vn 0.6027 0.2378 0.7617
vn 0.2728 0.4323 0.8595
vn 0.1705 0.7650 0.6210
vn 0.0649 0.6607 0.7478
vn 0.3179 0.8009 0.5074
vn 0.3277 0.7920 0.5150
vn 0.0096 0.5747 0.8183
vn -0.1086 0.7989 0.5915
vn 0.1309 0.9217 0.3652
vn 0.0921 0.8920 0.4425
vn -0.2226 0.6423 0.7334
vn -0.0481 0.9716 0.2317
vn -0.0787 0.9473 0.3104
vn -0.3850 0.6861 0.6173
vn 0.9910 -0.0254 0.1311
vn 0.9515 -0.0709 0.2995
vn 0.9534 -0.2961 -0.0581
vn 0.9522 -0.2503 -0.1753
vn 0.8738 0.2277 0.4296
vn 0.7868 0.2253 0.5747
vn 0.9846 0.1737 -0.0194
vn 0.8676 0.4613 0.1856
vn 0.9597 0.0044 -0.2808
vn 0.9404 -0.1031 0.3240
vn 0.9583 -0.1770 0.2242
vn 0.8306 0.1670 0.5312
vn 0.9589 -0.1122 0.2607
vn 0.9660 -0.2193 0.1370
vn 0.8671 0.1275 0.4815
vn 0.9572 -0.0457 0.2857
vn 0.9754 -0.2002 0.0928
vn 0.8619 0.1567 0.4823
vn 0.9437 -0.0390 0.3286
vn 0.9572 -0.2422 0.1587
vn 0.8169 0.1552 0.5555
vn 0.9277 -0.0599 0.3685
vn 0.9449 -0.3199 0.0692
vn 0.8340 0.1773 0.5224
vn 0.9663 -0.0383 0.2545
vn 0.9826 -0.0899 0.1623
vn 0.9144 0.1582 0.3726
vn 0.9753 0.0509 0.2149
vn 0.9863 -0.1620 0.0323
vn 0.8661 0.2601 0.4269
vn 0.9671 0.0363 0.2520
vn 0.9838 -0.1697 0.0579
vn 0.8811 0.2101 0.4237
vn 0.9596 0.0967 0.2641
vn 0.9799 -0.1863 0.0708
vn 0.8766 0.2389 0.4177
vn 0.9855 0.0692 0.1546
vn 0.9683 -0.2349 -0.0844
vn 0.8540 0.3054 0.4213
vn 0.9618 0.1902 0.1968
vn 0.9961 -0.0641 -0.0600
vn 0.7837 0.4376 0.4408
vn 0.9711 0.1871 0.1482
vn 0.9915 -0.0902 -0.0938
vn 0.8500 0.4095 0.3313
vn 0.9896 0.1408 0.0284
vn 0.9658 -0.0969 -0.2405
vn 0.7381 0.4900 0.4637
vn 0.9662 0.2553 0.0351
vn 0.9696 0.0923 -0.2265
vn 0.8113 0.4505 0.3725
vn 0.9297 0.3679 0.0173
vn 0.9284 0.2192 -0.3000
vn 0.8314 0.5034 0.2350
vn 0.8922 0.4469 -0.0655
vn 0.8875 0.3940 -0.2389
vn 0.8163 0.5478 0.1834
vn 0.8197 0.5677 -0.0761
vn 0.8258 0.4856 -0.2869
vn 0.7712 0.5774 0.2682
vn 0.7538 0.6560 -0.0373
vn 0.7454 0.5871 -0.3158
vn 0.7101 0.6465 0.2789
vn 0.7275 0.6844 -0.0479
vn 0.6946 0.6388 -0.3309
vn 0.6675 0.6785 0.3068
vn 0.7279 0.6856 -0.0125
vn 0.6854 0.6627 -0.3018
vn 0.6746 0.6641 0.3222
vn 0.7432 0.6690 0.0081
vn 0.6933 0.6646 -0.2784
vn 0.6490 0.6455 0.4027
vn 0.7280 0.6844 -0.0394
vn 0.6714 0.7071 -0.2219
vn 0.6742 0.6659 0.3194
vn 0.7081 0.7054 0.0319
vn 0.6270 0.7384 -0.2482
vn 0.6876 0.6321 0.3574
vn 0.7376 0.6633 0.1267
vn 0.6694 0.6986 -0.2527
vn 0.6976 0.6025 0.3878
vn 0.7214 0.6864 0.0918
vn 0.7146 0.6728 -0.1913
vn 0.7239 0.6009 0.3388
vn 0.6949 0.7075 0.1290
vn 0.6827 0.6829 -0.2599
vn 0.6966 0.5437 0.4681
vn 0.7575 0.6433 0.1113
vn 0.6952 0.6691 -0.2626
vn 0.7053 0.6010 0.3759
vn 0.8036 0.5951 -0.0103
vn 0.7007 0.6408 -0.3137
vn 0.7505 0.5129 0.4167
vn 0.8177 0.5751 0.0235
vn 0.7295 0.6127 -0.3041
vn 0.8262 0.4650 0.3179
vn 0.8155 0.5788 -0.0007
vn 0.7231 0.6215 -0.3015
vn 0.8324 0.4565 0.3141
vn 0.8543 0.5197 -0.0054
vn 0.7202 0.6176 -0.3162
vn 0.8695 0.4142 0.2691
vn 0.9039 0.4260 -0.0378
vn 0.7566 0.5519 -0.3506
vn 0.9262 0.2536 0.2789
vn 0.9419 0.3354 -0.0186
vn 0.7808 0.5044 -0.3687
vn 0.9583 0.2328 0.1656
vn 0.9379 0.3410 -0.0630
vn 0.7869 0.4874 -0.3785
vn 0.9637 0.1724 0.2041
vn 0.9413 0.3132 -0.1262
vn 0.7794 0.4777 -0.4055
vn 0.9824 0.1550 0.1043
vn 0.9422 0.2598 -0.2118
vn 0.8025 0.4216 -0.4222
vn 0.9944 0.1000 0.0334
vn 0.9332 0.2125 -0.2899
vn 0.7926 0.3698 -0.4849
vn 0.9988 -0.0398 -0.0283
vn 0.9428 0.1195 -0.3112
vn 0.8018 0.3050 -0.5139
vn 0.9882 -0.1234 -0.0905
vn 0.9358 0.0549 -0.3482
vn 0.7934 0.2676 -0.5467
vn 0.9792 -0.1943 -0.0581
vn 0.9147 -0.0052 -0.4042
vn 0.7591 0.2324 -0.6081
vn 0.9606 -0.2483 -0.1247
vn 0.8963 -0.0853 -0.4352
vn 0.7230 0.1507 -0.6742
vn 0.9297 -0.3064 -0.2043
vn 0.8514 -0.1411 -0.5052
vn 0.6724 0.0850 -0.7353
vn 0.8949 -0.3936 -0.2104
vn 0.7933 -0.2226 -0.5667
vn 0.6236 0.0375 -0.7808
vn 0.8584 -0.4474 -0.2512
vn 0.7595 -0.2590 -0.5968
vn 0.6377 -0.0208 -0.7700
vn 0.8487 -0.4424 -0.2898
vn 0.7777 -0.2341 -0.5835
vn 0.6131 -0.0223 -0.7897
vn 0.8380 -0.4411 -0.3212
vn 0.7731 -0.2348 -0.5893
vn 0.5888 -0.0073 -0.8082
vn 0.8374 -0.4339 -0.3325
vn 0.7444 -0.2811 -0.6057
vn 0.5631 -0.0083 -0.8263
vn 0.8319 -0.4436 -0.3336
vn 0.7976 -0.4867 -0.3563
vn 0.7020 -0.3386 -0.6266
vn 0.5298 -0.0824 -0.8441
vn 0.7748 -0.4944 -0.3941
vn 0.6773 -0.3608 -0.6411
vn 0.5383 -0.1696 -0.8255
vn 0.7844 -0.4902 -0.3800
vn 0.6756 -0.3506 -0.6486
vn 0.5352 -0.1731 -0.8268
vn 0.7922 -0.4857 -0.3696
vn 0.6802 -0.3369 -0.6510
vn 0.5191 -0.2006 -0.8308
vn 0.7791 -0.5082 -0.3672
vn 0.6561 -0.3345 -0.6765
vn 0.4747 -0.2004 -0.8570
vn 0.7732 -0.5035 -0.3856
vn 0.6456 -0.4071 -0.6461
vn 0.4311 -0.2207 -0.8749
vn 0.7793 -0.4990 -0.3790
vn 0.6229 -0.4006 -0.6719
vn 0.4086 -0.2503 -0.8777
vn 0.7976 -0.4825 -0.3619
vn 0.6479 -0.3870 -0.6560
vn 0.3999 -0.2541 -0.8806
vn 0.8041 -0.4448 -0.3945
vn 0.6081 -0.3966 -0.6876
vn 0.3755 -0.2470 -0.8933
vn 0.7743 -0.4867 -0.4044
vn 0.5926 -0.4257 -0.6838
vn 0.4091 -0.3055 -0.8598
vn 0.7482 -0.5371 -0.3896
vn 0.5808 -0.4766 -0.6600
vn 0.3647 -0.3928 -0.8442
vn 0.7390 -0.5357 -0.4086
vn 0.5523 -0.5123 -0.6576
vn 0.3390 -0.4344 -0.8345
vn 0.7648 -0.4786 -0.4312
vn 0.5781 -0.4744 -0.6639
vn 0.3352 -0.4007 -0.8527
vn 0.7759 -0.4420 -0.4501
vn 0.5835 -0.4479 -0.6775
vn 0.3639 -0.3955 -0.8433
vn 0.7663 -0.4718 -0.4361
vn 0.5768 -0.4898 -0.6537
vn 0.3662 -0.4504 -0.8143
vn 0.7506 -0.5163 -0.4123
vn 0.5661 -0.5376 -0.6249
vn 0.3435 -0.5362 -0.7710
vn 0.7677 -0.5051 -0.3943
vn 0.5586 -0.5523 -0.6188
vn 0.2989 -0.5565 -0.7752
vn 0.7768 -0.4727 -0.4161
vn 0.5581 -0.5477 -0.6233
vn 0.3153 -0.5281 -0.7885
vn 0.7851 -0.4857 -0.3844
vn 0.5710 -0.5605 -0.5998
vn 0.3553 -0.5846 -0.7294
vn 0.7909 -0.4594 -0.4043
vn 0.5706 -0.5385 -0.6201
vn 0.2899 -0.5852 -0.7573
vn 0.8111 -0.4097 -0.4175
vn 0.5925 -0.5277 -0.6087
vn 0.3052 -0.5558 -0.7733
vn 0.8032 -0.4574 -0.3816
vn 0.5961 -0.6157 -0.5153
vn 0.3071 -0.7015 -0.6431
vn 0.7731 -0.4354 -0.4612
vn 0.5643 -0.5888 -0.5787
vn 0.3011 -0.7136 -0.6325
vn 0.7717 -0.2681 -0.5768
vn 0.5385 -0.4420 -0.7174
vn 0.2786 -0.5812 -0.7646
vn 0.7577 -0.1688 -0.6304
vn 0.4924 -0.3496 -0.7970
vn 0.2431 -0.4875 -0.8386
vn 0.7139 -0.0266 -0.6997
vn 0.4443 -0.2039 -0.8724
vn 0.1771 -0.3442 -0.9221
vn 0.6348 0.1278 -0.7621
vn 0.3805 -0.0556 -0.9231
vn 0.1168 -0.2137 -0.9699
vn 0.4560 0.3885 -0.8007
vn 0.2184 0.2090 -0.9532
vn 0.0012 -0.0283 -0.9996
vn 0.2467 0.6470 -0.7215
vn -0.0499 0.4634 -0.8847
vn -0.2757 0.2572 -0.9262
vn 0.3343 0.6186 -0.7111
vn -0.0248 0.4860 -0.8736
vn -0.3370 0.3099 -0.8891
vn 0.3653 0.5834 -0.7254
vn 0.0893 0.4271 -0.8998
vn -0.1654 0.1973 -0.9663
vn 0.2297 0.6815 -0.6949
vn -0.0240 0.4684 -0.8832
vn -0.2771 0.2563 -0.9260
vn 0.2028 0.7268 -0.6563
vn -0.0271 0.5501 -0.8347
vn -0.2881 0.3352 -0.8970
vn 0.1823 0.7380 -0.6497
vn -0.0485 0.5526 -0.8320
vn -0.2302 0.2633 -0.9368
vn 0.1130 0.8102 -0.5751
vn -0.1602 0.6139 -0.7730
vn -0.3981 0.3499 -0.8480
vn 0.1215 0.8170 -0.5636
vn -0.1459 0.6436 -0.7514
vn -0.4302 0.3916 -0.8134
vn 0.1151 0.8305 -0.5450
vn -0.1540 0.6524 -0.7421
vn -0.3965 0.3910 -0.8306
vn 0.0218 0.8876 -0.4601
vn -0.2772 0.7302 -0.6245
vn -0.5526 0.5011 -0.6661
vn 0.1385 0.8332 -0.5354
vn -0.1617 0.7061 -0.6894
vn -0.4741 0.4784 -0.7392
vn 0.1874 0.7960 -0.5756
vn -0.0924 0.6538 -0.7510
vn -0.3719 0.4173 -0.8292
vn 0.1257 0.8470 -0.5165
vn -0.1696 0.7405 -0.6503
vn -0.4931 0.5226 -0.6955
vn 0.1760 0.8602 -0.4787
vn -0.1421 0.7714 -0.6203
vn -0.4431 0.5589 -0.7009
vn 0.1350 0.9212 -0.3648
vn -0.1927 0.7988 -0.5699
vn -0.4509 0.5050 -0.7360
vn 0.1239 0.8982 -0.4219
vn -0.2808 0.7828 -0.5553
vn -0.5579 0.5609 -0.6116
vn 0.1783 0.8877 -0.4245
vn -0.2305 0.8529 -0.4685
vn -0.5707 0.7218 -0.3915
vn 0.1285 0.9034 -0.4090
vn -0.2376 0.8553 -0.4605
vn -0.5749 0.7086 -0.4090
vn 0.1009 0.8561 -0.5068
vn -0.2732 0.8606 -0.4297
vn -0.5719 0.7489 -0.3349
vn 0.1612 0.9252 -0.3437
vn -0.1451 0.9705 -0.1925
vn -0.5520 0.8279 -0.0996
vn 0.1757 0.8608 -0.4777
vn -0.1272 0.9096 -0.3954
vn -0.4824 0.8547 -0.1917
vn 0.5870 0.5351 0.6076
vn 0.5934 0.5311 0.6048
vn 0.6511 0.5556 0.5170
vn 0.6746 0.5232 0.5208
vn 0.5420 0.5545 0.6315
vn 0.6092 0.6204 0.4939
vn 0.6681 0.5986 0.4419
vn 0.6726 0.5572 0.4869
vn 0.6782 0.5783 0.4535
vn 0.6076 0.6203 0.4960
vn 0.5576 0.6015 0.5721
vn 0.5838 0.5489 0.5983
vn 0.6064 0.5605 0.5640
vn 0.5587 0.5347 0.6340
vn 0.5882 0.4899 0.6435
vn 0.5754 0.4581 0.6776
vn 0.5647 0.3939 0.7252
vn 0.5926 0.4966 0.6342
vn 0.6240 0.4377 0.6474
vn 0.6532 0.3118 0.6900
vn 0.6765 0.3287 0.6590
vn 0.7032 0.2857 0.6511
vn 0.7759 0.1883 0.6021
vn 0.8418 0.1211 0.5261
vn 0.8720 0.0287 0.4886
vn 0.8986 -0.0113 0.4386
vn 0.9037 -0.0648 0.4232
vn 0.9333 -0.1907 0.3041
vn 0.9254 -0.2840 0.2511
vn 0.9342 -0.3221 0.1536
vn 0.9053 -0.3982 0.1479
vn 0.8906 -0.4245 0.1632
vn 0.8591 -0.4970 0.1225
vn 0.8351 -0.5480 0.0476
vn 0.8202 -0.5721 -0.0045
vn 0.8104 -0.5856 -0.0195
vn 0.8309 -0.5559 0.0260
vn 0.8382 -0.5454 0.0047
vn 0.8164 -0.5774 -0.0099
vn 0.7938 -0.6082 0.0053
vn 0.7802 -0.6254 -0.0133
vn 0.7790 -0.6271 -0.0023
vn 0.8087 -0.5882 -0.0038
vn 0.8388 -0.5444 -0.0047
vn 0.8277 -0.5597 -0.0403
vn 0.8243 -0.5659 0.0162
vn 0.8693 -0.4939 -0.0189
vn 0.8857 -0.4641 -0.0103
vn 0.8759 -0.4825 -0.0027
vn 0.8720 -0.4890 -0.0210
vn 0.8755 -0.4809 -0.0465
vn 0.9074 -0.4124 -0.0806
vn 0.9323 -0.3491 -0.0947
vn 0.9256 -0.3627 -0.1082
vn 0.9154 -0.3919 -0.0924
vn 0.9185 -0.3816 -0.1040
vn 0.9301 -0.3492 -0.1141
vn 0.9362 -0.3332 -0.1118
vn 0.9415 -0.2995 -0.1543
vn 0.9548 -0.2451 -0.1684
vn 0.9572 -0.2238 -0.1834
vn 0.9483 -0.1949 -0.2506
vn 0.9458 -0.0985 -0.3094
vn 0.9378 0.0257 -0.3462
vn 0.8679 0.1751 -0.4648
vn 0.7838 0.3421 -0.5183
vn 0.6720 0.5199 -0.5274
vn 0.5626 0.6779 -0.4732
vn 0.5608 0.7121 -0.4224
vn 0.5049 0.7407 -0.4433
vn 0.4312 0.7923 -0.4316
vn 0.4130 0.8156 -0.4051
vn 0.4065 0.8269 -0.3886
vn 0.3507 0.8688 -0.3495
vn 0.3605 0.8727 -0.3292
vn 0.3411 0.8828 -0.3229
vn 0.2758 0.9278 -0.2512
vn 0.3836 0.8708 -0.3073
vn 0.4056 0.8504 -0.3352
vn 0.3796 0.8570 -0.3486
vn 0.4311 0.8244 -0.3667
vn 0.4112 0.8849 -0.2189
vn 0.4584 0.8489 -0.2630
vn 0.4874 0.8227 -0.2925
vn 0.4549 0.8190 -0.3498
vn 0.4308 0.7676 -0.4746
vn 0.4250 0.8308 -0.3594
vn 0.4296 0.7463 -0.5085
vn 0.2991 0.6286 -0.7179
vn 0.0271 0.7144 -0.6992
vn -0.2723 0.7594 -0.5909
vn 0.4007 0.3389 0.8512
vn 0.4267 0.3208 0.8456
vn 0.3357 0.3662 0.8679
vn 0.4822 0.2845 0.8285
vn 0.4388 0.3109 0.8431
vn 0.4536 0.3170 0.8329
vn 0.4385 0.1961 0.8771
vn 0.5097 0.2089 0.8346
vn 0.5345 0.1302 0.8351
vn 0.5682 0.1158 0.8147
vn 0.5837 0.0799 0.8080
vn 0.6615 -0.0667 0.7470
vn 0.6940 -0.1723 0.6991
vn 0.7423 -0.1843 0.6442
vn 0.7062 -0.3093 0.6369
vn 0.7140 -0.3872 0.5833
vn 0.7715 -0.4316 0.4675
vn 0.7285 -0.5267 0.4381
vn 0.7174 -0.5679 0.4035
vn 0.6859 -0.6051 0.4042
vn 0.7046 -0.6078 0.3661
vn 0.6911 -0.6226 0.3669
vn 0.6712 -0.6638 0.3300
vn 0.6795 -0.6729 0.2923
vn 0.7091 -0.6502 0.2728
vn 0.6987 -0.6143 0.3666
vn 0.7017 -0.6208 0.3496
vn 0.6659 -0.6455 0.3740
vn 0.6771 -0.6433 0.3574
vn 0.7129 -0.6128 0.3410
vn 0.7628 -0.5788 0.2885
vn 0.7706 -0.5572 0.3093
vn 0.7533 -0.5546 0.3536
vn 0.7855 -0.5229 0.3310
vn 0.8289 -0.4567 0.3230
vn 0.8459 -0.4054 0.3466
vn 0.8565 -0.4000 0.3261
vn 0.8592 -0.4033 0.3149
vn 0.8798 -0.3654 0.3040
vn 0.9180 -0.2820 0.2790
vn 0.9512 -0.1909 0.2423
vn 0.9575 -0.1631 0.2379
vn 0.9558 -0.1711 0.2390
vn 0.9670 -0.1643 0.1948
vn 0.9801 -0.1407 0.1398
vn 0.9841 -0.1384 0.1110
vn 0.9893 -0.1167 0.0876
vn 0.9958 -0.0796 0.0456
vn 0.9986 -0.0467 0.0235
vn 0.9999 0.0044 -0.0148
vn 0.9962 0.0758 -0.0435
vn 0.9701 0.2149 -0.1130
vn 0.9133 0.3684 -0.1739
vn 0.8882 0.4165 -0.1942
vn 0.8077 0.5592 -0.1869
vn 0.6973 0.7003 -0.1526
vn 0.6723 0.7236 -0.1561
vn 0.6230 0.7665 -0.1561
vn 0.5681 0.8140 -0.1214
vn 0.5618 0.8153 -0.1402
vn 0.5559 0.8212 -0.1291
vn 0.5045 0.8583 -0.0942
vn 0.5194 0.8515 -0.0720
vn 0.5073 0.8578 -0.0821
vn 0.4764 0.8781 -0.0453
vn 0.5747 0.8150 -0.0746
vn 0.5542 0.8261 -0.1022
vn 0.5693 0.8167 -0.0944
vn 0.6194 0.7548 -0.2159
vn 0.6236 0.7721 -0.1226
vn 0.6637 0.7284 -0.1703
vn 0.6637 0.7192 -0.2058
vn 0.7007 0.6702 -0.2446
vn 0.6326 0.6436 -0.4308
vn 0.6731 0.6425 -0.3662
vn 0.6773 0.5693 -0.4659
vn 0.5396 0.5116 -0.6686
vn 0.3350 0.7419 -0.5808
vn 0.1367 0.8340 -0.5345
vn 0.5262 0.5586 -0.6412
vn 0.4029 -0.2558 0.8788
vn 0.4513 -0.3080 0.8375
vn 0.4281 -0.4183 0.8011
vn 0.4636 -0.4659 0.7537
vn 0.4607 -0.5211 0.7185
vn 0.4596 -0.5957 0.6587
vn 0.4491 -0.6617 0.6003
vn 0.3962 -0.6731 0.6244
vn 0.4634 -0.6190 0.6341
vn 0.4689 -0.6400 0.6087
vn 0.4387 -0.6891 0.5768
vn 0.4489 -0.6694 0.5920
vn 0.4561 -0.6417 0.6166
vn 0.4867 -0.6262 0.6091
vn 0.5129 -0.5990 0.6149
vn 0.5049 -0.5841 0.6355
vn 0.5034 -0.5911 0.6302
vn 0.5295 -0.5692 0.6289
vn 0.5685 -0.5374 0.6230
vn 0.5961 -0.5050 0.6242
vn 0.5913 -0.4965 0.6355
vn 0.6115 -0.4643 0.6407
vn 0.6446 -0.4198 0.6389
vn 0.6937 -0.3714 0.6171
vn 0.7287 -0.3028 0.6143
vn 0.7385 -0.2670 0.6192
vn 0.7524 -0.2657 0.6027
vn 0.7695 -0.2298 0.5959
vn 0.8195 -0.1221 0.5599
vn 0.8561 -0.0281 0.5161
vn 0.8631 0.0190 0.5046
vn 0.8773 0.0571 0.4766
vn 0.9024 0.1041 0.4182
vn 0.9268 0.1224 0.3550
vn 0.9321 0.1160 0.3432
vn 0.9433 0.1318 0.3047
vn 0.9504 0.1556 0.2693
vn 0.9509 0.1625 0.2636
vn 0.9538 0.1767 0.2431
vn 0.9487 0.2303 0.2165
vn 0.9354 0.3107 0.1690
vn 0.8858 0.4348 0.1622
vn 0.8656 0.4842 0.1278
vn 0.8214 0.5518 0.1442
vn 0.7241 0.6666 0.1772
vn 0.6870 0.7050 0.1761
vn 0.6786 0.7206 0.1422
vn 0.6371 0.7517 0.1703
vn 0.6351 0.7546 0.1650
vn 0.6604 0.7371 0.1434
vn 0.6416 0.7483 0.1686
vn 0.6462 0.7407 0.1837
vn 0.6364 0.7513 0.1746
vn 0.6352 0.7477 0.1935
vn 0.6890 0.7056 0.1659
vn 0.6649 0.7375 0.1182
vn 0.6984 0.7023 0.1376
vn 0.7673 0.6412 -0.0092
vn 0.7765 0.6297 0.0230
vn 0.7987 0.6011 -0.0262
vn 0.8101 0.5725 -0.1265
vn 0.8459 0.5152 -0.1377
vn 0.8002 0.4909 -0.3446
vn 0.8298 0.4217 -0.3656
vn 0.8269 0.4005 -0.3947
vn 0.6978 0.4100 -0.5873
vn 0.6679 0.3533 -0.6551
vn 0.6140 0.5131 -0.5998
vn 0.6865 0.3471 -0.6389
vn 0.2206 -0.5220 0.8240
vn 0.2848 -0.4712 0.8348
vn 0.1915 -0.6055 0.7725
vn 0.2724 -0.4586 0.8459
vn 0.2802 -0.4571 0.8441
vn 0.2938 -0.4417 0.8477
vn 0.3358 -0.4220 0.8421
vn 0.3466 -0.3727 0.8608
vn 0.3770 -0.3375 0.8626
vn 0.3980 -0.3271 0.8571
vn 0.4344 -0.2629 0.8615
vn 0.4793 -0.1922 0.8563
vn 0.5111 -0.1607 0.8444
vn 0.5221 -0.1067 0.8462
vn 0.5368 -0.0822 0.8397
vn 0.5685 -0.0376 0.8219
vn 0.6445 0.0514 0.7629
vn 0.6831 0.1625 0.7120
vn 0.6996 0.2132 0.6819
vn 0.7098 0.2543 0.6569
vn 0.7287 0.3241 0.6033
vn 0.7425 0.3795 0.5519
vn 0.7554 0.3791 0.5345
vn 0.7638 0.3860 0.5174
vn 0.7590 0.4105 0.5055
vn 0.7761 0.3968 0.4901
vn 0.7755 0.3953 0.4922
vn 0.7815 0.3975 0.4810
vn 0.7750 0.4181 0.4738
vn 0.7590 0.4846 0.4349
vn 0.7806 0.4802 0.4000
vn 0.7725 0.4880 0.4064
vn 0.6896 0.5737 0.4418
vn 0.6462 0.6038 0.4668
vn 0.6540 0.6048 0.4543
vn 0.6542 0.6002 0.4602
vn 0.6702 0.5663 0.4797
vn 0.7040 0.5499 0.4494
vn 0.6929 0.5496 0.4668
vn 0.6951 0.5459 0.4677
vn 0.7058 0.5661 0.4258
vn 0.7118 0.5511 0.4354
vn 0.7362 0.5398 0.4083
vn 0.7371 0.5529 0.3885
vn 0.7619 0.5343 0.3661
vn 0.8575 0.4594 0.2314
vn 0.8743 0.4433 0.1976
vn 0.9049 0.3967 0.1539
vn 0.9290 0.3694 0.0213
vn 0.9463 0.3233 0.0030
vn 0.9379 0.2676 -0.2209
vn 0.9386 0.2080 -0.2754
vn 0.9393 0.2264 -0.2579
vn 0.8346 0.1916 -0.5165
vn 0.7779 0.1057 -0.6194
vn 0.7860 0.1701 -0.5944
vn 0.1692 -0.0146 0.9855
vn 0.2375 0.0272 0.9710
vn 0.2775 0.0497 0.9594
vn 0.2678 0.1093 0.9573
vn 0.3097 0.1776 0.9341
vn 0.3822 0.2696 0.8839
vn 0.4271 0.3396 0.8380
vn 0.4486 0.3863 0.8059
vn 0.4541 0.4392 0.7752
vn 0.4636 0.5119 0.7232
vn 0.4629 0.5795 0.6707
vn 0.4820 0.5803 0.6564
vn 0.4910 0.5740 0.6553
vn 0.4952 0.5963 0.6318
vn 0.5206 0.5692 0.6364
vn 0.4964 0.5402 0.6795
vn 0.5295 0.5085 0.6790
vn 0.5233 0.4953 0.6934
vn 0.5233 0.5299 0.6673
vn 0.5556 0.4679 0.6873
vn 0.6354 0.3992 0.6610
vn 0.5943 0.4222 0.6845
vn 0.5607 0.4202 0.7135
vn 0.5834 0.3860 0.7146
vn 0.6109 0.3553 0.7075
vn 0.6177 0.3156 0.7204
vn 0.6575 0.2934 0.6940
vn 0.6693 0.2945 0.6821
vn 0.6462 0.2900 0.7060
vn 0.6754 0.3114 0.6685
vn 0.7070 0.3001 0.6404
vn 0.7349 0.2753 0.6198
vn 0.7287 0.2656 0.6312
vn 0.7451 0.2686 0.6104
vn 0.8483 0.1681 0.5021
vn 0.8953 0.1708 0.4115
vn 0.9235 0.1142 0.3662
vn 0.9733 0.0940 0.2096
vn 0.9824 0.0638 0.1758
vn 0.9995 -0.0327 0.0041
vn 0.9906 -0.0510 -0.1266
vn 0.9924 -0.0528 -0.1111
vn 0.9229 -0.1511 -0.3540
vn 0.8707 -0.1678 -0.4623
vn 0.8975 -0.0841 -0.4329
vn 0.8056 -0.1431 -0.5749
vn 0.1655 0.7125 0.6819
vn 0.1699 0.6688 0.7238
vn 0.1622 0.7060 0.6894
vn 0.1565 0.6221 0.7672
vn 0.1827 0.5743 0.7980
vn 0.1914 0.4969 0.8464
vn 0.2149 0.4776 0.8519
vn 0.2256 0.3691 0.9016
vn 0.3470 0.2550 0.9025
vn 0.3797 0.1995 0.9033
vn 0.3792 0.1544 0.9124
vn 0.4113 0.0959 0.9064
vn 0.4674 0.0588 0.8821
vn 0.4983 0.0441 0.8659
vn 0.5249 0.0279 0.8507
vn 0.5698 0.0476 0.8204
vn 0.5586 0.0473 0.8281
vn 0.5625 0.0338 0.8261
vn 0.6142 0.0061 0.7891
vn 0.6573 -0.0308 0.7530
vn 0.6510 -0.0147 0.7589
vn 0.6524 -0.0370 0.7569
vn 0.7319 -0.1126 0.6721
vn 0.7990 -0.1055 0.5920
vn 0.8303 -0.1742 0.5294
vn 0.8918 -0.2120 0.3997
vn 0.9094 -0.2392 0.3402
vn 0.9167 -0.3317 0.2229
vn 0.9429 -0.3227 0.0822
vn 0.9417 -0.3302 0.0645
vn 0.8915 -0.4357 -0.1243
vn 0.8702 -0.4459 -0.2095
vn 0.9129 -0.3715 -0.1694
vn 0.8409 -0.4410 -0.3136
vn 0.2992 -0.1974 0.9336
vn 0.3347 -0.2130 0.9179
vn 0.2529 -0.1880 0.9490
vn 0.3884 -0.2082 0.8977
vn 0.4308 -0.1978 0.8805
vn 0.4343 -0.2336 0.8700
vn 0.4681 -0.2620 0.8439
vn 0.5084 -0.2752 0.8159
vn 0.5298 -0.2518 0.8099
vn 0.5196 -0.2760 0.8086
vn 0.5789 -0.3160 0.7517
vn 0.6525 -0.3387 0.6779
vn 0.6707 -0.4203 0.6112
vn 0.7279 -0.4659 0.5030
vn 0.7520 -0.4707 0.4615
vn 0.7598 -0.5180 0.3929
vn 0.8011 -0.5336 0.2713
vn 0.7875 -0.5620 0.2529
vn 0.7250 -0.6801 0.1090
vn 0.7418 -0.6696 0.0365
vn 0.7871 -0.6058 0.1164
vn 0.7157 -0.6982 0.0127
vn 0.6969 -0.7099 -0.1022
vn 0.7002 -0.7107 -0.0689
vn 0.4239 -0.5787 0.6968
vn 0.4702 -0.6156 0.6324
vn 0.4924 -0.6495 0.5793
vn 0.5455 -0.6423 0.5384
vn 0.5292 -0.6847 0.5011
vn 0.5623 -0.7159 0.4138
vn 0.5425 -0.7524 0.3735
vn 0.4989 -0.8002 0.3329
vn 0.5678 -0.7759 0.2749
vn 0.5623 -0.7641 0.3161
vn 0.5121 -0.8088 0.2892
vn 0.5236 -0.8249 0.2131
vn 0.5126 -0.8294 0.2222
vn 0.7577 -0.2542 0.6011
vn 0.7308 -0.3129 0.6066
vn 0.8947 -0.2889 0.3407
vn 0.9060 -0.2191 0.3621
vn 0.5411 -0.3049 0.7837
vn 0.5450 -0.3151 0.7769
vn 0.7626 -0.1820 0.6207
vn 0.5661 -0.2466 0.7866
vn 0.9023 -0.1379 0.4083
vn 0.2278 -0.2850 0.9311
vn 0.1728 -0.2580 0.9506
vn 0.5371 -0.3001 0.7883
vn -0.1716 -0.2479 0.9535
vn -0.1918 -0.1222 0.9738
vn 0.2873 -0.3111 0.9059
vn -0.0793 -0.3103 0.9473
vn 0.7341 -0.3209 0.5984
vn -0.4031 -0.0498 0.9138
vn -0.3490 0.0859 0.9332
vn -0.1866 -0.0574 0.9808
vn -0.4896 0.0227 0.8717
vn -0.3705 0.0506 0.9274
vn -0.4558 -0.1440 0.8783
vn -0.5797 -0.0713 0.8117
vn 0.1513 -0.2263 0.9622
vn 0.4779 -0.2725 0.8351
vn -0.1701 0.0577 0.9837
vn -0.1423 0.0795 0.9866
vn -0.1496 -0.0313 0.9882
vn 0.0864 -0.1343 0.9872
vn -0.6285 0.4286 -0.6491
vn -0.7108 -0.0386 -0.7024
vn -0.6450 -0.0672 -0.7612
vn -0.4194 0.3277 -0.8466
vn -0.8860 0.2749 -0.3735
vn -0.7711 -0.0995 -0.6289
vn -0.3988 0.8070 -0.4356
vn -0.8407 0.5247 -0.1337
vn -0.1574 0.6895 -0.7069
vn -0.4724 -0.4599 -0.7519
vn -0.4789 -0.3983 -0.7823
vn -0.6976 -0.1462 -0.7014
vn -0.4575 -0.4914 -0.7411
vn -0.8641 0.1738 -0.4724
vn -0.4554 -0.3817 -0.8043
vn -0.4408 -0.3547 -0.8245
vn -0.7051 -0.1076 -0.7009
vn -0.6023 0.1007 -0.7919
vn -0.4751 -0.5042 -0.7211
vn -0.1923 -0.6944 -0.6934
vn -0.1722 -0.6687 -0.7233
vn -0.6977 -0.0974 -0.7097
vn -0.1680 -0.6463 -0.7443
vn -0.1709 -0.6315 -0.7563
vn -0.2175 -0.7210 -0.6580
vn 0.0085 -0.8132 -0.5820
vn 0.0203 -0.8105 -0.5854
vn -0.5027 -0.5062 -0.7007
vn 0.0338 -0.7963 -0.6039
vn 0.3152 -0.8500 -0.4221
vn 0.3019 -0.8455 -0.4405
vn 0.5391 -0.8053 -0.2465
vn 0.5815 -0.7871 -0.2057
vn 0.2987 -0.8384 -0.4560
vn 0.5640 -0.7649 -0.3112
vn 0.2664 -0.8427 -0.4678
vn 0.0460 -0.7872 -0.6150
vn 0.4932 -0.8176 -0.2972
vn 0.7746 -0.6156 -0.1448
vn 0.6802 -0.7301 -0.0656
vn 0.4910 -0.8442 -0.2151
vn 0.2720 -0.8543 -0.4429
vn 0.6737 -0.7361 0.0658
vn 0.7826 -0.5350 0.3183
vn 0.7960 -0.5763 0.1851
vn 0.6541 -0.7551 -0.0442
vn 0.4854 -0.8354 -0.2579
vn 0.6739 -0.7384 -0.0248
vn 0.5028 -0.8192 -0.2761
vn 0.7605 -0.6060 0.2330
vn 0.8115 -0.3161 0.4915
vn 0.8607 -0.3104 0.4036
vn 0.9747 0.2219 0.0253
vn 0.9952 0.0907 0.0378
vn 0.9604 0.1515 0.2339
vn 0.9319 0.2361 0.2753
vn 0.9682 0.1809 -0.1728
vn 0.9829 0.0839 -0.1641
vn 0.9661 0.2540 0.0459
vn 0.9696 0.1718 -0.1743
vn 0.9043 0.2913 0.3120
vn 0.8218 0.1883 0.5378
vn 0.7955 0.3318 0.5070
vn 0.8784 0.1275 0.4606
vn 0.6708 0.1227 0.7314
vn 0.7082 0.2163 0.6721
vn 0.7290 0.3808 0.5689
vn -0.2887 -0.8489 -0.4428
vn -0.2672 -0.8352 -0.4806
vn -0.4686 -0.6369 -0.6122
vn -0.5574 -0.6340 -0.5360
vn -0.0580 -0.9382 -0.3411
vn -0.0800 -0.9538 -0.2896
vn -0.4219 -0.6355 -0.6467
vn 0.3714 -0.8847 -0.2818
vn 0.1996 -0.9125 -0.3570
vn 0.1833 -0.9156 -0.3578
vn 0.2408 -0.9532 -0.1828
vn 0.3711 -0.8459 -0.3831
vn 0.1671 -0.8961 -0.4111
vn 0.3103 -0.8915 -0.3299
vn 0.3883 -0.8300 -0.4004
vn 0.1218 -0.9633 -0.2391
vn 0.1123 -0.9028 -0.4153
vn 0.0839 -0.9834 -0.1609
vn -0.0147 -0.9916 -0.1286
vn 0.1578 -0.8833 -0.4414
vn 0.0473 -0.9701 -0.2380
vn 0.0498 -0.9841 -0.1706
vn -0.4578 -0.2933 0.8393
vn -0.5740 -0.4477 0.6856
vn -0.4146 -0.6387 0.6483
vn -0.3651 -0.5992 0.7125
vn -0.6389 0.0545 0.7674
vn -0.7539 -0.1484 0.6400
vn -0.3894 -0.2832 0.8765
vn -0.5616 -0.0060 0.8274
vn -0.3415 -0.5538 0.7594
vn -0.6378 -0.1287 0.7593
vn -0.8173 -0.0094 0.5762
vn -0.7676 0.1305 0.6275
vn -0.4219 -0.2495 0.8716
vn -0.7962 0.2374 0.5565
vn -0.5598 -0.3960 0.7279
vn -0.4474 -0.4871 0.7501
vn -0.4392 -0.5863 0.6807
vn -0.5596 -0.4248 0.7116
vn -0.3683 -0.2230 0.9026
vn -0.3296 -0.2679 0.9053
vn -0.6203 -0.2089 0.7561
vn -0.3534 -0.1321 0.9261
vn -0.7408 -0.2415 0.6269
vn -0.8285 -0.0278 0.5594
vn -0.6553 0.0178 0.7552
vn -0.3555 0.0463 0.9335
vn 0.6110 0.3097 0.7285
vn 0.6110 0.4301 0.6645
vn 0.5339 0.2108 0.8189
vn -0.6708 -0.2948 0.6805
vn -0.6278 -0.4191 0.6559
vn -0.8938 0.0034 0.4485
vn -0.8422 -0.1897 0.5047
vn -0.5340 -0.3360 0.7758
vn -0.4918 -0.4739 0.7305
vn -0.8979 -0.0466 0.4377
vn -0.4986 -0.4627 0.7330
vn -0.9458 0.0679 0.3175
vn -0.9106 -0.0119 0.4131
vn -0.7319 -0.3230 0.5999
vn -0.5925 -0.4765 0.6495
vn -0.9390 -0.0761 0.3353
vn -0.7771 -0.2668 0.5701
vn -0.5080 -0.5134 0.6916
vn -0.9602 -0.0861 0.2658
vn -0.7866 -0.3619 0.5002
vn -0.4120 -0.5960 0.6892
vn -0.9523 -0.1705 0.2530
vn -0.8140 -0.3774 0.4415
vn -0.4094 -0.6211 0.6683
vn -0.9843 -0.1011 0.1449
vn -0.8170 -0.3579 0.4521
vn -0.5106 -0.6005 0.6154
vn -0.9405 -0.2445 0.2361
vn -0.7743 -0.4297 0.4646
vn -0.4683 -0.6037 0.6452
vn -0.9421 -0.2977 0.1541
vn -0.7101 -0.4867 0.5088
vn -0.3733 -0.5839 0.7209
vn -0.9350 -0.3290 0.1321
vn -0.7703 -0.4722 0.4285
vn -0.4056 -0.5352 0.7410
vn -0.8890 -0.4080 0.2081
vn -0.6762 -0.5248 0.5171
vn -0.4008 -0.5073 0.7629
vn -0.8769 -0.4658 0.1189
vn -0.6474 -0.5447 0.5331
vn -0.4953 -0.4869 0.7194
vn -0.8235 -0.5321 0.1969
vn -0.6464 -0.5117 0.5660
vn -0.5248 -0.4264 0.7367
vn -0.7701 -0.6253 0.1262
vn -0.6737 -0.5094 0.5354
vn -0.5714 -0.4092 0.7114
vn -0.7622 -0.6320 0.1403
vn -0.7225 -0.5800 0.3762
vn -0.6029 -0.4325 0.6704
vn -0.7952 -0.5971 0.1052
vn -0.6968 -0.5840 0.4165
vn -0.6165 -0.4638 0.6362
vn -0.7732 -0.6279 0.0891
vn -0.6810 -0.5927 0.4301
vn -0.5555 -0.4819 0.6776
vn -0.7613 -0.6406 0.1004
vn -0.6789 -0.5281 0.5101
vn -0.5860 -0.4912 0.6445
vn -0.7543 -0.6272 0.1940
vn -0.7238 -0.4933 0.4824
vn -0.6084 -0.4314 0.6662
vn -0.7938 -0.5978 0.1125
vn -0.7246 -0.4992 0.4752
vn -0.6220 -0.3863 0.6811
vn -0.8139 -0.5619 0.1476
vn -0.7540 -0.4488 0.4797
vn -0.6386 -0.3236 0.6982
vn -0.8201 -0.5713 0.0304
vn -0.8110 -0.3963 0.4303
vn -0.6650 -0.2754 0.6942
vn -0.8605 -0.5043 0.0720
vn -0.8230 -0.3945 0.4086
vn -0.6771 -0.2001 0.7081
vn -0.9010 -0.4313 0.0471
vn -0.8429 -0.3648 0.3956
vn -0.7411 -0.1496 0.6545
vn -0.9247 -0.3790 0.0353
vn -0.8780 -0.2976 0.3748
vn -0.7727 -0.1042 0.6262
vn -0.9340 -0.3554 0.0368
vn -0.8956 -0.2186 0.3875
vn -0.7794 -0.0801 0.6214
vn -0.9344 -0.3477 0.0775
vn -0.9030 -0.1476 0.4035
vn -0.8025 -0.0117 0.5965
vn -0.9490 -0.3117 0.0477
vn -0.9342 -0.1197 0.3360
vn -0.8462 0.0630 0.5292
vn -0.9549 -0.2944 -0.0390
vn -0.9619 -0.0375 0.2709
vn -0.8819 0.1353 0.4517
vn -0.9737 -0.2258 -0.0318
vn -0.9867 0.0182 0.1618
vn -0.9147 0.1923 0.3553
vn -0.9689 -0.1912 -0.1570
vn -0.9949 0.0465 0.0891
vn -0.9336 0.2135 0.2878
vn -0.9645 -0.1155 -0.2376
vn -0.9935 0.0926 0.0668
vn -0.9306 0.2791 0.2368
vn -0.9737 -0.0173 -0.2270
vn -0.9887 0.1500 0.0067
vn -0.9092 0.3557 0.2163
vn -0.9581 0.0352 -0.2843
vn -0.9616 0.2586 -0.0918
vn -0.9071 0.3746 0.1917
vn -0.9067 0.1221 -0.4038
vn -0.9272 0.3554 -0.1185
vn -0.8620 0.4863 0.1432
vn -0.8827 0.2280 -0.4108
vn -0.9066 0.3940 -0.1512
vn -0.8289 0.5501 0.1014
vn -0.8548 0.2788 -0.4377
vn -0.8741 0.4542 -0.1721
vn -0.8122 0.5756 0.0950
vn -0.8214 0.2995 -0.4853
vn -0.8510 0.4968 -0.1700
vn -0.7852 0.6165 0.0589
vn -0.8200 0.2895 -0.4938
vn -0.8180 0.5357 -0.2094
vn -0.7696 0.6384 0.0139
vn -0.7452 0.4039 -0.5306
vn -0.7492 0.5804 -0.3192
vn -0.7116 0.7024 -0.0175
vn -0.6436 0.4614 -0.6106
vn -0.7113 0.6328 -0.3059
vn -0.6548 0.7558 -0.0029
vn -0.6582 0.4547 -0.6000
vn -0.7243 0.6156 -0.3105
vn -0.6773 0.7351 -0.0305
vn -0.6725 0.4460 -0.5906
vn -0.7213 0.6162 -0.3162
vn -0.7139 0.6996 -0.0310
vn -0.6680 0.4628 -0.5828
vn -0.7509 0.5842 -0.3080
vn -0.7331 0.6801 -0.0012
vn -0.6564 0.4688 -0.5911
vn -0.7580 0.5882 -0.2820
vn -0.7484 0.6616 -0.0467
vn -0.6935 0.4868 -0.5312
vn -0.7609 0.5868 -0.2769
vn -0.7714 0.6347 -0.0454
vn -0.7167 0.4456 -0.5364
vn -0.7927 0.5552 -0.2519
vn -0.7988 0.6004 -0.0386
vn -0.7449 0.4252 -0.5141
vn -0.8096 0.5191 -0.2740
vn -0.8143 0.5802 -0.0162
vn -0.7460 0.4347 -0.5045
vn -0.8158 0.4979 -0.2943
vn -0.8308 0.5558 -0.0290
vn -0.7908 0.5302 -0.3059
vn -0.8245 0.5640 -0.0457
vn -0.7365 0.4696 -0.4868
vn -0.7535 0.5719 -0.3244
vn -0.8045 0.5921 -0.0473
vn -0.6910 0.5062 -0.5161
vn -0.7487 0.5620 -0.3515
vn -0.8345 0.5508 -0.0128
vn -0.6541 0.5303 -0.5393
vn -0.7807 0.5314 -0.3289
vn -0.8703 0.4915 -0.0317
vn -0.6550 0.5434 -0.5251
vn -0.7937 0.5279 -0.3021
vn -0.8775 0.4781 -0.0382
vn -0.6639 0.5491 -0.5077
vn -0.7915 0.5401 -0.2861
vn -0.8745 0.4839 -0.0333
vn -0.6575 0.5853 -0.4745
vn -0.7831 0.5688 -0.2513
vn -0.8692 0.4938 -0.0272
vn -0.6338 0.6241 -0.4569
vn -0.7674 0.5993 -0.2282
vn -0.8644 0.5023 -0.0213
vn -0.6327 0.6404 -0.4354
vn -0.7667 0.5987 -0.2318
vn -0.8735 0.4866 -0.0160
vn -0.6155 0.6560 -0.4368
vn -0.7756 0.5810 -0.2469
vn -0.8846 0.4653 -0.0317
vn -0.6095 0.6618 -0.4365
vn -0.7689 0.5947 -0.2347
vn -0.8800 0.4741 -0.0299
vn -0.6187 0.6796 -0.3942
vn -0.7637 0.6047 -0.2260
vn -0.8824 0.4695 -0.0313
vn -0.6108 0.7054 -0.3597
vn -0.7879 0.5719 -0.2282
vn -0.8961 0.4409 -0.0516
vn -0.6209 0.6796 -0.3907
vn -0.7980 0.5211 -0.3028
vn -0.9217 0.3777 -0.0888
vn -0.6111 0.6386 -0.4678
vn -0.8235 0.4195 -0.3818
vn -0.9366 0.3063 -0.1702
vn -0.6742 0.5402 -0.5035
vn -0.8269 0.3371 -0.4502
vn -0.9385 0.2340 -0.2538
vn -0.6952 0.4216 -0.5822
vn -0.8179 0.2611 -0.5127
vn -0.9387 0.1416 -0.3143
vn -0.6869 0.3368 -0.6440
vn -0.8010 0.1677 -0.5747
vn -0.9122 0.0322 -0.4084
vn -0.6535 0.2723 -0.7062
vn -0.7732 0.0523 -0.6320
vn -0.8673 -0.0951 -0.4886
vn -0.6176 0.1778 -0.7661
vn -0.7150 -0.0759 -0.6950
vn -0.8183 -0.2172 -0.5322
vn -0.5635 0.0530 -0.8244
vn -0.6479 -0.2036 -0.7340
vn -0.7652 -0.3247 -0.5559
vn -0.4674 -0.0836 -0.8801
vn -0.5734 -0.3192 -0.7546
vn -0.7111 -0.4295 -0.5567
vn -0.3409 -0.2108 -0.9162
vn -0.4883 -0.4450 -0.7507
vn -0.6489 -0.5286 -0.5473
vn -0.2216 -0.3371 -0.9150
vn -0.3810 -0.5532 -0.7408
vn -0.5933 -0.6081 -0.5275
vn -0.1162 -0.4158 -0.9020
vn -0.3022 -0.6266 -0.7184
vn -0.5260 -0.6774 -0.5143
vn -0.0702 -0.4705 -0.8796
vn -0.2613 -0.6602 -0.7042
vn -0.4692 -0.7166 -0.5160
vn -0.0379 -0.5089 -0.8600
vn -0.2236 -0.6773 -0.7009
vn -0.4243 -0.7435 -0.5168
vn -0.0081 -0.5476 -0.8367
vn -0.1806 -0.6953 -0.6957
vn -0.3896 -0.7754 -0.4970
vn 0.0319 -0.5560 -0.8305
vn -0.1465 -0.7216 -0.6766
vn -0.3603 -0.8039 -0.4732
vn 0.0534 -0.5684 -0.8210
vn -0.1340 -0.7335 -0.6664
vn -0.3289 -0.8198 -0.4688
vn 0.0823 -0.5856 -0.8064
vn -0.1219 -0.7380 -0.6637
vn -0.3267 -0.8200 -0.4700
vn 0.1213 -0.5895 -0.7986
vn -0.0897 -0.7464 -0.6594
vn -0.3145 -0.8329 -0.4554
vn 0.1586 -0.5943 -0.7884
vn -0.0690 -0.7703 -0.6339
vn -0.2975 -0.8464 -0.4417
vn 0.1917 -0.5990 -0.7775
vn -0.0525 -0.7937 -0.6061
vn -0.2982 -0.8566 -0.4210
vn 0.2270 -0.6159 -0.7544
vn -0.0513 -0.8121 -0.5812
vn -0.3010 -0.8564 -0.4194
vn 0.2603 -0.6485 -0.7153
vn -0.0436 -0.8197 -0.5711
vn -0.3049 -0.8493 -0.4309
vn 0.2782 -0.6847 -0.6736
vn -0.0396 -0.8274 -0.5602
vn -0.3081 -0.8513 -0.4246
vn 0.2877 -0.7083 -0.6447
vn -0.0418 -0.8349 -0.5488
vn -0.3129 -0.8421 -0.4393
vn 0.2812 -0.7387 -0.6125
vn -0.0325 -0.8382 -0.5445
vn -0.3065 -0.8290 -0.4678
vn 0.3068 -0.7512 -0.5844
vn -0.0297 -0.8349 -0.5496
vn -0.2958 -0.8072 -0.5108
vn 0.3115 -0.7689 -0.5584
vn -0.0179 -0.8167 -0.5768
vn -0.2755 -0.7771 -0.5658
vn 0.3159 -0.7826 -0.5364
vn -0.0062 -0.8078 -0.5895
vn -0.2624 -0.7528 -0.6037
vn 0.3429 -0.7823 -0.5201
vn 0.0003 -0.8082 -0.5889
vn -0.2480 -0.7346 -0.6315
vn 0.3085 -0.8122 -0.4952
vn -0.9649 -0.2593 0.0416
vn -0.9351 -0.3502 -0.0541
vn -0.9706 -0.2343 0.0556
vn -0.8937 -0.4311 -0.1245
vn -0.8567 -0.4825 -0.1825
vn -0.7805 -0.5157 -0.3533
vn -0.7777 -0.6066 -0.1650
vn -0.7408 -0.6394 -0.2057
vn -0.7215 -0.6492 -0.2408
vn -0.7359 -0.5798 -0.3497
vn -0.7650 -0.5970 -0.2414
vn -0.7454 -0.6251 -0.2316
vn -0.7434 -0.6120 -0.2698
vn -0.7636 -0.5646 -0.3132
vn -0.7907 -0.5298 -0.3066
vn -0.7956 -0.5406 -0.2733
vn -0.8246 -0.4903 -0.2822
vn -0.8289 -0.4656 -0.3102
vn -0.8238 -0.4782 -0.3045
vn -0.8204 -0.4919 -0.2915
vn -0.8005 -0.4626 -0.3810
vn -0.8092 -0.4410 -0.3882
vn -0.7765 -0.4618 -0.4287
vn -0.8465 -0.2983 -0.4409
vn -0.7719 -0.3033 -0.5588
vn -0.7731 -0.2371 -0.5883
vn -0.7288 -0.1325 -0.6718
vn -0.6979 -0.0640 -0.7134
vn -0.7162 -0.0213 -0.6975
vn -0.6743 -0.0312 -0.7378
vn -0.6169 0.0313 -0.7864
vn -0.5843 0.1529 -0.7970
vn -0.5085 0.1516 -0.8476
vn -0.4875 0.1793 -0.8545
vn -0.4758 0.2178 -0.8522
vn -0.5010 0.2174 -0.8377
vn -0.4800 0.2815 -0.8309
vn -0.4597 0.2846 -0.8412
vn -0.5269 0.2856 -0.8005
vn -0.5017 0.2817 -0.8179
vn -0.5297 0.3157 -0.7873
vn -0.5271 0.3567 -0.7713
vn -0.5116 0.4002 -0.7603
vn -0.4991 0.4631 -0.7324
vn -0.4696 0.4856 -0.7373
vn -0.4538 0.5164 -0.7263
vn -0.4320 0.5530 -0.7124
vn -0.3870 0.6203 -0.6823
vn -0.3692 0.6754 -0.6383
vn -0.3692 0.6877 -0.6251
vn -0.3437 0.7221 -0.6004
vn -0.3648 0.7592 -0.5390
vn -0.3572 0.7663 -0.5341
vn -0.3553 0.7376 -0.5742
vn -0.3331 0.7394 -0.5851
vn -0.3723 0.6880 -0.6229
vn -0.3772 0.5592 -0.7382
vn -0.3999 0.4333 -0.8077
vn -0.3739 0.3725 -0.8494
vn -0.3346 0.3352 -0.8807
vn -0.2901 0.2015 -0.9355
vn -0.1319 0.0588 -0.9895
vn -0.0206 -0.0623 -0.9978
vn 0.0684 -0.1597 -0.9848
vn 0.1336 -0.2306 -0.9638
vn 0.1773 -0.2497 -0.9519
vn 0.1935 -0.2703 -0.9431
vn 0.2395 -0.3027 -0.9225
vn 0.2868 -0.3286 -0.8999
vn 0.3174 -0.3342 -0.8874
vn 0.3434 -0.3536 -0.8701
vn 0.3728 -0.3585 -0.8558
vn 0.3955 -0.3727 -0.8395
vn 0.4384 -0.3735 -0.8175
vn 0.4767 -0.3813 -0.7921
vn 0.4973 -0.4288 -0.7542
vn 0.5501 -0.4494 -0.7038
vn 0.5622 -0.4896 -0.6665
vn 0.5627 -0.5610 -0.6072
vn 0.6200 -0.5792 -0.5293
vn 0.5904 -0.6386 -0.4936
vn -0.5833 -0.5709 -0.5777
vn -0.6417 -0.5742 -0.5085
vn -0.6207 -0.5084 -0.5968
vn -0.5940 -0.5359 -0.6000
vn -0.5532 -0.5357 -0.6380
vn -0.5888 -0.5407 -0.6008
vn -0.5848 -0.4848 -0.6503
vn -0.6116 -0.4670 -0.6387
vn -0.5990 -0.4728 -0.6463
vn -0.6041 -0.5047 -0.6167
vn -0.5915 -0.5460 -0.5933
vn -0.5698 -0.5812 -0.5810
vn -0.5301 -0.5911 -0.6079
vn -0.4704 -0.6281 -0.6199
vn -0.5948 -0.5121 -0.6196
vn -0.5357 -0.5115 -0.6719
vn -0.5343 -0.5287 -0.6596
vn -0.4940 -0.4513 -0.7431
vn -0.4613 -0.3703 -0.8062
vn -0.3886 -0.3256 -0.8620
vn -0.3874 -0.3132 -0.8671
vn -0.3982 -0.2951 -0.8685
vn -0.3749 -0.2602 -0.8898
vn -0.3186 -0.1701 -0.9325
vn -0.2575 -0.0890 -0.9622
vn -0.2377 -0.0668 -0.9690
vn -0.2355 -0.0584 -0.9701
vn -0.1913 -0.0219 -0.9813
vn -0.2168 0.0263 -0.9759
vn -0.1448 0.0072 -0.9894
vn -0.2031 0.0392 -0.9784
vn -0.1904 0.0289 -0.9813
vn -0.1510 0.1013 -0.9833
vn -0.1188 0.1361 -0.9836
vn -0.1147 0.2415 -0.9636
vn -0.1104 0.2872 -0.9515
vn -0.1090 0.3170 -0.9421
vn -0.0699 0.3550 -0.9323
vn -0.0323 0.4289 -0.9028
vn -0.0165 0.5381 -0.8427
vn 0.0342 0.5960 -0.8022
vn 0.0379 0.6201 -0.7836
vn 0.0694 0.6677 -0.7412
vn 0.0872 0.7256 -0.6826
vn 0.0816 0.7436 -0.6636
vn 0.0629 0.7323 -0.6781
vn 0.0534 0.7361 -0.6748
vn 0.1014 0.7044 -0.7025
vn 0.1199 0.6161 -0.7785
vn 0.1139 0.5328 -0.8385
vn 0.0796 0.4756 -0.8761
vn 0.1056 0.4744 -0.8740
vn 0.1512 0.3670 -0.9178
vn 0.2598 0.2354 -0.9365
vn 0.2936 0.1586 -0.9427
vn 0.3329 0.0794 -0.9396
vn 0.3687 0.0034 -0.9295
vn 0.3989 -0.0060 -0.9170
vn 0.4152 -0.0169 -0.9096
vn 0.4717 -0.0290 -0.8813
vn 0.5037 -0.0489 -0.8625
vn 0.5089 -0.0600 -0.8587
vn 0.5279 -0.0767 -0.8459
vn 0.5459 -0.0937 -0.8326
vn 0.5667 -0.1282 -0.8139
vn 0.6005 -0.1393 -0.7874
vn 0.6129 -0.1413 -0.7774
vn 0.6416 -0.2464 -0.7264
vn 0.7368 -0.2402 -0.6320
vn -0.2345 -0.4980 -0.8349
vn -0.1886 -0.5767 -0.7949
vn -0.2630 -0.4261 -0.8656
vn -0.2022 -0.6127 -0.7640
vn -0.2013 -0.5792 -0.7899
vn -0.2835 -0.6250 -0.7273
vn -0.1811 -0.6477 -0.7401
vn -0.2074 -0.6043 -0.7693
vn -0.2273 -0.5826 -0.7803
vn -0.1765 -0.5348 -0.8263
vn -0.1338 -0.5049 -0.8528
vn -0.1236 -0.4867 -0.8648
vn -0.1250 -0.4805 -0.8681
vn -0.0909 -0.4270 -0.8997
vn -0.0316 -0.3619 -0.9317
vn -0.0071 -0.3265 -0.9452
vn 0.0243 -0.3183 -0.9477
vn 0.0193 -0.2799 -0.9598
vn 0.0385 -0.2654 -0.9634
vn 0.0996 -0.2604 -0.9603
vn 0.0944 -0.1875 -0.9777
vn 0.1664 -0.2059 -0.9643
vn 0.1051 -0.1484 -0.9833
vn 0.1591 -0.1337 -0.9782
vn 0.2096 -0.0523 -0.9764
vn 0.2481 0.0154 -0.9686
vn 0.2714 0.0682 -0.9601
vn 0.2675 0.1074 -0.9576
vn 0.3171 0.1425 -0.9376
vn 0.3578 0.2555 -0.8982
vn 0.3975 0.3371 -0.8535
vn 0.4267 0.4030 -0.8096
vn 0.4463 0.4270 -0.7865
vn 0.4546 0.4838 -0.7478
vn 0.5075 0.5497 -0.6635
vn 0.5079 0.5872 -0.6302
vn 0.5164 0.5759 -0.6337
vn 0.4877 0.5978 -0.6362
vn 0.5269 0.5663 -0.6338
vn 0.5314 0.5165 -0.6714
vn 0.5404 0.4911 -0.6832
vn 0.5081 0.4924 -0.7067
vn 0.4890 0.5155 -0.7036
vn 0.5141 0.4722 -0.7160
vn 0.5364 0.3864 -0.7504
vn 0.5412 0.3853 -0.7474
vn 0.5344 0.3542 -0.7674
vn 0.5564 0.2804 -0.7821
vn 0.5723 0.2554 -0.7793
vn 0.5757 0.2315 -0.7842
vn 0.6153 0.2166 -0.7579
vn 0.6231 0.2011 -0.7558
vn 0.6280 0.1941 -0.7536
vn 0.6505 0.1878 -0.7359
vn 0.6591 0.1856 -0.7288
vn 0.6841 0.1612 -0.7113
vn 0.1436 -0.5861 -0.7974
vn 0.1604 -0.5947 -0.7878
vn 0.1315 -0.6378 -0.7589
vn 0.1516 -0.6102 -0.7776
vn 0.1445 -0.5930 -0.7922
vn 0.2103 -0.5448 -0.8118
vn 0.2537 -0.4880 -0.8352
vn 0.2763 -0.4575 -0.8452
vn 0.2698 -0.4533 -0.8495
vn 0.2786 -0.4542 -0.8462
vn 0.3097 -0.3966 -0.8642
vn 0.3305 -0.3791 -0.8643
vn 0.3565 -0.3550 -0.8643
vn 0.3950 -0.3278 -0.8582
vn 0.4150 -0.2954 -0.8605
vn 0.4698 -0.2324 -0.8516
vn 0.5114 -0.1472 -0.8467
vn 0.5187 -0.0815 -0.8511
vn 0.5347 -0.0871 -0.8406
vn 0.5557 -0.0392 -0.8304
vn 0.6146 0.0515 -0.7871
vn 0.6674 0.1263 -0.7339
vn 0.6886 0.1920 -0.6993
vn 0.7042 0.2270 -0.6728
vn 0.7168 0.2740 -0.6411
vn 0.7425 0.3348 -0.5802
vn 0.7704 0.3543 -0.5300
vn 0.7823 0.3641 -0.5055
vn 0.7845 0.3918 -0.4807
vn 0.7943 0.3956 -0.4611
vn 0.7884 0.3902 -0.4757
vn 0.7674 0.4016 -0.4999
vn 0.7613 0.4354 -0.4805
vn 0.7172 0.5081 -0.4770
vn 0.7186 0.5080 -0.4750
vn 0.7271 0.4708 -0.4998
vn 0.6891 0.5304 -0.4938
vn 0.6363 0.5707 -0.5190
vn 0.6552 0.5412 -0.5270
vn 0.6523 0.5213 -0.5502
vn 0.6595 0.4970 -0.5639
vn 0.6922 0.4636 -0.5531
vn 0.6915 0.4648 -0.5530
vn 0.4840 -0.5889 -0.6473
vn 0.4695 -0.5653 -0.6782
vn 0.5228 -0.5482 -0.6529
vn 0.5534 -0.5162 -0.6536
vn 0.5661 -0.4940 -0.6600
vn 0.6005 -0.4879 -0.6335
vn 0.6277 -0.4480 -0.6366
vn 0.6876 -0.3678 -0.6261
vn 0.7200 -0.2635 -0.6420
vn 0.7278 -0.2472 -0.6397
vn 0.7428 -0.2646 -0.6150
vn 0.7540 -0.2107 -0.6222
vn 0.7872 -0.1380 -0.6010
vn 0.8315 -0.0669 -0.5515
vn 0.8536 0.0054 -0.5208
vn 0.8580 0.0358 -0.5124
vn 0.8787 0.0676 -0.4726
vn 0.8899 0.1357 -0.4355
vn 0.9063 0.1525 -0.3942
vn 0.9151 0.1689 -0.3662
vn 0.9244 0.1967 -0.3268
vn 0.9310 0.2265 -0.2863
vn 0.9309 0.2530 -0.2633
vn 0.9243 0.2735 -0.2662
vn 0.9103 0.3343 -0.2441
vn 0.8733 0.4484 -0.1908
vn 0.8492 0.4965 -0.1797
vn 0.8267 0.5314 -0.1851
vn 0.7394 0.6319 -0.2323
vn 0.6804 0.6965 -0.2279
vn 0.6771 0.7030 -0.2174
vn 0.6542 0.7154 -0.2454
vn 0.8529 -0.4045 -0.3299
vn 0.8779 -0.3556 -0.3206
vn 0.8566 -0.3955 -0.3314
vn 0.8956 -0.3126 -0.3164
vn 0.9268 -0.2557 -0.2749
vn 0.9477 -0.1863 -0.2593
vn 0.9487 -0.1732 -0.2645
vn 0.9600 -0.1345 -0.2456
vn 0.9724 -0.0889 -0.2155
vn 0.9762 -0.0768 -0.2030
vn 0.9852 -0.0531 -0.1632
vn 0.9920 -0.0019 -0.1266
vn 0.9950 0.0420 -0.0902
vn 0.9966 0.0614 -0.0548
vn 0.9959 0.0907 -0.0071
vn 0.9836 0.1775 0.0329
vn 0.9383 0.3282 0.1094
vn 0.8802 0.4488 0.1544
vn 0.8047 0.5718 0.1599
vn 0.9521 -0.2991 0.0632
vn 0.9559 -0.2874 0.0604
vn 0.9623 -0.2585 0.0843
vn 0.9721 -0.1998 0.1230
vn 0.9780 -0.1633 0.1302
vn 0.9726 -0.1657 0.1633
vn 0.9655 -0.1258 0.2280
vn 0.9233 -0.0585 -0.3795
vn 0.9276 -0.0350 -0.3720
vn 0.9779 0.1268 -0.1664
vn 0.9857 0.1266 -0.1108
vn 0.8326 -0.2176 -0.5093
vn 0.8382 -0.1882 -0.5118
vn 0.9481 -0.0292 -0.3167
vn 0.8262 -0.1498 -0.5431
vn 0.9883 0.1433 -0.0524
vn 0.9447 0.3278 -0.0100
vn 0.9879 0.1374 0.0724
vn 0.9989 0.0459 -0.0012
vn 0.9329 0.3339 0.1347
vn 0.9669 -0.0526 -0.2495
vn 0.3810 0.3886 -0.8389
vn 0.3176 0.7637 -0.5621
vn 0.0177 0.3755 -0.9267
vn 0.8637 -0.2381 -0.4442
vn 0.6070 0.5426 -0.5806
vn 0.6650 0.6491 -0.3693
vn 0.5319 0.4523 -0.7159
vn 0.6031 0.3743 -0.7044
vn 0.7507 0.6261 0.2108
vn 0.7665 0.5700 0.2959
vn 0.7427 0.4792 0.4677
vn 0.5598 0.6242 0.5450
vn 0.5343 0.7684 0.3524
vn 0.8373 0.4834 0.2554
vn 0.8072 0.3989 0.4351
vn 0.7569 0.6525 -0.0370
vn 0.8384 0.5429 -0.0486
vn 0.4724 0.8438 0.2545
vn 0.4658 0.3742 0.8019
vn 0.5032 0.3343 0.7969
vn 0.5043 0.4162 0.7566
vn 0.0861 0.7923 0.6041
vn -0.9335 0.1207 0.3375
vn -0.9394 0.1372 0.3142
vn -0.9710 0.2311 0.0615
vn -0.9680 0.2156 0.1286
vn -0.8243 0.0021 0.5662
vn -0.8972 0.2307 0.3766
vn -0.9444 0.2981 0.1384
vn -0.9472 0.2990 -0.1159
vn -0.9372 0.3191 -0.1408
vn -0.9290 0.3426 -0.1400
vn -0.8732 0.4870 -0.0186
vn -0.8177 0.5475 -0.1776
vn -0.8486 0.4133 -0.3303
vn -0.8950 0.3845 0.2263
vn -0.8554 0.4156 -0.3090
vn -0.2581 -0.8010 0.5401
vn -0.2152 -0.7733 0.5964
vn -0.6260 -0.3758 0.6833
vn -0.6840 -0.4632 0.5636
vn 0.1290 -0.8949 0.4271
vn 0.1750 -0.9092 0.3779
vn -0.2305 -0.7602 0.6074
vn 0.1022 -0.8350 0.5407
vn -0.6495 -0.5000 0.5729
vn 0.0957 -0.7178 0.6896
vn 0.3299 -0.6816 0.6531
vn 0.3385 -0.7978 0.4990
vn -0.3140 -0.6346 0.7062
vn 0.3750 -0.8576 0.3521
vn 0.3583 -0.9059 0.2257
vn 0.2083 -0.9678 0.1411
vn 0.1730 -0.9277 0.3309
vn -0.0634 -0.7171 0.6940
vn 0.4384 -0.6640 0.6057
vn 0.4250 -0.7675 0.4800
vn 0.4078 -0.8207 0.4000
vn 0.3208 -0.9057 0.2771
vn 0.0953 -0.9849 0.1445
vn 0.0321 -0.9913 0.1280
vn 0.0857 -0.9790 0.1852
vn 0.1629 -0.9143 0.3710
vn 0.1517 -0.6547 0.7405
vn -0.3918 -0.2789 0.8768
vn 0.0267 -0.2220 0.9747
vn -0.6478 0.0226 0.7615
vn -0.8210 -0.0318 0.5701
vn -0.3575 -0.0493 0.9326
vn -0.8922 -0.0910 0.4423
vn -0.8494 -0.1684 0.5001
vn 0.2500 -0.8690 0.4270
vn 0.2711 -0.9118 0.3084
vn 0.2005 -0.7686 0.6076
vn -0.3178 -0.7147 0.6231
vn 0.0686 -0.6524 0.7548
vn 0.4133 -0.4751 0.7768
vn 0.5237 -0.5780 0.6258
vn 0.5740 -0.6673 0.4746
vn 0.6584 -0.4358 0.6137
vn 0.7225 -0.4858 0.4919
vn 0.5885 -0.3547 0.7265
vn -0.5811 -0.5046 0.6386
vn -0.3971 -0.4996 0.7699
vn -0.0243 -0.4955 0.8683
vn 0.3280 -0.3620 0.8726
vn 0.5533 -0.2708 0.7878
vn 0.7352 -0.1830 0.6527
vn 0.7324 -0.2286 0.6413
vn 0.7571 -0.3095 0.5753
vn 0.8473 -0.1333 0.5141
vn 0.8347 -0.1943 0.5154
vn 0.8818 -0.1028 0.4602
vn -0.4234 -0.3395 0.8399
vn -0.0833 -0.3527 0.9320
vn -0.6577 -0.3262 0.6790
vn 0.2687 -0.3129 0.9110
vn 0.9689 -0.1204 0.2162
vn 0.9700 -0.0456 0.2387
vn 0.9463 -0.0303 0.3219
vn 0.9955 -0.0941 -0.0068
vn -0.4871 -0.2419 0.8392
vn -0.6785 -0.1793 0.7123
vn 0.8128 -0.5812 -0.0406
vn 0.8143 -0.5768 -0.0644
vn 0.7376 -0.5641 -0.3711
vn 0.7242 -0.5934 -0.3513
vn 0.8050 -0.5221 0.2818
vn 0.7836 -0.5270 0.3291
vn 0.7947 -0.6063 -0.0273
vn 0.8059 -0.5021 0.3137
vn 0.7162 -0.5970 -0.3615
vn 0.8316 -0.5537 -0.0420
vn 0.7696 -0.5236 -0.3654
vn 0.7946 -0.5192 0.3145
vn 0.8704 -0.4886 -0.0607
vn 0.8147 -0.4391 -0.3788
vn 0.8083 -0.4756 0.3470
vn 0.8905 -0.4550 -0.0085
vn 0.8590 -0.3641 -0.3598
vn 0.8110 -0.4578 0.3644
vn 0.8798 -0.4749 0.0218
vn 0.8258 -0.4589 0.3279
vn 0.8758 -0.4816 -0.0316
vn 0.7848 -0.5152 0.3444
vn 0.8810 -0.4730 0.0139
vn 0.7793 -0.5416 0.3153
vn 0.8906 -0.4541 0.0242
vn 0.7798 -0.5125 0.3596
vn 0.9149 -0.4017 0.0394
vn 0.8084 -0.4810 0.3393
vn 0.6654 0.5912 -0.4557
vn 0.6849 0.6326 -0.3616
vn 0.7328 0.6490 -0.2043
vn 0.7157 0.6823 -0.1492
vn 0.5887 0.4246 -0.6879
vn 0.5938 0.4236 -0.6841
vn 0.7270 0.5371 -0.4277
vn 0.5843 0.4373 -0.6836
vn 0.7354 0.6683 -0.1116
vn 0.7477 0.5176 -0.4160
vn 0.6444 0.4105 -0.6451
vn 0.7561 0.6519 -0.0579
vn 0.7640 0.4929 -0.4164
vn 0.6651 0.3514 -0.6589
vn 0.8018 0.5928 -0.0757
vn 0.7996 0.4753 -0.3671
vn 0.6951 0.3127 -0.6474
vn 0.8253 0.5604 -0.0695
vn 0.8112 0.4554 -0.3669
vn 0.7209 0.2747 -0.6363
vn 0.8310 0.5521 -0.0686
vn 0.8603 0.3846 -0.3345
vn 0.7353 0.1706 -0.6559
vn 0.8658 0.4986 -0.0415
vn 0.9226 0.2868 -0.2579
vn 0.8231 0.0562 -0.5651
vn 0.9168 0.3993 -0.0093
vn 0.9480 0.2009 -0.2469
vn 0.8737 -0.0504 -0.4838
vn 0.9389 0.3416 0.0429
vn 0.9644 0.0939 -0.2471
vn 0.8612 -0.0712 -0.5032
vn 0.9401 0.3371 0.0508
vn 0.9834 0.0845 -0.1607
vn 0.8831 -0.1143 -0.4550
vn 0.9545 0.2931 0.0550
vn 0.9902 -0.0250 -0.1373
vn 0.9094 -0.2026 -0.3632
vn 0.9613 0.2212 0.1644
vn 0.9965 -0.0779 -0.0302
vn 0.9059 -0.2976 -0.3013
vn 0.9689 0.1288 0.2115
vn 0.9853 -0.1701 -0.0136
vn 0.9005 -0.3744 -0.2212
vn 0.9549 0.0870 0.2839
vn 0.9433 -0.0041 0.3318
vn 0.9720 -0.2313 0.0421
vn 0.8995 -0.4003 -0.1751
vn 0.9247 -0.0438 0.3781
vn 0.9606 -0.2505 0.1208
vn 0.8756 -0.4508 -0.1733
vn 0.9134 -0.0706 0.4008
vn 0.9318 -0.3261 0.1593
vn 0.8679 -0.4785 -0.1335
vn 0.8847 -0.1686 0.4346
vn 0.9011 -0.3991 0.1693
vn 0.8424 -0.5307 -0.0931
vn 0.8150 -0.2430 0.5261
vn 0.8699 -0.4483 0.2056
vn 0.8034 -0.5933 -0.0508
vn 0.7853 -0.2672 0.5585
vn 0.8477 -0.4797 0.2262
vn 0.7932 -0.6059 -0.0601
vn 0.7843 -0.2933 0.5467
vn 0.8505 -0.4671 0.2419
vn 0.8142 -0.5783 -0.0523
vn 0.7729 -0.2667 0.5758
vn 0.8447 -0.4536 0.2840
vn 0.8069 -0.5874 -0.0628
vn 0.7539 -0.2861 0.5914
vn 0.8192 -0.5049 0.2719
vn 0.7961 -0.6031 -0.0493
vn 0.7197 -0.3548 0.5967
vn 0.7745 -0.5482 0.3157
vn 0.7711 -0.6354 -0.0414
vn 0.8535 0.3132 -0.4164
vn 0.8591 0.0126 -0.5117
vn 0.6177 0.3715 -0.6931
vn 0.5695 0.5691 -0.5932
vn 0.9911 -0.1125 -0.0709
vn 0.9504 -0.1722 -0.2592
vn 0.8735 0.4776 -0.0940
vn 0.9579 0.2673 0.1045
vn 0.7511 0.6155 -0.2387
vn 0.8470 0.1184 -0.5183
vn 0.7111 0.3127 -0.6297
vn 0.9256 0.0384 -0.3765
vn 0.8686 0.2078 -0.4497
vn 0.7827 0.3084 -0.5406
vn 0.9452 0.0250 -0.3254
vn 0.8886 0.1321 -0.4392
vn 0.6160 0.4474 -0.6484
vn 0.9659 -0.0747 -0.2478
vn 0.8742 0.1076 -0.4734
vn 0.6326 0.3868 -0.6710
vn 0.9495 -0.0223 -0.3130
vn 0.8482 0.2156 -0.4838
vn 0.7218 0.3382 -0.6039
vn 0.9529 -0.0553 -0.2982
vn 0.8869 0.1488 -0.4373
vn 0.7258 0.3844 -0.5704
vn 0.9647 -0.0590 -0.2565
vn 0.8946 0.1856 -0.4065
vn 0.8040 0.3040 -0.5110
vn 0.9535 -0.0160 -0.3011
vn 0.9321 0.0900 -0.3509
vn 0.7267 0.3817 -0.5711
vn 0.9788 -0.1716 -0.1115
vn 0.9035 0.2134 -0.3718
vn 0.8397 0.2740 -0.4689
vn 0.9383 0.1586 -0.3074
vn 0.8703 0.3280 -0.3674
vn 0.6015 0.5708 -0.5589
vn 0.9988 -0.0339 -0.0343
vn 0.9202 0.2719 -0.2815
vn 0.7641 0.4599 -0.4524
vn 0.9802 0.1487 -0.1309
vn 0.9997 0.0199 0.0119
vn 0.8593 0.3535 -0.3695
vn 0.6571 0.5269 -0.5391
vn 0.9399 0.3001 -0.1626
vn 0.9096 0.3428 -0.2347
vn 0.8564 0.4432 -0.2650
vn 0.9584 0.2809 0.0507
vn 0.8951 0.4222 -0.1433
vn 0.7173 0.5631 -0.4103
vn 0.9441 0.3084 0.1163
vn 0.8669 0.4861 -0.1106
vn 0.7737 0.5377 -0.3350
vn 0.8714 0.4023 0.2808
vn 0.8390 0.5420 -0.0484
vn 0.7396 0.5754 -0.3491
vn 0.7862 0.5803 0.2127
vn 0.7950 0.5909 -0.1372
vn 0.7041 0.6310 -0.3256
vn 0.7566 0.6023 0.2543
vn 0.7397 0.6665 -0.0931
vn 0.6369 0.6689 -0.3833
vn 0.7232 0.6658 0.1834
vn 0.6945 0.7191 -0.0218
vn 0.6462 0.6292 -0.4319
vn 0.6890 0.6827 0.2434
vn 0.6926 0.7123 -0.1140
vn 0.6531 0.5954 -0.4679
vn 0.7087 0.6653 0.2348
vn 0.7280 0.6790 -0.0947
vn 0.6766 0.6074 -0.4162
vn 0.7011 0.6821 0.2077
vn 0.7303 0.6775 -0.0877
vn 0.6896 0.5968 -0.4102
vn 0.6616 0.7112 0.2376
vn 0.7502 0.6467 -0.1375
vn 0.6963 0.5898 -0.4090
vn 0.6813 0.7177 0.1443
vn 0.7068 0.6785 0.2002
vn 0.7523 0.6388 0.1613
vn 0.6938 0.6551 0.2991
vn 0.7104 0.6597 0.2452
vn 0.7363 0.6319 0.2418
vn 0.7167 0.6437 0.2683
vn 0.7147 0.6234 0.3172
vn 0.7704 0.5472 0.3273
vn 0.7898 0.5048 0.3484
vn 0.8033 0.4836 0.3476
vn 0.9350 -0.2884 0.2063
vn 0.9630 -0.1281 -0.2371
vn 0.9552 0.0770 0.2859
vn 0.9568 -0.2908 -0.0033
vn 0.9508 -0.3096 0.0080
vn 0.9593 -0.2801 -0.0367
vn 0.9433 -0.3320 -0.0008
vn 0.9577 -0.2845 -0.0433
vn 0.9693 -0.2413 -0.0476
vn 0.9461 -0.3235 -0.0167
vn 0.9873 -0.1370 -0.0806
vn 0.9888 -0.1459 -0.0317
vn 0.9914 -0.1307 0.0005
vn 0.9815 -0.1488 0.1208
vn 0.9742 -0.1121 0.1958
vn 0.9666 0.0196 0.2555
vn 0.9522 -0.0208 0.3047
vn 0.8990 0.0971 0.4271
vn 0.8465 0.3674 0.3852
vn 0.7563 0.4220 0.4998
vn 0.6130 0.4940 0.6166
vn 0.5840 0.6200 0.5240
vn 0.5914 0.6140 0.5227
vn 0.6073 0.6323 0.4811
vn 0.7227 -0.4293 0.5417
vn 0.8796 -0.4384 0.1845
vn 0.8411 -0.1284 0.5254
vn 0.7272 -0.5869 0.3561
vn 0.8450 -0.4567 0.2783
vn 0.8784 -0.4421 0.1817
vn 0.8162 -0.5111 0.2694
vn 0.8240 -0.4999 0.2668
vn 0.8329 -0.5034 0.2299
vn 0.8957 -0.4118 0.1678
vn 0.9381 -0.3236 0.1231
vn 0.4132 -0.5385 0.7343
vn 0.4368 -0.6210 0.6508
vn 0.6480 -0.2513 0.7190
vn 0.7296 -0.5482 0.4089
vn 0.7476 -0.4994 0.4378
vn 0.6469 -0.6151 0.4507
vn 0.7473 -0.5900 0.3057
vn 0.6032 -0.6340 0.4840
vn 0.4021 -0.0707 0.9129
vn 0.2057 0.0294 0.9782
vn 0.1460 -0.2402 0.9597
vn 0.7343 0.2747 0.6207
vn 0.0913 -0.5534 0.8279
vn 0.3165 -0.5393 0.7804
vn 0.5465 -0.5656 0.6175
vn 0.3843 -0.6427 0.6628
vn 0.3646 -0.6482 0.6685
vn 0.3422 -0.6932 0.6344
vn 0.3208 -0.7079 0.6292
vn 0.3344 -0.6688 0.6639
vn 0.6860 -0.5592 0.4655
vn 0.2117 -0.7121 0.6694
vn 0.7048 -0.5664 0.4271
vn 0.3537 -0.7018 0.6183
vn 0.6175 -0.6274 0.4744
vn 0.3172 -0.6861 0.6547
vn 0.6314 -0.5968 0.4951
vn 0.8677 -0.4238 0.2597
vn 0.2791 -0.7070 0.6498
vn 0.6349 -0.5865 0.5028
vn 0.9412 -0.2895 0.1744
vn 0.1642 -0.6929 0.7021
vn 0.5709 -0.6009 0.5595
vn 0.8647 -0.3782 0.3306
vn 0.3357 -0.6242 0.7055
vn 0.6295 -0.5156 0.5812
vn 0.9074 -0.2758 0.3171
vn 0.2960 -0.5983 0.7446
vn 0.6117 -0.4477 0.6522
vn 0.8299 -0.2697 0.4883
vn 0.2430 -0.5281 0.8137
vn 0.5401 -0.4081 0.7360
vn 0.8086 -0.1829 0.5592
vn 0.5310 -0.2679 0.8039
vn 0.7808 0.0107 0.6248
vn 0.2732 -0.3954 0.8769
vn 0.3564 -0.1969 0.9134
vn 0.6733 0.1430 0.7255
vn 0.2307 -0.2907 0.9286
vn 0.1778 -0.0581 0.9823
vn 0.5631 0.1547 0.8118
vn 0.1653 -0.1320 0.9774
vn 0.1442 0.1481 0.9784
vn 0.5329 0.3603 0.7657
vn -0.0872 -0.0978 0.9914
vn 0.0609 0.1815 0.9815
vn 0.4005 0.4504 0.7979
vn -0.1852 -0.0295 0.9823
vn 0.1039 0.2258 0.9686
vn 0.4079 0.4922 0.7690
vn -0.2493 -0.0220 0.9682
vn 0.1783 0.2145 0.9603
vn 0.4281 0.4612 0.7772
vn -0.1846 -0.0406 0.9820
vn 0.1716 0.2613 0.9499
vn 0.3438 0.4532 0.8224
vn -0.1327 -0.1123 0.9848
vn -0.0233 0.1111 0.9935
vn 0.3680 0.5552 0.7459
vn -0.1942 -0.1417 0.9707
vn -0.0817 0.1037 0.9912
vn 0.3693 0.4657 0.8042
vn -0.2156 0.0008 0.9765
vn 0.0389 0.0100 0.9992
vn -0.3756 -0.2950 0.8786
vn -0.1195 -0.4162 0.9014
vn -0.0527 -0.4277 0.9024
vn -0.0886 -0.5194 0.8499
vn -0.0579 -0.5762 0.8152
vn -0.1730 -0.6086 0.7744
vn -0.2586 -0.6267 0.7351
vn -0.2226 -0.5873 0.7782
vn -0.2234 -0.5807 0.7828
vn -0.0054 -0.6427 0.7661
vn -0.0867 -0.6488 0.7560
vn -0.0501 -0.6992 0.7131
vn -0.0861 -0.7262 0.6820
vn 0.0169 -0.6840 0.7292
vn -0.1134 -0.6313 0.7672
vn -0.1232 -0.6607 0.7405
vn -0.1155 -0.5995 0.7920
vn -0.0948 -0.4993 0.8612
vn -0.1363 -0.4132 0.9004
vn -0.1818 -0.3573 0.9161
vn -0.2737 -0.2889 0.9174
vn -0.3440 -0.2078 0.9157
vn -0.4284 -0.2570 0.8663
vn -0.4172 -0.3198 0.8507
vn -0.3963 -0.3184 0.8611
vn -0.4126 -0.2487 0.8763
vn -0.4091 -0.2117 0.8876
vn -0.4638 -0.2751 0.8422
vn -0.3199 0.0017 0.9475
vn 0.0330 0.1653 0.9857
vn -0.5367 -0.2594 0.8029
vn -0.1800 -0.0203 0.9835
vn 0.2008 0.2458 0.9483
vn -0.4549 -0.0802 0.8869
vn -0.1899 0.0835 0.9782
vn -0.1989 0.1709 0.9650
vn -0.5678 -0.1177 0.8147
vn -0.3964 0.1122 0.9112
vn -0.0719 0.3831 0.9209
vn -0.5810 -0.0487 0.8125
vn -0.4074 0.0763 0.9101
vn -0.0363 0.3257 0.9448
vn -0.5748 0.0390 0.8174
vn -0.3975 0.1666 0.9024
vn -0.0874 0.2892 0.9533
vn -0.6022 0.1047 0.7915
vn -0.3882 0.2734 0.8801
vn -0.1865 0.3564 0.9155
vn -0.6667 0.1449 0.7311
vn -0.4432 0.3214 0.8368
vn -0.1959 0.4540 0.8692
vn -0.6997 0.2286 0.6769
vn -0.4800 0.4034 0.7790
vn -0.2166 0.5108 0.8320
vn -0.4958 0.4835 0.7214
vn -0.1995 0.6095 0.7672
vn -0.7564 0.3120 0.5749
vn -0.5124 0.5362 0.6708
vn -0.1877 0.6620 0.7256
vn -0.7625 0.4160 0.4956
vn -0.4803 0.5909 0.6482
vn -0.1618 0.6551 0.7381
vn -0.7716 0.4225 0.4755
vn -0.5026 0.6030 0.6195
vn -0.1530 0.6327 0.7591
vn -0.8029 0.3805 0.4589
vn -0.4963 0.6008 0.6267
vn -0.1098 0.6246 0.7732
vn -0.7927 0.4407 0.4211
vn -0.5101 0.5800 0.6351
vn -0.1555 0.6753 0.7210
vn -0.7605 0.5407 0.3594
vn -0.5065 0.6532 0.5628
vn -0.1615 0.6785 0.7166
vn -0.7121 0.6029 0.3599
vn -0.4599 0.7010 0.5450
vn -0.1105 0.6325 0.7667
vn -0.7077 0.6248 0.3298
vn -0.4775 0.6674 0.5714
vn -0.1755 0.6226 0.7626
vn -0.6943 0.6561 0.2957
vn -0.4619 0.6506 0.6028
vn -0.1673 0.5822 0.7956
vn -0.6506 0.6922 0.3124
vn -0.5810 -0.1823 0.7932
vn -0.4371 -0.2838 0.8535
vn -0.4351 -0.0003 0.9004
vn -0.4587 -0.2799 0.8433
vn -0.5268 -0.2875 0.7999
vn -0.4347 -0.4452 0.7828
vn -0.5728 -0.4113 0.7090
vn -0.3564 -0.5707 0.7398
vn -0.6147 0.7152 0.3326
vn -0.4210 0.6764 0.6044
vn -0.5926 0.7471 0.3010
vn -0.3700 0.7244 0.5817
vn -0.5456 0.7849 0.2937
vn -0.3209 0.7305 0.6028
vn -0.5437 0.7801 0.3095
vn -0.3312 0.7131 0.6179
vn -0.5900 0.7405 0.3218
vn -0.3923 0.6876 0.6110
vn -0.6248 0.7137 0.3166
vn -0.4352 0.6683 0.6032
vn -0.6391 0.7101 0.2955
vn -0.4595 0.6579 0.5967
vn -0.6840 0.6704 0.2876
vn -0.4900 0.5929 0.6390
vn -0.7316 0.6046 0.3150
vn -0.5510 0.5332 0.6420
vn -0.7598 0.5608 0.3290
vn -0.5798 0.4878 0.6526
vn -0.7755 0.5400 0.3271
vn -0.6051 0.4516 0.6556
vn -0.7782 0.5472 0.3082
vn -0.5888 0.4062 0.6989
vn -0.7774 0.5222 0.3505
vn -0.6026 0.3828 0.7002
vn -0.8014 0.4677 0.3727
vn -0.6626 0.3867 0.6414
vn -0.8460 0.4331 0.3110
vn -0.7230 0.3343 0.6046
vn -0.8728 0.3948 0.2869
vn -0.7608 0.2576 0.5956
vn -0.8841 0.3759 0.2777
vn -0.7619 0.2096 0.6128
vn -0.8823 0.3774 0.2811
vn -0.7737 0.2330 0.5891
vn -0.8898 0.3887 0.2392
vn -0.8014 0.2302 0.5520
vn -0.7825 0.0150 0.6225
vn -0.6766 -0.0716 0.7328
vn -0.7061 0.2395 0.6664
vn -0.6450 -0.1498 0.7494
vn -0.7454 -0.1094 0.6576
vn -0.7038 -0.2213 0.6750
vn -0.6201 -0.3360 0.7089
vn -0.7188 -0.3028 0.6258
vn -0.9069 0.3569 0.2239
vn -0.9234 0.3200 0.2120
vn -0.9267 0.3152 0.2044
vn -0.9348 0.3104 0.1725
vn -0.9580 0.2395 0.1578
vn -0.9745 0.1779 0.1364
vn -0.9868 0.1353 0.0885
vn -0.9980 0.0593 0.0211
vn -0.9992 -0.0289 -0.0259
vn -0.9849 -0.1128 -0.1315
vn -0.9386 -0.2617 -0.2250
vn -0.8747 -0.3778 -0.3036
vn -0.8343 -0.4575 -0.3077
vn -0.8075 -0.4993 -0.3140
vn -0.7716 -0.5631 -0.2959
vn -0.7212 -0.6313 -0.2851
vn -0.6791 -0.6772 -0.2833
vn -0.6554 -0.7097 -0.2584
vn -0.6114 -0.7566 -0.2319
vn 0.0688 -0.0271 0.9973
vn 0.0437 -0.0603 0.9972
vn -0.6816 0.3906 0.6188
vn -0.8011 0.1259 0.5851
vn -0.3835 0.4755 0.7918
vn -0.2801 0.8071 0.5197
vn -0.5391 0.6475 0.5386
vn -0.8229 0.2300 0.5196
vn 0.1212 0.9632 0.2400
vn -0.0899 0.4664 0.8800
vn 0.1410 0.9616 0.2356
vn 0.4934 0.5150 0.7010
vn 0.5616 0.8256 0.0545
vn -0.4527 -0.2293 -0.8617
vn -0.3673 -0.3321 -0.8688
vn -0.1317 -0.1745 -0.9758
vn -0.2984 -0.0997 -0.9492
vn -0.5768 -0.3535 0.7365
vn -0.6727 -0.3117 0.6711
vn -0.4940 -0.1935 0.8477
vn -0.4972 -0.4487 0.7426
vn -0.6238 -0.4851 0.6128
vn -0.5445 -0.3388 0.7673
vn -0.4999 -0.2327 0.8342
vn -0.5516 0.7259 -0.4108
vn -0.6566 0.7371 -0.1601
vn 0.7268 -0.6811 -0.0885
vn 0.7963 -0.1582 0.5838
vn 0.7546 -0.3113 0.5777
vn 0.7983 -0.3464 0.4927
vn 0.8563 -0.2156 0.4692
vn 0.5031 -0.0813 0.8604
vn 0.5184 -0.1422 0.8432
vn 0.8462 -0.0120 0.5328
vn 0.5100 0.0238 0.8599
vn 0.9013 -0.0955 0.4226
vn 0.7121 -0.4834 0.5092
vn 0.5148 -0.3428 0.7858
vn 0.5666 -0.7052 0.4261
vn 0.4281 -0.6955 0.5771
vn 0.2202 -0.9289 0.2977
vn -0.7585 -0.0187 -0.6514
vn -0.5215 -0.0228 -0.8529
vn -0.4584 -0.1683 -0.8727
vn -0.6772 -0.2547 -0.6903
vn -0.6962 -0.2425 -0.6756
vn -0.4858 -0.2317 -0.8428
vn -0.1446 -0.1293 -0.9810
vn 0.2499 -0.1746 -0.9524
vn 0.2533 -0.5607 -0.7883
vn -0.0121 -0.5989 -0.8007
vn -0.2330 -0.0381 -0.9717
vn 0.1796 -0.0641 -0.9816
vn -0.1276 -0.6811 -0.7210
vn -0.2561 -0.7483 -0.6120
vn -0.2381 -0.8162 -0.5264
vn 0.5646 -0.5950 -0.5720
vn 0.3046 -0.8747 -0.3771
vn 0.6374 -0.2888 -0.7143
vn 0.7727 -0.3842 -0.5053
vn 0.6492 -0.5888 -0.4815
vn 0.3956 -0.8078 -0.4370
vn 0.0838 -0.9417 -0.3260
vn -0.2179 -0.7732 -0.5956
vn 0.1778 -0.8344 -0.5218
vn -0.6909 -0.2941 0.6604
vn -0.8692 -0.0965 0.4850
vn -0.8284 -0.1127 0.5486
vn -0.6770 -0.2277 0.6999
vn 0.9652 -0.2309 -0.1225
vn 0.9965 0.0840 0.0028
vn 0.8451 -0.4541 -0.2821
vn 0.9537 0.0802 0.2897
vn 0.8607 0.4003 0.3147
vn 0.9375 0.3403 0.0732
vn 0.9649 -0.2585 0.0468
vn -0.7949 -0.2301 0.5614
vn -0.7941 -0.4047 0.4534
vn -0.3677 -0.0682 0.9274
vn -0.8935 -0.1303 0.4297
vn -0.9116 -0.3076 0.2728
vn -0.4509 -0.5407 0.7102
vn -0.4175 -0.6512 0.6338
vn -0.6096 -0.5713 0.5496
vn -0.6021 -0.5470 0.5816
vn -0.3796 -0.6591 0.6492
vn -0.8009 -0.4440 0.4017
vn -0.3502 0.3182 0.8810
vn -0.3415 0.0168 0.9397
vn -0.5468 -0.0429 0.8362
vn -0.3908 0.2882 0.8742
vn -0.3202 0.3695 0.8723
vn -0.4842 -0.1536 0.8614
vn -0.3361 0.4942 0.8018
vn 0.0193 -0.9517 -0.3063
vn -0.1839 -0.5958 0.7818
vn 0.1281 -0.6933 0.7092
vn 0.2422 -0.9579 -0.1543
vn -0.1030 -0.9159 -0.3880
vn -0.1894 -0.6173 0.7636
vn -0.1697 0.1143 -0.9788
vn -0.2495 0.1316 -0.9594
vn -0.1049 -0.0601 -0.9927
vn 0.6097 -0.7666 -0.2016
vn -0.0089 0.0034 -1.0000
vn -0.4157 0.8464 -0.3329
vn -0.4309 0.8499 -0.3035
vn -0.3282 0.9385 -0.1074
vn -0.4192 0.8703 -0.2587
vn -0.4378 0.5915 0.6771
vn -0.4498 0.5013 0.7392
vn -0.3747 0.3609 0.8540
vn -0.2302 0.5547 0.7995
vn -0.4068 0.3645 -0.8376
vn -0.4015 -0.6527 -0.6425
vn -0.3482 -0.8521 -0.3907
vn -0.3354 0.2999 -0.8930
vn -0.4932 0.4148 -0.7647
vn -0.4702 -0.7638 -0.4422
vn -0.4985 0.8629 -0.0828
vn -0.4845 0.8745 -0.0230
vn -0.4978 0.8568 -0.1343
vn -0.4935 0.4283 0.7570
vn -0.4940 0.3500 0.7959
vn 0.3392 -0.2968 0.8927
vn 0.0282 0.9835 0.1784
vn 0.8132 0.4906 -0.3130
vn 0.7579 0.4465 -0.4757
vn -0.3687 0.2555 0.8937
vn -0.5807 0.7892 0.1998
vn -0.4764 0.3092 0.8231
vn -0.5171 0.7327 0.4424
vn -0.6700 -0.3826 0.6362
vn -0.4602 -0.5953 0.6586
vn -0.4971 0.6835 -0.5346
vn -0.2407 0.5438 -0.8040
vn -0.4640 0.0374 -0.8851
vn -0.5807 0.6993 -0.4168
vn -0.2297 0.5064 -0.8312
vn 0.6969 0.4175 0.5831
vn 0.6214 0.4100 0.6676
vn 0.6134 0.3941 0.6844
vn 0.6680 0.2610 0.6969
vn 0.8606 0.4346 0.2655
vn 0.7736 0.4534 0.4427
vn 0.7412 0.3188 0.5907
vn 0.6960 0.4454 0.5631
vn -0.4899 0.7202 0.4912
vn -0.5606 0.7215 -0.4065
vn -0.2592 0.4336 -0.8630
vn -0.6661 0.4783 -0.5724
vn -0.7066 0.6659 -0.2391
vn -0.6603 0.5223 0.5396
vn -0.8183 0.5039 0.2765
vn -0.4479 0.2219 -0.8661
vn -0.3404 0.3297 -0.8806
vn -0.6928 0.3512 -0.6298
vn -0.6047 0.1391 -0.7842
vn -0.8458 0.5253 0.0928
vn -0.4754 0.3875 0.7899
vn -0.4221 0.4523 0.7856
vn -0.5842 0.6315 0.5099
vn -0.5390 0.3019 0.7864
vn -0.4598 0.2057 0.8639
vn -0.4603 0.2306 -0.8573
vn -0.3120 0.3179 -0.8953
vn -0.6645 0.1443 -0.7332
vn -0.6787 0.7040 -0.2091
vn -0.3433 0.4383 -0.8306
vn -0.8158 0.0995 -0.5698
vn -0.8364 0.1865 -0.5154
vn -0.6984 0.2520 -0.6699
vn -0.7652 0.1039 -0.6353
vn -0.4977 0.3199 -0.8062
vn -0.6921 0.4031 -0.5988
vn -0.4971 0.4464 -0.7440
vn -0.8428 0.3283 -0.4265
vn -0.6217 0.5905 -0.5146
vn -0.4436 0.6045 -0.6617
vn -0.7873 0.5301 -0.3150
vn -0.5885 0.6583 -0.4695
vn -0.4134 0.6998 -0.5826
vn -0.3183 0.5697 -0.7577
vn -0.3454 0.4640 -0.8157
vn -0.3334 0.5929 -0.7330
vn 0.1383 -0.1501 0.9789
vn 0.1100 -0.2118 0.9711
vn 0.3980 -0.3075 0.8643
vn 0.4367 -0.2767 0.8560
vn -0.1057 -0.0361 0.9937
vn -0.0728 -0.1279 0.9891
vn 0.4042 -0.2539 0.8787
vn 0.6540 -0.3266 0.6823
vn 0.7002 -0.3158 0.6404
vn 0.6267 -0.3822 0.6791
vn 0.8247 -0.3431 0.4497
vn 0.8607 -0.3183 0.3974
vn 0.7855 -0.4147 0.4593
vn 0.3449 -0.4184 0.8403
vn 0.5645 -0.4997 0.6570
vn 0.0524 -0.2918 0.9550
vn 0.7376 -0.5090 0.4437
vn 0.8145 -0.5406 0.2108
vn 0.8855 -0.4242 0.1896
vn 0.9252 -0.3311 0.1857
vn 0.8422 -0.5322 -0.0866
vn 0.9119 -0.4083 -0.0418
vn 0.9414 -0.3354 -0.0352
vn 0.8425 -0.4470 -0.3005
vn 0.9040 -0.3334 -0.2678
vn 0.7589 -0.5498 -0.3490
vn 0.6935 -0.4276 -0.5799
vn 0.7615 -0.3492 -0.5461
vn 0.6540 -0.5236 -0.5460
vn 0.4686 -0.5774 0.6686
vn 0.6415 -0.6249 0.4449
vn 0.2665 -0.5258 0.8078
vn 0.7358 -0.6600 0.1518
vn 0.7311 -0.6749 -0.1000
vn 0.6911 -0.6316 -0.3513
vn 0.5808 -0.5671 -0.5840
vn 0.3581 -0.5921 -0.7219
vn 0.0977 -0.5038 -0.8583
vn 0.4976 -0.7929 0.3517
vn 0.6101 -0.7887 0.0759
vn 0.3606 -0.6927 0.6246
vn 0.6201 -0.7693 -0.1535
vn 0.5763 -0.7567 -0.3088
vn 0.4822 -0.6946 -0.5338
vn 0.3025 -0.9098 0.2844
vn 0.3406 -0.9376 0.0700
vn 0.3910 -0.8860 -0.2493
vn 0.3742 -0.7733 -0.5118
vn -0.4452 -0.6489 0.6169
vn -0.6278 -0.5089 0.5889
vn -0.8371 -0.2945 0.4610
vn -0.8286 -0.4218 0.3682
vn -0.9445 -0.2426 0.2216
vn -0.9240 -0.3103 0.2234
vn -0.3633 -0.6457 0.6717
vn -0.6604 -0.5851 -0.4707
vn -0.8265 0.4091 -0.3867
vn -0.6827 0.3374 -0.6482
vn -0.4915 0.1927 -0.8493
vn -0.3498 -0.0945 -0.9321
vn -0.4373 -0.1587 -0.8852
vn -0.3229 -0.4459 -0.8348
vn -0.3545 -0.4835 -0.8003
vn 0.8636 -0.1185 -0.4901
vn 0.9644 -0.1305 -0.2301
vn 0.8908 -0.1491 -0.4292
vn 0.6994 -0.2114 -0.6827
vn 0.6868 -0.1892 -0.7018
vn 0.6890 -0.2516 -0.6797
vn 0.4106 -0.2852 -0.8661
vn 0.4499 -0.3062 -0.8389
vn 0.5003 -0.3874 -0.7743
vn 0.9555 -0.2215 -0.1948
vn 0.8938 -0.2254 -0.3876
vn 0.7126 -0.2849 -0.6411
vn 0.4257 -0.3112 -0.8497
vn -0.2953 -0.1891 -0.9365
vn -0.3514 -0.1135 -0.9293
vn -0.5348 -0.3737 -0.7578
vn -0.5384 -0.3018 -0.7868
vn -0.4915 -0.2280 -0.8405
vn 0.9119 0.0776 0.4030
vn 0.8122 -0.0650 0.5798
vn -0.5426 -0.0800 0.8362
vn -0.8588 0.3423 0.3813
vn -0.3343 0.5262 0.7819
vn -0.9034 0.2405 -0.3550
vn -0.1859 -0.7560 0.6276
vn -0.5033 -0.5814 0.6393
vn -0.6847 -0.6452 0.3391
vn -0.5065 -0.7657 0.3965
vn 0.0783 -0.6107 0.7880
vn -0.2423 -0.4911 0.8367
vn 0.2181 -0.8255 0.5206
vn -0.1320 -0.8981 0.4195
vn -0.0558 -0.4111 0.9099
vn -0.1309 -0.2269 0.9651
vn -0.2352 -0.3219 0.9171
vn -0.4145 -0.4552 0.7881
vn -0.6175 -0.5349 0.5767
vn -0.0336 0.0485 0.9983
vn -0.0077 -0.0618 0.9981
vn -0.0965 -0.2450 0.9647
vn -0.2469 -0.3883 0.8878
vn -0.4258 -0.5233 0.7381
vn -0.5980 -0.6257 0.5008
vn 0.1876 0.0419 0.9814
vn 0.1590 0.0061 0.9873
vn 0.1152 0.0194 0.9932
vn -0.0777 -0.2563 0.9635
vn -0.3138 -0.5016 0.8062
vn -0.5028 -0.6394 0.5817
vn 0.1099 -0.1005 0.9888
vn -0.0718 -0.1496 0.9861
vn 0.1983 -0.1438 0.9695
vn -0.3664 -0.3810 0.8489
vn -0.5806 -0.5747 0.5768
vn -0.2216 -0.1432 0.9646
vn -0.4254 -0.2481 0.8704
vn -0.0459 -0.2615 0.9641
vn -0.4426 -0.1850 0.8774
vn -0.3423 -0.0672 0.9372
vn -0.3942 -0.2422 0.8865
vn -0.3645 -0.0770 0.9280
vn -0.7155 -0.1765 0.6760
vn -0.6458 -0.3454 0.6809
vn -0.4543 -0.1511 0.8779
vn -0.4447 -0.1957 0.8741
vn -0.4874 -0.0984 0.8676
vn -0.0440 -0.1487 0.9879
vn -0.2955 -0.0626 0.9533
vn -0.4514 -0.1907 0.8717
vn 0.1089 -0.2443 0.9636
vn 0.2439 -0.1885 0.9513
vn 0.0530 -0.0428 0.9977
vn 0.2657 -0.1922 0.9447
vn 0.2789 -0.3998 0.8732
vn 0.3908 -0.3679 0.8438
vn 0.4181 -0.5676 0.7093
vn 0.4533 -0.5316 0.7155
vn -0.6280 -0.3983 0.6686
vn -0.6191 -0.3584 0.6988
vn -0.7365 -0.4887 0.4677
vn -0.7057 -0.5463 0.4511
vn -0.6315 -0.4529 0.6294
vn -0.7127 -0.5776 0.3979
vn -0.7893 -0.5732 0.2203
vn -0.7563 -0.6216 0.2040
vn -0.7438 -0.6354 0.2075
vn -0.7626 -0.6464 0.0237
vn -0.7604 -0.6478 0.0459
vn -0.6792 -0.2652 0.6843
vn -0.8107 -0.3376 0.4784
vn -0.8904 -0.3812 0.2488
vn 0.2968 -0.5435 0.7852
vn 0.2736 -0.3952 0.8769
vn 0.0770 -0.3646 0.9280
vn -0.0058 -0.5695 0.8220
vn -0.2807 -0.4530 0.8462
vn 0.9393 -0.1895 0.2862
vn 0.8920 -0.2781 0.3565
vn 0.8230 -0.0714 0.5636
vn 0.8959 0.0148 0.4440
vn 0.9045 -0.4262 0.0114
vn 0.8677 -0.4855 0.1069
vn 0.8417 -0.3270 0.4296
vn 0.8008 -0.5840 0.1326
vn 0.8007 -0.1294 0.5849
vn 0.8363 -0.3321 0.4362
vn 0.8167 -0.5535 0.1631
vn 0.7859 -0.1502 0.5998
vn 0.8441 0.1730 0.5075
vn 0.7692 -0.0037 0.6390
vn 0.7460 0.0392 0.6648
vn 0.7068 -0.0601 0.7049
vn 0.8056 0.2922 0.5153
vn 0.7525 0.1182 0.6479
vn 0.6869 0.1223 0.7164
vn 0.6343 -0.0067 0.7730
vn 0.7601 0.2212 0.6110
vn 0.8217 0.1686 0.5444
vn 0.9146 0.0986 0.3921
vn 0.6248 0.0564 0.7788
vn 0.6916 -0.0549 0.7201
vn 0.7467 0.3972 0.5336
vn 0.6955 0.2141 0.6859
vn 0.5457 0.0619 0.8357
vn 0.6548 0.3244 0.6827
vn 0.7931 0.2638 0.5490
vn 0.8191 0.2003 0.5375
vn 0.7457 0.3712 0.5533
vn 0.6355 0.5714 0.5193
vn 0.5836 0.3891 0.7128
vn -0.9823 0.1568 -0.1022
vn 0.8010 -0.4029 0.4428
vn 0.7471 -0.6571 -0.1007
vn 0.7294 -0.6502 -0.2125
vn 0.6519 -0.7393 -0.1687
vn 0.7631 -0.2113 0.6108
vn -0.9388 0.3289 0.1026
vn -0.9526 0.2940 -0.0788
vn 0.3657 0.9160 -0.1651
vn 0.3003 0.7375 -0.6050
vn -0.1496 0.8269 -0.5421
vn 0.1696 0.9692 -0.1788
vn 0.5727 0.8004 -0.1770
vn 0.5778 0.5568 -0.5968
vn 0.3692 0.9282 0.0465
vn 0.3709 0.9276 0.0437
vn 0.3695 0.9281 0.0465
vn 0.4566 0.8896 -0.0081
vn 0.3717 0.9283 -0.0109
vn 0.7663 0.5674 0.3013
vn 0.6620 0.7477 0.0525
vn -0.0233 -0.0268 0.9994
vn 0.0027 -0.0477 0.9989
vn 0.4126 0.0777 0.9076
vn 0.0761 -0.1275 0.9889
vn -0.1772 -0.2659 0.9476
vn 0.4071 -0.0307 0.9129
vn 0.6779 -0.4265 -0.5988
vn 0.8723 -0.3537 -0.3377
vn 0.9135 -0.3346 -0.2315
vn 0.7408 -0.4708 -0.4791
vn 0.4547 -0.3506 -0.8187
vn 0.8140 -0.1774 -0.5530
vn 0.2972 -0.4397 -0.8475
vn 0.2118 -0.3544 -0.9108
vn 0.5580 -0.5026 -0.6603
vn 0.9107 -0.3881 -0.1415
vn 0.6893 -0.5477 -0.4742
vn 0.4873 -0.6025 -0.6321
vn 0.9281 -0.3722 -0.0026
vn 0.6957 -0.5742 -0.4316
vn 0.4460 -0.6650 -0.5991
vn 0.9295 -0.3607 -0.0771
vn 0.7165 -0.5891 -0.3736
vn 0.3782 -0.6591 -0.6500
vn 0.6802 -0.6215 -0.3887
vn 0.3701 -0.7044 -0.6057
vn 0.8681 -0.4780 -0.1340
vn 0.7231 -0.5965 -0.3483
vn 0.1851 -0.6881 -0.7016
vn 0.9251 -0.3793 -0.0198
vn 0.7272 -0.5520 -0.4080
vn 0.4689 -0.6220 -0.6271
vn 0.9120 -0.3787 -0.1573
vn 0.7767 -0.4916 -0.3937
vn 0.4191 -0.6395 -0.6445
vn 0.9300 -0.3450 -0.1268
vn 0.7941 -0.5063 -0.3363
vn 0.4435 -0.6846 -0.5784
vn 0.9344 -0.3365 -0.1169
vn 0.7746 -0.5385 -0.3317
vn 0.4307 -0.7033 -0.5656
vn 0.9390 -0.3364 -0.0720
vn 0.8238 -0.4796 -0.3022
vn 0.4459 -0.6780 -0.5844
vn 0.9569 -0.2505 -0.1467
vn 0.7106 -0.4962 -0.4988
vn 0.5773 -0.5802 -0.5745
vn 0.9312 -0.2442 -0.2705
vn 0.7825 -0.3928 -0.4831
vn 0.3987 -0.6324 -0.6642
vn 0.9588 -0.2167 -0.1838
vn 0.7565 -0.3533 -0.5503
vn 0.2414 -0.6010 -0.7619
vn 0.9667 -0.0826 -0.2421
vn 0.7613 -0.2812 -0.5843
vn 0.3731 -0.4639 -0.8035
vn 0.9434 0.0435 -0.3287
vn 0.6710 -0.1863 -0.7177
vn 0.5376 -0.2509 -0.8050
vn 0.8527 0.0841 -0.5155
vn 0.5801 -0.0236 -0.8142
vn 0.3879 -0.1239 -0.9133
vn 0.7895 0.2260 -0.5706
vn 0.5189 0.1238 -0.8458
vn 0.3477 -0.0067 -0.9376
vn 0.7193 0.3370 -0.6074
vn 0.3797 0.2422 -0.8929
vn 0.2187 0.1049 -0.9701
vn 0.6321 0.4587 -0.6246
vn 0.3666 0.3473 -0.8631
vn 0.1171 0.1727 -0.9780
vn 0.5878 0.5367 -0.6053
vn 0.3451 0.3812 -0.8576
vn 0.1187 0.1933 -0.9739
vn 0.5453 0.5487 -0.6337
vn 0.3305 0.3943 -0.8575
vn 0.1277 0.1941 -0.9726
vn 0.5558 0.5622 -0.6124
vn 0.5637 0.5855 -0.5826
vn 0.2938 0.4206 -0.8584
vn 0.5563 0.5901 -0.5851
vn 0.2979 0.4552 -0.8391
vn 0.5136 0.5939 -0.6193
vn 0.3369 0.4762 -0.8122
vn 0.5368 0.6339 -0.5568
vn 0.2958 0.4556 -0.8396
vn 0.5455 0.6513 -0.5275
vn 0.3234 0.4004 -0.8574
vn 0.5010 0.5715 -0.6500
vn 0.2081 0.3632 -0.9082
vn 0.5464 0.5632 -0.6199
vn 0.2869 0.5370 -0.7933
vn 0.5565 0.6106 -0.5634
vn 0.2720 0.5214 -0.8088
vn 0.5549 0.6230 -0.5513
vn 0.2804 0.5072 -0.8149
vn 0.4992 0.6045 -0.6208
vn 0.2306 0.5237 -0.8201
vn 0.4926 0.5756 -0.6528
vn 0.1730 0.5578 -0.8117
vn 0.5232 0.5633 -0.6395
vn 0.1692 0.6053 -0.7778
vn 0.5506 0.6021 -0.5782
vn 0.2355 0.6444 -0.7275
vn 0.5504 0.6160 -0.5636
vn 0.1802 0.6594 -0.7299
vn 0.5645 0.5627 -0.6039
vn 0.2240 0.6355 -0.7389
vn 0.5471 0.5344 -0.6443
vn 0.2208 0.6077 -0.7628
vn 0.5387 0.5064 -0.6733
vn 0.2679 0.6098 -0.7459
vn 0.5617 0.4262 -0.7091
vn 0.2318 0.6101 -0.7577
vn 0.5392 0.3857 -0.7486
vn 0.2353 0.5656 -0.7904
vn 0.5235 0.3442 -0.7794
vn 0.2311 0.5041 -0.8322
vn 0.4764 0.2850 -0.8317
vn 0.1496 0.4676 -0.8712
vn 0.4248 0.2460 -0.8712
vn 0.0870 0.4475 -0.8901
vn 0.3764 0.2244 -0.8989
vn 0.0711 0.4467 -0.8918
vn 0.3534 0.2343 -0.9057
vn 0.1166 0.4383 -0.8912
vn 0.3692 0.2066 -0.9061
vn 0.1203 0.4405 -0.8896
vn 0.3402 0.1985 -0.9192
vn 0.1254 0.3914 -0.9116
vn 0.3185 0.1921 -0.9283
vn 0.0942 0.3542 -0.9304
vn 0.3062 0.1281 -0.9433
vn 0.0640 0.3472 -0.9356
vn 0.2977 0.0706 -0.9521
vn 0.0373 0.3133 -0.9489
vn 0.2555 0.0426 -0.9659
vn -0.0152 0.2719 -0.9622
vn 0.2289 -0.0372 -0.9727
vn -0.0209 0.1811 -0.9832
vn 0.1653 -0.0691 -0.9838
vn -0.0810 0.1109 -0.9905
vn 0.1451 -0.0768 -0.9864
vn -0.1059 0.0870 -0.9906
vn 0.1349 -0.0798 -0.9876
vn -0.1137 0.1052 -0.9879
vn 0.1628 -0.0888 -0.9827
vn -0.0796 0.0794 -0.9937
vn 0.1542 -0.1272 -0.9798
vn -0.1091 0.0292 -0.9936
vn 0.1029 -0.2442 -0.9643
vn -0.1819 -0.0503 -0.9820
vn 0.0916 -0.3394 -0.9362
vn 0.1017 -0.3059 -0.9466
vn 0.0723 -0.2562 -0.9639
vn 0.0739 -0.3504 -0.9337
vn 0.0228 -0.4723 -0.8811
vn -0.0196 -0.4951 -0.8686
vn -0.0059 -0.4375 -0.8992
vn 0.0013 -0.5630 -0.8265
vn -0.0955 -0.5875 -0.8036
vn -0.1241 -0.5257 -0.8416
vn -0.1333 -0.6751 -0.7256
vn -0.1173 -0.7145 -0.6898
vn -0.0869 -0.6286 -0.7729
vn -0.0564 -0.5664 -0.8222
vn -0.1130 -0.4632 -0.8790
vn -0.1792 -0.3691 -0.9120
vn -0.2476 -0.2298 -0.9412
vn -0.4437 0.0111 -0.8961
vn -0.5814 0.0974 -0.8078
vn -0.4681 -0.0101 -0.8836
vn -0.4681 0.0412 -0.8827
vn -0.5242 0.0155 -0.8515
vn -0.4010 -0.0108 -0.9160
vn -0.5344 0.0677 -0.8425
vn -0.6222 0.0792 -0.7788
vn -0.5986 0.1013 -0.7946
vn -0.7245 0.2102 -0.6565
vn -0.7033 0.1689 -0.6905
vn -0.5891 0.1321 -0.7972
vn -0.7354 0.2355 -0.6354
vn -0.7148 0.2394 -0.6571
vn -0.6572 0.1874 -0.7301
vn -0.7770 0.3404 -0.5296
vn -0.8139 0.4973 -0.3005
vn -0.8268 0.4603 -0.3233
vn -0.7970 0.5722 -0.1933
vn -0.7608 0.6478 -0.0391
vn 0.7702 0.0653 0.6344
vn 0.3871 -0.2656 -0.8829
vn 0.4241 -0.3110 -0.8506
vn 0.6875 -0.3222 -0.6508
vn 0.6822 -0.3099 -0.6623
vn -0.0218 -0.1833 -0.9828
vn 0.0386 -0.2466 -0.9684
vn 0.2751 -0.2224 -0.9353
vn -0.1271 -0.0918 -0.9876
vn 0.6454 -0.3083 -0.6988
vn 0.5857 -0.3051 -0.7509
vn 0.1642 -0.1852 -0.9689
vn -0.1047 0.0071 -0.9945
vn 0.6100 -0.6700 -0.4231
vn 0.6499 -0.6470 -0.3988
vn 0.5586 -0.7296 -0.3946
vn 0.7338 -0.2770 -0.6203
vn 0.7751 -0.3553 -0.5225
vn 0.8226 -0.3667 -0.4345
vn 0.7804 -0.4777 -0.4034
vn 0.8255 -0.5157 -0.2294
vn 0.7129 0.1275 -0.6896
vn 0.7114 0.1434 -0.6879
vn 0.8000 0.0465 -0.5982
vn 0.8765 0.0224 -0.4808
vn 0.8717 -0.0078 -0.4901
vn 0.9420 -0.0547 -0.3311
vn 0.9498 -0.1025 -0.2957
vn 0.9657 -0.2048 -0.1594
vn 0.6941 0.4570 -0.5562
vn 0.7091 0.4620 -0.5327
vn 0.7136 0.4566 -0.5313
vn 0.7337 0.4465 -0.5123
vn 0.7607 0.4280 -0.4881
vn 0.7697 0.4239 -0.4773
vn 0.8675 0.3708 -0.3315
vn 0.9079 0.3159 -0.2754
vn 0.9232 0.2856 -0.2571
vn 0.6575 0.7123 -0.2457
vn 0.6856 0.6884 -0.2367
vn 0.6629 0.7068 -0.2472
vn 0.6665 0.6926 -0.2759
vn 0.6691 0.7001 -0.2495
vn 0.7106 0.6954 0.1072
vn 0.6638 0.7407 0.1034
vn 0.6283 0.7727 0.0909
vn 0.9574 0.0051 0.2886
vn -0.1488 -0.1078 -0.9830
vn -0.1283 -0.1682 -0.9774
vn 0.1935 -0.1117 -0.9747
vn 0.1954 0.0355 -0.9801
vn -0.3878 -0.2968 -0.8726
vn -0.3706 -0.1786 -0.9115
vn -0.1961 -0.1397 -0.9706
vn 0.1749 -0.0130 -0.9845
vn 0.5020 -0.0291 -0.8644
vn 0.5120 0.0595 -0.8569
vn 0.5654 -0.0135 -0.8247
vn 0.7738 0.0133 -0.6333
vn 0.7787 0.0650 -0.6240
vn 0.8209 -0.0556 -0.5683
vn 0.6264 -0.1263 -0.7692
vn 0.9215 0.1112 -0.3721
vn 0.9315 0.0470 -0.3608
vn 0.9223 0.0490 -0.3833
vn -0.6825 -0.3230 0.6556
vn -0.6245 -0.1567 0.7651
vn -0.5030 -0.0367 0.8635
vn 0.1133 0.6791 0.7253
vn 0.0369 0.4414 0.8966
vn -0.1635 0.4683 0.8683
vn -0.1298 0.6998 0.7024
vn 0.3202 0.5288 0.7860
vn 0.2538 0.3970 0.8821
vn 0.3012 0.9515 -0.0625
vn -0.1845 0.9513 -0.2469
vn 0.9808 0.0733 0.1807
vn 0.9117 -0.0710 0.4047
vn 0.9578 0.2686 -0.1028
vn 0.9642 0.2578 -0.0622
vn 0.9658 0.0657 0.2506
vn -0.2765 -0.1878 -0.9425
vn -0.4222 -0.2624 -0.8677
vn -0.6713 -0.0570 -0.7390
vn -0.5460 -0.0077 -0.8377
vn 0.0245 -0.3298 -0.9437
vn -0.1291 -0.3894 -0.9120
vn -0.3120 -0.1488 -0.9384
vn -0.0890 -0.2608 -0.9613
vn -0.3710 -0.1441 -0.9174
vn -0.8695 0.1190 -0.4794
vn -0.7654 0.1577 -0.6240
vn -0.5704 0.0189 -0.8212
vn -0.9125 0.3522 -0.2081
vn -0.8627 0.4426 -0.2446
vn -0.7471 0.3803 -0.5452
vn -0.8736 0.4862 -0.0185
vn -0.8425 0.5368 -0.0439
vn -0.8157 0.4774 -0.3266
vn -0.7048 0.6480 0.2888
vn -0.7442 0.6468 0.1669
vn -0.8183 0.5594 -0.1322
vn -0.3340 0.7790 0.5307
vn -0.5098 0.6941 0.5082
vn -0.5288 0.7807 0.3330
vn -0.3946 -0.4267 -0.8138
vn -0.7828 -0.1226 -0.6101
vn -0.1921 -0.5009 -0.8439
vn -0.9297 0.0754 -0.3604
vn -0.9558 0.2319 -0.1806
vn -0.8897 0.4482 0.0865
vn -0.8273 0.5146 0.2253
vn -0.4408 0.7336 0.5172
vn -0.5506 -0.3894 -0.7384
vn -0.8223 -0.1242 -0.5553
vn -0.1948 -0.5558 -0.8081
vn -0.9376 0.1305 -0.3222
vn -0.9464 0.2579 -0.1944
vn -0.8963 0.4388 0.0643
vn -0.8018 0.5532 0.2261
vn -0.5005 0.6750 0.5421
vn -0.4811 -0.4381 -0.7594
vn -0.7867 -0.2047 -0.5824
vn -0.2328 -0.6178 -0.7511
vn -0.9175 0.0365 -0.3961
vn -0.9505 0.2616 -0.1677
vn -0.8773 0.4647 0.1201
vn -0.7679 0.5900 0.2493
vn -0.4924 0.6798 0.5435
vn -0.4795 -0.4743 -0.7383
vn -0.8482 -0.1237 -0.5150
vn -0.1190 -0.6796 -0.7238
vn -0.9377 0.0164 -0.3472
vn -0.9719 0.2103 -0.1061
vn -0.9133 0.4063 0.0286
vn -0.7901 0.5540 0.2625
vn -0.3358 0.6930 0.6380
vn -0.3505 -0.5446 -0.7619
vn -0.8407 -0.1025 -0.5318
vn -0.0618 -0.6213 -0.7811
vn -0.9448 0.2056 -0.2553
vn -0.9501 0.1956 -0.2431
vn -0.9125 0.4081 -0.0289
vn -0.6885 0.6459 0.3299
vn -0.5235 0.7054 0.4779
vn -0.5559 -0.4137 -0.7210
vn -0.8101 -0.2011 -0.5507
vn -0.1866 -0.5004 -0.8455
vn -0.9213 0.1127 -0.3721
vn -0.9461 0.2908 -0.1425
vn -0.8962 0.4400 0.0572
vn -0.6883 0.6594 0.3024
vn -0.4155 0.7451 0.5218
vn -0.7080 -0.3497 -0.6135
vn -0.7910 -0.3018 -0.5321
vn -0.3098 -0.5609 -0.7677
vn -0.9570 0.0397 -0.2874
vn -0.9651 0.2571 -0.0501
vn -0.9375 0.3478 0.0119
vn -0.7085 0.5937 0.3817
vn -0.4110 0.7238 0.5543
vn -0.7322 -0.3781 -0.5665
vn -0.8358 -0.2907 -0.4658
vn -0.3520 -0.6108 -0.7092
vn -0.9491 -0.0865 -0.3030
vn -0.9803 0.1716 -0.0977
vn -0.9264 0.3383 0.1654
vn -0.7174 0.5426 0.4369
vn -0.5350 0.6895 0.4882
vn -0.7752 -0.3590 -0.5198
vn -0.8301 -0.2833 -0.4803
vn -0.3743 -0.6094 -0.6989
vn -0.9492 -0.0821 -0.3039
vn -0.9515 0.3059 0.0336
vn -0.8707 0.4501 0.1982
vn -0.8535 0.4906 0.1755
vn -0.6618 0.6878 0.2984
vn -0.7341 -0.4107 -0.5408
vn -0.8173 -0.2549 -0.5168
vn -0.3105 -0.6788 -0.6654
vn -0.9391 -0.1192 -0.3223
vn -0.9823 0.1684 -0.0824
vn -0.9229 0.3832 0.0388
vn -0.9012 0.4211 0.1027
vn -0.5489 0.7165 0.4304
vn -0.4795 -0.5593 -0.6763
vn -0.7795 -0.3576 -0.5143
vn -0.4272 -0.6245 -0.6538
vn -0.9797 -0.0911 -0.1785
vn -0.9967 0.0432 -0.0685
vn -0.9389 0.3102 0.1495
vn -0.8415 0.4188 0.3412
vn -0.5550 0.5982 0.5781
vn -0.5872 -0.4788 -0.6526
vn -0.8913 -0.2940 -0.3452
vn -0.1542 -0.6833 -0.7137
vn -0.9742 -0.1353 -0.1809
vn -0.9929 -0.0320 -0.1144
vn -0.9397 0.2499 0.2336
vn -0.7787 0.4239 0.4625
vn -0.6717 0.4893 0.5562
vn -0.4025 -0.5830 -0.7058
vn -0.8857 -0.3100 -0.3456
vn 0.1018 -0.6281 -0.7714
vn -0.9548 -0.1903 -0.2283
vn -0.9988 0.0171 -0.0463
vn -0.8972 0.2721 0.3478
vn -0.7714 0.4257 0.4730
vn -0.7280 0.4410 0.5249
vn -0.5058 -0.5586 -0.6574
vn -0.8437 -0.3573 -0.4007
vn -0.1542 -0.5394 -0.8278
vn -0.9125 -0.2607 -0.3152
vn -0.9947 -0.0926 -0.0457
vn -0.9271 0.1470 0.3447
vn -0.7963 0.3209 0.5127
vn -0.3651 0.5276 0.7671
vn -0.4148 -0.5127 -0.7517
vn -0.7080 -0.4666 -0.5302
vn -0.2427 -0.5144 -0.8225
vn -0.9121 -0.3079 -0.2706
vn -0.9640 -0.2142 0.1574
vn -0.8848 0.0090 0.4659
vn -0.7039 0.1890 0.6847
vn -0.4898 -0.4745 -0.7314
vn -0.6955 -0.5088 -0.5074
vn -0.2033 -0.4179 -0.8854
vn -0.9160 -0.3869 -0.1058
vn -0.9085 -0.3238 0.2643
vn -0.8744 -0.2006 0.4417
vn -0.5540 0.1270 0.8228
vn -0.5083 -0.4604 -0.7278
vn -0.6976 -0.4982 -0.5150
vn -0.2421 -0.3492 -0.9053
vn -0.8750 -0.4815 -0.0507
vn -0.8825 -0.3318 0.3333
vn -0.8282 -0.2653 0.4936
vn -0.5906 -0.0999 0.8008
vn -0.5184 -0.4425 -0.7317
vn -0.7266 -0.5087 -0.4618
vn -0.3014 -0.2837 -0.9103
vn -0.8215 -0.5613 -0.1004
vn -0.8555 -0.4579 0.2417
vn -0.7167 -0.3054 0.6269
vn -0.4551 -0.1367 0.8799
vn -0.5536 -0.4415 -0.7061
vn -0.7266 -0.5262 -0.4417
vn -0.3850 -0.2606 -0.8854
vn -0.7975 -0.5999 -0.0637
vn -0.8147 -0.5093 0.2771
vn -0.6301 -0.4003 0.6653
vn -0.4561 -0.1977 0.8677
vn -0.5951 -0.4349 -0.6759
vn -0.7228 -0.5746 -0.3839
vn -0.4189 -0.2830 -0.8628
vn -0.7933 -0.5982 -0.1129
vn -0.7679 -0.5824 0.2666
vn -0.5735 -0.4448 0.6879
vn -0.4605 -0.2342 0.8562
vn -0.6183 -0.4409 -0.6506
vn -0.6979 -0.5727 -0.4300
vn -0.4213 -0.2961 -0.8572
vn -0.7977 -0.5980 -0.0783
vn -0.7153 -0.5923 0.3708
vn -0.6647 -0.4910 0.5632
vn -0.3857 -0.3001 0.8724
vn -0.5857 -0.4650 -0.6639
vn -0.7279 -0.5462 -0.4145
vn -0.4715 -0.3042 -0.8277
vn -0.7616 -0.6369 -0.1198
vn -0.7493 -0.6031 0.2736
vn -0.5975 -0.4478 0.6652
vn -0.3366 -0.3179 0.8864
vn -0.6041 -0.4304 -0.6708
vn -0.6991 -0.5538 -0.4523
vn -0.4602 -0.2945 -0.8375
vn -0.7621 -0.6418 -0.0847
vn -0.7541 -0.6090 0.2459
vn -0.5586 -0.5287 0.6391
vn -0.3618 -0.2935 0.8848
vn -0.6346 -0.4279 -0.6435
vn -0.7190 -0.5782 -0.3857
vn -0.3755 -0.2589 -0.8899
vn -0.7973 -0.5767 -0.1782
vn -0.7179 -0.6319 0.2922
vn -0.5863 -0.5030 0.6351
vn -0.3464 -0.3762 0.8593
vn -0.5849 -0.4059 -0.7023
vn -0.7209 -0.4995 -0.4803
vn -0.3951 -0.2535 -0.8830
vn -0.7980 -0.5994 -0.0623
vn -0.7324 -0.6174 0.2871
vn -0.5631 -0.5274 0.6362
vn -0.2906 -0.3330 0.8970
vn -0.6003 -0.3390 -0.7244
vn -0.7324 -0.4979 -0.4645
vn -0.4466 -0.2095 -0.8699
vn -0.7924 -0.5861 -0.1688
vn -0.7339 -0.6002 0.3182
vn -0.5580 -0.5499 0.6215
vn -0.2898 -0.3726 0.8816
vn -0.6371 -0.3207 -0.7009
vn -0.7851 -0.4044 -0.4691
vn -0.5053 -0.1456 -0.8506
vn -0.8166 -0.5583 -0.1464
vn -0.7363 -0.6088 0.2953
vn -0.5280 -0.5290 0.6644
vn -0.2785 -0.3925 0.8766
vn -0.6545 -0.2151 -0.7248
vn -0.8232 -0.3593 -0.4396
vn -0.5320 -0.0761 -0.8433
vn -0.8447 -0.5339 -0.0379
vn -0.7576 -0.5523 0.3479
vn -0.5576 -0.5326 0.6367
vn -0.3418 -0.3681 0.8647
vn -0.7367 -0.1367 -0.6623
vn -0.8375 -0.3417 -0.4264
vn -0.5541 -0.0186 -0.8322
vn -0.8894 -0.4535 -0.0573
vn -0.7845 -0.5061 0.3583
vn -0.5993 -0.5025 0.6231
vn -0.3108 -0.3677 0.8765
vn -0.7617 -0.0966 -0.6406
vn -0.8832 -0.2983 -0.3618
vn -0.5808 0.0616 -0.8117
vn -0.9018 -0.4256 -0.0743
vn -0.7871 -0.4882 0.3770
vn -0.5970 -0.4872 0.6374
vn -0.7844 -0.1019 -0.6118
vn -0.9168 -0.2458 -0.3146
vn -0.6054 0.1219 -0.7866
vn -0.9133 -0.4012 -0.0697
vn -0.8124 -0.4746 0.3388
vn -0.5735 -0.4779 0.6654
vn -0.7981 -0.0252 -0.6019
vn -0.9203 -0.2215 -0.3225
vn -0.6569 0.1381 -0.7412
vn -0.9434 -0.3314 -0.0107
vn -0.8039 -0.5171 0.2940
vn -0.5392 -0.5193 0.6630
vn -0.8797 0.0668 -0.4709
vn -0.9337 -0.1267 -0.3348
vn -0.7045 0.1923 -0.6831
vn -0.9463 -0.3201 0.0451
vn -0.7912 -0.5286 0.3076
vn -0.5949 -0.5663 0.5704
vn -0.8818 0.1920 -0.4307
vn -0.9832 -0.0679 -0.1693
vn -0.7295 0.3260 -0.6013
vn -0.9473 -0.3101 0.0805
vn -0.8255 -0.4231 0.3735
vn -0.5973 -0.5798 0.5542
vn -0.9092 0.2051 -0.3624
vn -0.9953 -0.0093 -0.0964
vn -0.7556 0.4225 -0.5005
vn -0.9733 -0.2082 0.0969
vn -0.8147 -0.3958 0.4238
vn -0.5720 -0.5497 0.6088
vn -0.9237 0.2283 -0.3077
vn -0.9985 0.0293 -0.0453
vn -0.7847 0.4322 -0.4443
vn -0.9694 -0.1817 0.1648
vn -0.8310 -0.3705 0.4149
vn -0.5411 -0.5295 0.6533
vn -0.9372 0.2407 -0.2523
vn -0.9969 0.0778 -0.0083
vn -0.7844 0.4412 -0.4360
vn -0.9714 -0.1166 0.2071
vn -0.8447 -0.3022 0.4418
vn -0.5564 -0.5244 0.6445
vn -0.9246 0.3246 -0.1996
vn -0.9842 0.1697 0.0510
vn -0.7508 0.4779 -0.4560
vn -0.9551 -0.0355 0.2941
vn -0.8091 -0.2751 0.5193
vn -0.5088 -0.5215 0.6850
vn -0.8863 0.4260 -0.1818
vn -0.9714 0.2255 0.0745
vn -0.7773 0.5006 -0.3812
vn -0.9254 0.0170 0.3785
vn -0.7720 -0.2777 0.5718
vn -0.5148 -0.4118 0.7519
vn -0.8731 0.4731 -0.1183
vn -0.9379 0.3130 0.1499
vn -0.7514 0.5697 -0.3329
vn -0.8722 0.0967 0.4796
vn -0.7415 -0.0739 0.6669
vn -0.4605 -0.3668 0.8083
vn -0.8246 0.5551 -0.1091
vn -0.8859 0.4322 0.1685
vn -0.7110 0.6169 -0.3375
vn -0.8560 0.2389 0.4585
vn -0.6374 -0.0168 0.7704
vn -0.4044 -0.3289 0.8534
vn -0.7985 0.5921 -0.1087
vn -0.8763 0.4479 0.1776
vn -0.7181 0.6402 -0.2730
vn -0.8535 0.2577 0.4529
vn -0.6873 -0.0479 0.7248
vn -0.3547 -0.3336 0.8735
vn -0.7851 0.6161 -0.0640
vn -0.8565 0.4770 0.1975
vn -0.6800 0.6876 -0.2547
vn -0.8209 0.2830 0.4960
vn -0.6653 -0.0387 0.7456
vn -0.3669 -0.3004 0.8804
vn -0.7432 0.6689 0.0149
vn -0.8087 0.5371 0.2399
vn -0.6458 0.7176 -0.2606
vn -0.7690 0.3479 0.5363
vn -0.6227 0.0593 0.7802
vn -0.3622 -0.2307 0.9031
vn -0.7049 0.7092 0.0061
vn -0.7313 0.6051 0.3147
vn -0.5619 0.7741 -0.2916
vn -0.7229 0.4001 0.5633
vn -0.5306 0.0987 0.8418
vn -0.6661 0.7442 0.0500
vn -0.7086 0.6324 0.3130
vn -0.5442 0.7927 -0.2746
vn -0.6586 0.4220 0.6230
vn -0.4935 0.1904 0.8486
vn -0.6757 0.7359 0.0436
vn -0.7104 0.6082 0.3541
vn -0.5524 0.7559 -0.3515
vn -0.6671 0.4650 0.5820
vn -0.4955 0.2095 0.8429
vn -0.7234 0.6903 -0.0121
vn -0.7257 0.6005 0.3358
vn -0.6097 0.7334 -0.3007
vn -0.6616 0.4217 0.6201
vn -0.4904 0.2048 0.8471
vn -0.7230 0.6907 0.0125
vn -0.7461 0.5824 0.3227
vn -0.6135 0.7398 -0.2764
vn -0.6521 0.4636 0.5999
vn -0.4747 0.2554 0.8423
vn -0.7375 0.6725 0.0628
vn -0.7594 0.5706 0.3126
vn -0.6578 0.6906 -0.3007
vn -0.6562 0.4714 0.5892
vn -0.4595 0.2529 0.8514
vn -0.7683 0.6400 0.0127
vn -0.7592 0.5678 0.3182
vn -0.6997 0.6567 -0.2812
vn -0.6851 0.4709 0.5558
vn -0.4724 0.2527 0.8444
vn -0.8035 0.5938 0.0438
vn -0.7782 0.5534 0.2969
vn -0.7170 0.6489 -0.2545
vn -0.7151 0.4045 0.5701
vn -0.4842 0.2299 0.8442
vn -0.8253 0.5607 0.0673
vn -0.8047 0.4868 0.3398
vn -0.7715 0.5534 -0.3140
vn -0.7165 0.3925 0.5767
vn -0.5315 0.2419 0.8118
vn -0.8368 0.5447 0.0547
vn -0.7995 0.5004 0.3323
vn -0.7930 0.5433 -0.2757
vn -0.6854 0.4279 0.5891
vn -0.4943 0.3208 0.8079
vn -0.8160 0.5700 0.0966
vn -0.7796 0.5231 0.3443
vn -0.7900 0.5364 -0.2971
vn -0.6851 0.4656 0.5602
vn -0.4420 0.3664 0.8188
vn -0.8160 0.5740 0.0678
vn -0.7554 0.5388 0.3729
vn -0.8069 0.4949 -0.3223
vn -0.6562 0.5048 0.5609
vn -0.4730 0.3899 0.7901
vn -0.8505 0.5229 0.0575
vn -0.7556 0.5428 0.3667
vn -0.8201 0.4844 -0.3047
vn -0.6298 0.5218 0.5753
vn -0.4462 0.4601 0.7676
vn -0.8558 0.5104 0.0850
vn -0.7658 0.5485 0.3355
vn -0.8573 0.4454 -0.2580
vn -0.6348 0.5608 0.5315
vn -0.3968 0.4926 0.7746
vn -0.8635 0.5001 0.0650
vn -0.7636 0.5640 0.3143
vn -0.8833 0.3864 -0.2657
vn -0.6117 0.5859 0.5315
vn -0.3469 0.5122 0.7857
vn -0.8700 0.4905 0.0509
vn -0.7619 0.5831 0.2820
vn -0.8878 0.3841 -0.2536
vn -0.6060 0.6048 0.5167
vn -0.3117 0.5782 0.7540
vn -0.8601 0.5095 0.0260
vn -0.7481 0.6105 0.2602
vn -0.8842 0.4010 -0.2397
vn -0.5626 0.6725 0.4808
vn -0.8605 0.5092 0.0186
vn -0.7715 0.5941 0.2277
vn -0.8920 0.3995 -0.2112
vn -0.5713 0.6722 0.4709
vn -0.8662 0.4981 0.0392
vn -0.7596 0.5984 0.2548
vn -0.9119 0.3646 -0.1887
vn -0.5746 0.6579 0.4868
vn -0.8767 0.4799 0.0342
vn -0.7629 0.5973 0.2473
vn -0.9243 0.3238 -0.2022
vn -0.5499 0.6724 0.4955
vn -0.8818 0.4690 0.0492
vn -0.7489 0.6012 0.2789
vn -0.9288 0.3242 -0.1797
vn -0.5220 0.6922 0.4983
vn -0.8867 0.4561 0.0752
vn -0.7607 0.5821 0.2871
vn -0.9436 0.3037 -0.1321
vn -0.5286 0.7055 0.4722
vn -0.8974 0.4271 0.1105
vn -0.7673 0.5567 0.3182
vn -0.9598 0.2546 -0.1186
vn -0.5521 0.6806 0.4816
vn -0.9059 0.3871 0.1715
vn -0.7830 0.5032 0.3656
vn -0.9753 0.2083 -0.0741
vn -0.5578 0.6370 0.5321
vn -0.9178 0.3166 0.2395
vn -0.7860 0.4348 0.4395
vn -0.9905 0.1367 -0.0163
vn -0.5899 0.5532 0.5883
vn -0.9184 0.2299 0.3220
vn -0.7853 0.3524 0.5091
vn -0.9951 0.0795 0.0580
vn -0.5829 0.4843 0.6524
vn -0.9009 0.1430 0.4098
vn -0.7789 0.2666 0.5676
vn -0.9898 -0.0094 0.1419
vn -0.5976 0.3907 0.7001
vn -0.8722 0.0309 0.4882
vn -0.7562 0.1722 0.6313
vn -0.9562 -0.1268 0.2638
vn -0.5574 0.3041 0.7726
vn -0.8353 -0.0922 0.5419
vn -0.7102 0.0497 0.7022
vn -0.9084 -0.2586 0.3284
vn -0.5013 0.2060 0.8404
vn -0.7760 -0.2028 0.5973
vn -0.6370 -0.0871 0.7659
vn -0.8518 -0.3585 0.3820
vn -0.4297 0.0581 0.9011
vn -0.7040 -0.3324 0.6276
vn -0.5421 -0.2217 0.8105
vn -0.7958 -0.4540 0.4008
vn -0.3178 -0.0995 0.9429
vn -0.7577 -0.5172 0.3981
vn -0.6345 -0.4486 0.6294
vn -0.4556 -0.3341 0.8251
vn -0.7128 -0.5824 0.3908
vn -0.5708 -0.5444 0.6146
vn -0.3624 -0.4408 0.8212
vn -0.6525 -0.6519 0.3864
vn -0.4992 -0.6160 0.6093
vn -0.2745 -0.5314 0.8014
vn -0.6182 -0.6949 0.3674
vn -0.4460 -0.6677 0.5960
vn -0.2069 -0.5856 0.7838
vn -0.5962 -0.7195 0.3563
vn -0.3850 -0.7022 0.5989
vn -0.1545 -0.6239 0.7661
vn -0.5509 -0.7673 0.3283
vn -0.3067 -0.7411 0.5973
vn -0.1086 -0.6383 0.7621
vn -0.4833 -0.8147 0.3204
vn -0.2652 -0.7685 0.5823
vn -0.0976 -0.6627 0.7425
vn -0.4612 -0.8361 0.2970
vn -0.2494 -0.7855 0.5663
vn -0.0785 -0.6707 0.7376
vn -0.4507 -0.8342 0.3177
vn -0.2476 -0.7969 0.5511
vn -0.0613 -0.6717 0.7383
vn -0.4656 -0.8336 0.2973
vn -0.2481 -0.7970 0.5507
vn -0.0170 -0.6812 0.7319
vn -0.4611 -0.8371 0.2943
vn -0.2253 -0.8170 0.5309
vn 0.0320 -0.6973 0.7161
vn -0.4579 -0.8392 0.2934
vn -0.1969 -0.8408 0.5043
vn 0.0609 -0.7149 0.6966
vn -0.4488 -0.8477 0.2828
vn -0.1869 -0.8499 0.4928
vn 0.0591 -0.7332 0.6774
vn -0.4436 -0.8434 0.3032
vn -0.2047 -0.8427 0.4979
vn 0.0586 -0.7541 0.6541
vn -0.4474 -0.8317 0.3289
vn -0.2049 -0.8335 0.5131
vn 0.0788 -0.7649 0.6393
vn 0.9729 -0.2310 -0.0074
vn 0.9517 -0.3071 -0.0041
vn 0.9448 -0.2828 -0.1655
vn 0.8768 -0.2957 -0.3791
vn 0.8683 -0.3138 -0.3841
vn 0.9450 -0.2892 -0.1525
vn 0.9399 -0.2943 -0.1733
vn 0.8450 -0.3183 -0.4298
vn 0.8124 -0.3221 -0.4861
vn 0.7514 -0.3406 -0.5651
vn 0.6147 -0.4729 -0.6313
vn -0.8884 0.4586 -0.0219
vn -0.8973 0.4362 -0.0675
vn -0.9269 0.0086 -0.3752
vn -0.8268 0.0886 -0.5554
vn 0.9536 0.1295 0.2718
vn -0.9178 0.3804 0.1136
vn -0.8818 0.3339 0.3332
vn -0.8801 0.4612 -0.1131
vn -0.9016 0.4224 -0.0933
vn -0.9330 0.3523 0.0736
vn -0.9293 0.2694 0.2525
vn -0.8221 0.2790 -0.4963
vn -0.7674 0.5545 -0.3218
vn -0.9196 0.1126 -0.3764
vn -0.9353 0.2761 -0.2215
vn -0.9757 0.2178 -0.0238
vn -0.3250 -0.1372 -0.9357
vn -0.1078 -0.1903 -0.9758
vn -0.0220 -0.1045 -0.9943
vn 0.0845 -0.2627 -0.9612
vn -0.5327 0.1380 -0.8350
vn -0.2601 0.2124 -0.9419
vn -0.5984 0.4509 -0.6623
vn -0.3085 0.5654 -0.7649
vn -0.6105 0.4920 -0.6206
vn -0.2392 0.7564 -0.6088
vn -0.2318 0.9599 0.1577
vn -0.5340 0.6867 0.4931
vn -0.1990 0.9777 0.0665
vn -0.3358 0.9249 -0.1784
vn -0.3963 -0.6550 0.6434
vn -0.3681 -0.6194 0.6934
vn -0.0926 -0.7896 0.6066
vn -0.1041 -0.7878 0.6071
vn -0.7010 -0.4244 0.5731
vn -0.6682 -0.3403 0.6616
vn -0.4160 -0.6964 0.5847
vn -0.7296 -0.4745 0.4925
vn -0.1315 -0.7925 0.5955
vn -0.9199 -0.0791 0.3841
vn -0.9219 -0.0539 0.3836
vn -0.8611 0.0261 0.5077
vn -0.7718 0.0756 0.6314
vn -0.6125 -0.2987 0.7319
vn -0.3310 -0.6054 0.7238
vn -0.6082 -0.3136 0.7292
vn -0.3135 -0.5930 0.7416
vn -0.8264 0.0365 0.5619
vn -0.8241 0.4320 0.3664
vn -0.7804 0.4401 0.4441
vn -0.9410 0.3065 0.1433
vn -0.6164 -0.2606 0.7431
vn -0.5653 -0.2596 0.7830
vn -0.8108 0.5841 -0.0374
vn -0.6903 0.7085 0.1466
vn -0.9363 0.3146 0.1562
vn -0.8202 0.5484 -0.1629
vn -0.9357 0.3527 -0.0023
vn -0.9367 0.2919 0.1934
vn -0.6374 0.6934 0.3359
vn -0.7033 0.5949 0.3892
vn -0.5948 0.7850 0.1728
vn -0.6950 0.6341 0.3389
vn -0.7297 0.4754 0.4914
vn -0.6292 0.7748 0.0619
vn -0.6662 0.6542 -0.3582
vn -0.4452 0.8930 -0.0651
vn -0.5090 0.8500 -0.1358
vn -0.7373 0.5806 -0.3454
vn -0.8549 0.4917 -0.1654
vn -0.9284 0.3647 0.0713
vn -0.6161 0.7339 -0.2859
vn -0.7844 0.6076 -0.1246
vn -0.8971 0.4237 0.1255
vn -0.7644 0.6432 0.0442
vn -0.7954 0.5597 0.2324
vn -0.6376 0.7647 -0.0932
vn -0.8179 0.5567 -0.1451
vn -0.8759 0.4792 0.0568
vn -0.7747 0.5563 -0.3007
vn -0.5291 0.6929 -0.4898
vn -0.2521 0.9452 -0.2076
vn -0.3620 0.8803 -0.3067
vn -0.6057 0.5865 -0.5377
vn -0.4409 0.7891 -0.4277
vn -0.4246 0.8640 -0.2705
vn -0.6118 0.5707 -0.5477
vn -0.5899 0.4660 -0.6594
vn -0.7404 0.4754 -0.4752
vn -0.8530 0.4673 -0.2324
vn -0.4952 0.7310 -0.4695
vn -0.6271 0.7034 -0.3346
vn -0.7453 0.6381 -0.1930
vn -0.6964 0.6264 -0.3502
vn -0.5212 0.6501 -0.5529
vn -0.3595 0.6934 -0.6244
vn -0.0967 0.9274 -0.3612
vn -0.1727 0.8628 -0.4751
vn -0.4180 0.5785 -0.7004
vn -0.2631 0.7961 -0.5450
vn -0.1822 0.8883 -0.4217
vn -0.3660 0.5687 -0.7366
vn -0.4185 0.4700 -0.7772
vn -0.3044 0.7316 -0.6101
vn -0.1382 0.6583 -0.7400
vn 0.1307 0.8718 -0.4722
vn -0.0109 0.7889 -0.6144
vn -0.2108 0.5111 -0.8333
vn -0.0529 0.7726 -0.6327
vn 0.0316 0.8370 -0.5463
vn -0.1464 0.5225 -0.8400
vn -0.1845 0.4578 -0.8697
vn -0.0829 0.6843 -0.7244
vn 0.1069 0.5445 -0.8319
vn 0.3585 0.7572 -0.5459
vn 0.2334 0.6663 -0.7082
vn 0.0301 0.3973 -0.9172
vn 0.2306 0.6852 -0.6909
vn 0.2887 0.7258 -0.6244
vn 0.0868 0.4086 -0.9086
vn 0.0655 0.3877 -0.9194
vn 0.3906 0.3669 -0.8443
vn 0.5457 0.6131 -0.5713
vn 0.4906 0.4079 -0.7700
vn 0.2713 0.2048 -0.9405
vn 0.4625 0.5337 -0.7080
vn 0.5784 0.5413 -0.6102
vn 0.3820 0.2716 -0.8834
vn 0.5684 0.2298 -0.7900
vn 0.6977 0.4128 -0.5855
vn 0.6631 0.2077 -0.7192
vn 0.5226 0.1338 -0.8420
vn 0.6238 0.3712 -0.6878
vn 0.7147 0.3308 -0.6162
vn 0.6817 0.1291 -0.7201
vn 0.7959 0.2472 -0.5526
vn 0.7224 0.1029 -0.6838
vn 0.6508 0.0410 -0.7582
vn 0.7510 0.2107 -0.6258
vn 0.8164 -0.0376 -0.5763
vn 0.8793 0.0482 -0.4738
vn 0.8065 -0.0743 -0.5866
vn 0.7685 -0.0999 -0.6320
vn 0.8930 -0.3162 -0.3204
vn 0.9381 -0.2413 -0.2485
vn 0.8765 -0.3422 -0.3386
vn 0.8090 -0.5877 0.0070
vn 0.8302 -0.5507 0.0861
vn 0.5334 -0.8148 0.2269
vn 0.5703 -0.7710 0.2835
vn -0.1914 -0.0951 -0.9769
vn -0.0100 -0.1407 -0.9900
vn -0.5424 -0.1838 -0.8198
vn -0.4147 -0.0446 -0.9089
vn -0.6281 -0.3078 -0.7147
vn 0.1523 -0.2224 -0.9630
vn 0.3019 -0.3515 -0.8862
vn -0.1447 0.0487 -0.9883
vn 0.0872 -0.0427 -0.9953
vn -0.3680 0.0722 -0.9270
vn 0.2465 -0.1493 -0.9576
vn 0.3539 -0.3047 -0.8843
vn -0.3185 0.0674 -0.9455
vn -0.1448 0.1046 -0.9839
vn 0.0952 0.0427 -0.9945
vn 0.2561 -0.0926 -0.9622
vn 0.0778 0.0562 -0.9954
vn -0.6059 -0.1933 -0.7717
vn -0.5557 -0.0770 -0.8278
vn -0.5853 -0.3041 -0.7516
vn -0.4667 0.0089 -0.8844
vn -0.3810 -0.0323 -0.9240
vn -0.0483 -0.9972 0.0578
vn -0.5488 -0.8236 0.1432
vn -0.5373 -0.8413 -0.0597
vn -0.0865 -0.9912 -0.1002
vn -0.5081 -0.8118 -0.2879
vn -0.0486 -0.9491 -0.3112
vn -0.8778 0.0935 0.4698
vn -0.9501 -0.0867 0.2995
vn 0.0976 0.2828 -0.9542
vn 0.3015 0.6188 -0.7254
vn 0.3753 -0.0615 -0.9249
vn 0.6786 0.2141 -0.7026
vn 0.5626 0.8074 -0.1776
vn 0.8402 0.4306 -0.3297
vn -0.7402 0.1309 0.6595
vn -0.6478 -0.1521 0.7465
vn -0.6134 -0.0462 0.7884
vn -0.8346 0.2685 0.4810
vn -0.7586 0.1651 0.6303
vn -0.8084 0.3196 0.4944
vn -0.6712 -0.0379 0.7403
vn -0.7207 0.4574 0.5209
vn -0.7158 0.3442 0.6076
vn -0.7106 0.1900 0.6775
vn -0.7299 0.2590 0.6326
vn -0.8492 0.2942 0.4385
vn -0.8718 0.1014 0.4792
vn -0.9244 0.1596 0.3465
vn -0.8655 0.0396 0.4993
vn -0.9436 0.2345 0.2336
vn -0.9022 0.1826 0.3907
vn -0.8700 0.0611 0.4892
vn -0.9104 0.2780 0.3065
vn -0.7966 0.4450 0.4091
vn -0.7704 0.3431 0.5374
vn -0.7430 0.2350 0.6267
vn -0.8778 0.3660 0.3090
vn -0.8563 0.2518 0.4509
vn -0.7933 0.1237 0.5961
vn -0.9334 0.2877 0.2143
vn -0.9103 0.1563 0.3833
vn -0.8658 0.0630 0.4964
vn -0.8475 0.4471 0.2862
vn -0.9264 0.3749 -0.0343
vn -0.8260 0.5627 0.0320
vn -0.7339 0.4472 -0.5113
vn 0.5501 0.7429 0.3814
vn 0.1056 0.9916 -0.0753
vn 0.2146 0.8366 0.5041
vn -0.4699 0.8548 -0.2202
vn -0.0022 0.8797 0.4755
vn -0.5802 -0.1361 -0.8030
vn -0.6236 -0.1868 -0.7591
vn -0.7741 -0.0374 -0.6320
vn -0.6387 0.0494 -0.7678
vn -0.4101 -0.3518 -0.8414
vn -0.4159 -0.3856 -0.8236
vn 0.6422 0.4999 0.5811
vn 0.6011 0.5289 0.5991
vn 0.6265 0.4667 0.6242
vn 0.2217 0.5298 0.8186
vn 0.4013 0.4981 0.7687
vn 0.2962 0.6241 0.7230
vn 0.3697 0.4435 0.8164
vn 0.3224 0.4200 0.8483
vn 0.2693 0.3833 0.8835
vn 0.2090 0.1095 0.9718
vn 0.3037 0.1385 0.9426
vn 0.1512 0.1010 0.9833
vn 0.1919 0.0191 0.9812
vn 0.2848 0.0681 0.9562
vn 0.2725 -0.0084 0.9621
vn 0.2761 -0.0227 0.9609
vn 0.2894 -0.0542 0.9557
vn 0.3421 -0.1740 0.9234
vn 0.1126 -0.5050 0.8557
vn 0.1304 -0.5279 0.8393
vn 0.1177 -0.3689 0.9220
vn 0.1342 -0.5551 0.8209
vn 0.1245 -0.6136 0.7797
vn 0.1118 -0.6495 0.7521
vn 0.1405 -0.6925 0.7076
vn 0.1978 -0.6692 0.7163
vn 0.1457 -0.6161 0.7741
vn 0.1614 -0.6206 0.7673
vn -0.1009 -0.4888 0.8666
vn -0.1107 -0.5182 0.8480
vn 0.2014 -0.6057 0.7698
vn -0.1640 -0.5370 0.8275
vn -0.1148 -0.4728 0.8737
vn 0.1798 -0.6225 0.7617
vn -0.0542 -0.4474 0.8927
vn -0.0224 -0.3770 0.9259
vn 0.0059 -0.3087 0.9511
vn 0.0262 -0.3074 0.9512
vn 0.0081 -0.2697 0.9629
vn 0.0648 -0.2495 0.9662
vn 0.0935 -0.2403 0.9662
vn -0.1768 -0.0090 0.9842
vn -0.1600 -0.0013 0.9871
vn 0.1240 -0.2195 0.9677
vn -0.1927 -0.0136 0.9812
vn -0.1648 0.0142 0.9862
vn 0.1400 -0.1826 0.9732
vn -0.1769 0.0608 0.9823
vn 0.1407 -0.1468 0.9791
vn -0.2041 0.1114 0.9726
vn 0.1820 -0.1180 0.9762
vn -0.1131 0.1558 0.9813
vn -0.0996 0.2726 0.9569
vn -0.1001 0.2679 0.9582
vn -0.0708 0.2739 0.9592
vn -0.0133 0.3572 0.9339
vn 0.0441 0.4611 0.8863
vn -0.2969 0.6545 0.6954
vn 0.0763 0.5396 0.8385
vn -0.2357 0.6672 0.7066
vn 0.1327 0.5455 0.8275
vn -0.2497 0.6580 0.7104
vn 0.1350 0.5704 0.8102
vn 0.1372 0.6323 0.7625
vn -0.2220 0.6805 0.6983
vn 0.1148 0.7059 0.6990
vn -0.2328 0.7308 0.6417
vn 0.1277 0.7230 0.6789
vn -0.2283 0.7652 0.6020
vn -0.2260 0.7490 0.6228
vn -0.2187 0.7301 0.6474
vn -0.2526 0.6706 0.6975
vn -0.2417 0.6031 0.7602
vn -0.2580 0.5251 0.8110
vn -0.2249 0.4285 0.8751
vn -0.1686 0.3604 0.9174
vn -0.1187 0.2177 0.9688
vn 0.0011 0.0703 0.9975
vn -0.2123 -0.2199 0.9522
vn 0.0840 -0.0370 0.9958
vn -0.1106 -0.2915 0.9502
vn 0.1433 -0.1060 0.9840
vn -0.0409 -0.3601 0.9320
vn 0.1964 -0.1661 0.9663
vn 0.0197 -0.4039 0.9146
vn 0.0584 -0.4486 0.8918
vn 0.0917 -0.4678 0.8791
vn 0.1185 -0.4790 0.8698
vn 0.1761 -0.4869 0.8555
vn 0.2200 -0.4945 0.8409
vn 0.2675 -0.4893 0.8301
vn 0.3113 -0.4941 0.8118
vn 0.3426 -0.4854 0.8044
vn 0.3388 -0.5027 0.7953
vn 0.3629 -0.5360 0.7622
vn 0.1411 -0.7827 0.6062
vn -0.2047 -0.8384 0.5052
vn 0.1654 -0.8086 0.5647
vn -0.1770 -0.8391 0.5144
vn 0.1977 -0.7969 0.5708
vn -0.1586 -0.8317 0.5321
vn -0.4454 -0.7712 0.4549
vn -0.4297 -0.7382 0.5200
vn -0.1431 -0.8191 0.5555
vn -0.4579 -0.7974 0.3930
vn 0.2014 -0.8009 0.5639
vn 0.2133 -0.8147 0.5393
vn 0.2441 -0.8268 0.5068
vn 0.2405 -0.8317 0.5004
vn 0.2665 -0.8252 0.4980
vn -0.0751 -0.7735 0.6293
vn 0.2505 -0.8160 0.5209
vn -0.0665 -0.7517 0.6561
vn -0.0534 -0.7264 0.6852
vn 0.2321 -0.8273 0.5115
vn 0.2305 -0.8451 0.4824
vn 0.2364 -0.8461 0.4777
vn 0.2608 -0.8276 0.4970
vn 0.0820 -0.3509 -0.9328
vn 0.1542 -0.3629 -0.9190
vn -0.1111 -0.3900 -0.9141
vn -0.1141 -0.2976 -0.9479
vn -0.3867 -0.2420 -0.8899
vn -0.3804 -0.2527 -0.8896
vn 0.2222 -0.4321 -0.8740
vn 0.2078 -0.3036 -0.9299
vn -0.1253 -0.4362 -0.8911
vn 0.2156 -0.5278 -0.8215
vn -0.4153 -0.2802 -0.8655
vn 0.5114 -0.3947 -0.7633
vn 0.5162 -0.2064 -0.8312
vn 0.4554 -0.5546 -0.6964
vn 0.0469 -0.0993 -0.9940
vn 0.1625 -0.1500 -0.9752
vn 0.2205 -0.0032 -0.9754
vn 0.0698 -0.0863 -0.9938
vn -0.2034 -0.2551 -0.9453
vn -0.1726 -0.3706 -0.9126
vn 0.0241 -0.0902 -0.9956
vn -0.1244 -0.2923 -0.9482
vn -0.3223 -0.4574 -0.8288
vn -0.4334 -0.6021 -0.6706
vn -0.2599 -0.4189 -0.8701
vn -0.1914 -0.6039 -0.7737
vn -0.4002 -0.7335 -0.5494
vn -0.5457 -0.5188 -0.6580
vn 0.1490 -0.6590 -0.7372
vn -0.5352 -0.5029 -0.6787
vn -0.7452 -0.6570 0.1140
vn -0.7471 -0.6551 -0.1128
vn -0.7021 -0.5982 -0.3863
vn -0.7296 -0.5923 0.3420
vn -0.7783 -0.6169 0.1172
vn -0.7783 -0.6110 -0.1447
vn -0.6988 -0.6545 0.2887
vn -0.7415 -0.6641 0.0956
vn -0.6241 -0.7151 0.3148
vn -0.6578 -0.7326 0.1751
vn -0.6481 -0.6578 0.3838
vn 0.1784 0.6036 -0.7770
vn -0.2665 0.7324 -0.6266
vn 0.4354 0.5076 -0.7435
vn 0.1954 0.6394 -0.7437
vn -0.1603 0.6954 -0.7005
vn 0.4169 0.5615 -0.7148
vn -0.0622 0.7300 -0.6806
vn -0.3031 0.7054 -0.6408
vn 0.4464 0.5389 -0.7144
vn 0.0286 0.6581 -0.7524
vn -0.4186 0.7289 -0.5417
vn 0.3387 0.5493 -0.7639
vn 0.1462 0.6363 -0.7574
vn -0.2417 0.7032 -0.6687
vn 0.2283 0.6554 -0.7200
vn -0.1214 0.7627 -0.6353
vn -0.2682 0.7494 -0.6053
vn 0.3454 0.6517 -0.6752
vn 0.0457 0.7670 -0.6400
vn -0.2523 0.8206 -0.5128
vn 0.3916 0.6359 -0.6650
vn 0.1380 0.7411 -0.6570
vn -0.2890 0.7744 -0.5629
vn 0.4346 0.6071 -0.6652
vn 0.0793 0.7101 -0.6997
vn -0.3231 0.7246 -0.6087
vn 0.4884 0.5702 -0.6606
vn 0.0547 0.7271 -0.6843
vn -0.2375 0.7520 -0.6149
vn 0.4399 0.5657 -0.6975
vn 0.3303 0.6996 -0.6336
vn -0.4565 0.7046 -0.5433
vn 0.5971 0.5372 -0.5957
vn 0.1358 0.7460 -0.6520
vn -0.4696 0.6569 -0.5898
vn 0.4811 0.6435 -0.5953
vn 0.0982 0.6623 -0.7427
vn -0.4823 0.5837 -0.6532
vn 0.6134 0.5892 -0.5259
vn -0.1226 0.6365 -0.7615
vn -0.1720 0.6650 -0.7268
vn 0.3838 0.6570 -0.6489
vn 0.1821 0.6849 -0.7055
vn -0.2449 0.6171 -0.7478
vn 0.4953 0.6042 -0.6242
vn 0.1761 0.5983 -0.7817
vn -0.1762 0.5316 -0.8284
vn 0.5129 0.6425 -0.5693
vn 0.2500 0.4987 -0.8299
vn -0.2719 0.3283 -0.9046
vn 0.5238 0.5999 -0.6048
vn 0.2282 0.4113 -0.8825
vn -0.0559 0.2483 -0.9671
vn 0.4886 0.5269 -0.6955
vn 0.2154 0.4279 -0.8778
vn -0.0294 0.1978 -0.9798
vn 0.4472 0.5067 -0.7371
vn 0.2305 0.3942 -0.8897
vn -0.0944 0.0736 -0.9928
vn 0.4733 0.5334 -0.7011
vn 0.2695 0.2829 -0.9205
vn 0.0103 0.0923 -0.9957
vn 0.5160 0.5567 -0.6511
vn 0.2820 0.2258 -0.9325
vn 0.1173 0.1711 -0.9782
vn 0.5150 0.4913 -0.7024
vn 0.3610 0.2826 -0.8887
vn 0.1053 0.1106 -0.9883
vn 0.5617 0.4813 -0.6729
vn 0.3778 0.2631 -0.8877
vn 0.1717 0.0944 -0.9806
vn 0.5706 0.4706 -0.6730
vn 0.3755 0.2733 -0.8856
vn 0.2077 0.1058 -0.9725
vn 0.4349 0.3142 -0.8439
vn 0.2202 0.0626 -0.9734
vn 0.4156 0.2248 -0.8813
vn 0.2230 0.0581 -0.9731
vn 0.4738 0.2046 -0.8566
vn 0.1866 -0.0003 -0.9824
vn 0.5077 0.1635 -0.8459
vn 0.2755 -0.0496 -0.9600
vn 0.4791 0.1028 -0.8717
vn 0.2899 -0.0791 -0.9538
vn 0.5201 0.0676 -0.8514
vn 0.3090 -0.0705 -0.9484
vn 0.5609 -0.0057 -0.8279
vn 0.3399 -0.1409 -0.9299
vn 0.6178 -0.0832 -0.7819
vn 0.3790 -0.2652 -0.8866
vn 0.6891 -0.1716 -0.7041
vn 0.3934 -0.3858 -0.8345
vn 0.7332 -0.2472 -0.6335
vn 0.6973 -0.3068 -0.6478
vn 0.7276 -0.3769 -0.5731
vn 0.6890 -0.4890 -0.5349
vn 0.7072 -0.5112 -0.4884
vn 0.7005 -0.5695 -0.4301
vn 0.6997 -0.5885 -0.4050
vn 0.6963 -0.6040 -0.3877
vn 0.6670 -0.6360 -0.3882
vn 0.6433 -0.6683 -0.3736
vn 0.6552 -0.6665 -0.3557
vn 0.6599 -0.6426 -0.3893
vn 0.6696 -0.6340 -0.3868
vn 0.6604 -0.6437 -0.3868
vn 0.6627 -0.6409 -0.3873
vn 0.7649 -0.6432 0.0344
vn 0.6517 -0.6599 -0.3739
vn 0.7553 -0.5750 0.3144
vn 0.7719 -0.6358 -0.0045
vn 0.6725 -0.6436 -0.3655
vn 0.7917 -0.5246 0.3129
vn 0.8182 -0.4604 0.3443
vn 0.9334 -0.3534 0.0615
vn 0.8182 -0.4656 0.3373
vn 0.9345 -0.3526 0.0481
vn 0.8187 -0.4685 0.3320
vn 0.9452 -0.3242 0.0377
vn 0.8180 -0.4592 0.3465
vn 0.8267 -0.4497 0.3380
vn 0.8253 -0.4343 0.3609
vn 0.8336 -0.3814 0.3995
vn 0.8546 -0.3647 0.3696
vn 0.8122 -0.4293 0.3950
vn 0.8103 -0.3333 0.4820
vn 0.8312 -0.2062 0.5164
vn 0.9033 0.1647 0.3961
vn 0.7736 -0.0331 0.6328
vn 0.6871 -0.3864 0.6152
vn 0.6705 -0.3960 0.6274
vn 0.7018 -0.3597 0.6149
vn 0.6810 -0.3803 0.6257
vn 0.6541 -0.4258 0.6251
vn 0.6399 -0.4205 0.6432
vn 0.6312 -0.3925 0.6690
vn 0.6701 -0.3476 0.6558
vn 0.6460 -0.4098 0.6440
vn 0.6092 -0.4740 0.6358
vn 0.5886 -0.5060 0.6305
vn 0.5955 -0.5151 0.6165
vn 0.6272 -0.4747 0.6175
vn 0.6420 -0.4881 0.5913
vn 0.6356 -0.5302 0.5612
vn 0.6135 -0.5552 0.5617
vn 0.6185 -0.5366 0.5741
vn 0.6427 -0.5421 0.5414
vn 0.6247 -0.5504 0.5539
vn 0.6214 -0.4799 0.6193
vn 0.6626 -0.5389 0.5201
vn 0.5936 -0.6235 0.5088
vn 0.5861 -0.4496 0.6740
vn 0.5927 -0.3333 0.7332
vn 0.5557 -0.2232 0.8009
vn 0.4840 -0.0596 0.8730
vn 0.6601 0.2183 0.7188
vn 0.8358 0.3242 0.4432
vn 0.3378 0.1268 0.9326
vn 0.5659 0.3381 0.7520
vn 0.7225 0.5227 0.4526
vn 0.0775 0.4640 0.8825
vn 0.3490 0.5907 0.7275
vn 0.5725 0.6812 0.4563
vn 0.2828 0.7151 0.6393
vn 0.5482 0.7477 0.3748
vn -0.0739 0.5760 0.8141
vn 0.3864 0.6679 0.6361
vn 0.5300 0.7637 0.3686
vn 0.0979 0.5049 0.8576
vn 0.3032 0.6807 0.6669
vn 0.4687 0.7996 0.3755
vn 0.0814 0.4572 0.8856
vn 0.7963 0.4631 0.3892
vn 0.8014 0.4108 0.4348
vn 0.8105 0.3504 0.4695
vn 0.7991 0.3152 0.5120
vn 0.7928 0.2650 0.5489
vn 0.7957 0.1749 0.5799
vn 0.7829 0.1049 0.6133
vn 0.7250 0.0645 0.6858
vn 0.6494 0.0060 0.7605
vn 0.6704 -0.0592 0.7397
vn 0.6343 -0.0372 0.7722
vn 0.5925 -0.0419 0.8045
vn 0.5882 -0.0478 0.8073
vn 0.5470 -0.1030 0.8308
vn 0.4825 -0.1432 0.8641
vn 0.5068 -0.1436 0.8500
vn 0.5349 -0.1708 0.8275
vn 0.4804 -0.1768 0.8590
vn 0.4499 -0.2566 0.8554
vn 0.4113 -0.2896 0.8643
vn 0.4414 -0.2627 0.8580
vn 0.4574 -0.2441 0.8551
vn 0.4091 -0.2639 0.8735
vn 0.4059 -0.3901 0.8265
vn 0.3528 -0.4318 0.8301
vn 0.3983 -0.4349 0.8076
vn 0.4044 -0.4197 0.8126
vn 0.3932 -0.4324 0.8114
vn 0.4080 -0.5237 0.7478
vn 0.3489 -0.5673 0.7459
vn 0.3692 -0.5326 0.7616
vn 0.4142 -0.5689 0.7105
vn 0.3685 -0.6215 0.6913
vn 0.3524 -0.5283 0.7725
vn 0.3726 -0.6287 0.6826
vn 0.3588 -0.7396 0.5694
vn 0.3486 -0.5718 0.7427
vn 0.3153 -0.4868 0.8146
vn 0.2957 -0.3703 0.8806
vn 0.2026 -0.2084 0.9568
vn 0.1263 -0.0615 0.9901
vn -0.1154 0.2038 0.9722
vn -0.2982 0.3590 0.8844
vn -0.2002 0.2898 0.9359
vn -0.1751 0.2930 0.9399
vn -0.2578 0.3544 0.8988
vn 0.0279 0.5624 0.8264
vn 0.2628 0.7170 0.6457
vn -0.1536 0.3272 0.9324
vn 0.0377 0.5702 0.8207
vn 0.2747 0.7278 0.6284
vn -0.2872 0.3487 0.8921
vn -0.0807 0.6303 0.7721
vn 0.1699 0.8138 0.5557
vn -0.1501 0.6797 0.7180
vn 0.1365 0.8450 0.5170
vn -0.4217 0.4404 0.7926
vn -0.0851 0.6826 0.7258
vn 0.1777 0.8228 0.5398
vn -0.3409 0.4230 0.8395
vn -0.2064 0.7307 0.6507
vn 0.0700 0.8864 0.4577
vn -0.4314 0.4870 0.7594
vn 0.6098 0.6114 0.5043
vn 0.6387 0.6511 0.4101
vn 0.6091 0.6683 0.4271
vn 0.5633 0.6556 0.5028
vn 0.5479 0.5985 0.5845
vn 0.6153 0.6254 0.4799
vn 0.5397 0.6256 0.5634
vn 0.5787 0.5891 0.5640
vn 0.5742 0.5933 0.5641
vn 0.5710 0.6086 0.5509
vn 0.5342 0.5950 0.6005
vn 0.5506 0.5779 0.6024
vn 0.5647 0.6006 0.5660
vn 0.5576 0.6091 0.5639
vn 0.5828 0.5567 0.5921
vn 0.6118 0.4931 0.6185
vn 0.5952 0.4598 0.6591
vn 0.5782 0.4333 0.6913
vn 0.5306 0.4304 0.7302
vn 0.5318 0.3635 0.7649
vn 0.5147 0.2545 0.8187
vn 0.4456 0.2305 0.8650
vn 0.4194 0.1980 0.8859
vn 0.3428 0.1903 0.9199
vn 0.3828 0.1902 0.9040
vn 0.3996 0.1756 0.8997
vn 0.3276 0.1375 0.9347
vn 0.3194 0.0731 0.9448
vn 0.3324 0.0488 0.9419
vn 0.3042 0.0390 0.9518
vn 0.2593 -0.0159 0.9657
vn 0.1839 -0.0473 0.9818
vn 0.2015 -0.1172 0.9725
vn 0.2129 -0.1113 0.9707
vn 0.2102 -0.1032 0.9722
vn 0.2039 -0.1442 0.9683
vn 0.1217 -0.2128 0.9695
vn 0.1476 -0.3213 0.9354
vn 0.1357 -0.3298 0.9343
vn 0.1239 -0.3336 0.9345
vn 0.1265 -0.3314 0.9350
vn 0.0585 -0.4314 0.9002
vn 0.0025 -0.5139 0.8578
vn 0.0236 -0.4444 0.8955
vn 0.0630 -0.5345 0.8428
vn -0.0187 -0.6332 0.7738
vn -0.0429 -0.5288 0.8477
vn -0.0850 -0.6128 0.7856
vn -0.0264 -0.7541 0.6562
vn -0.0175 -0.6498 0.7599
vn -0.0349 -0.5602 0.8276
vn -0.0408 -0.4987 0.8658
vn -0.0964 -0.3974 0.9126
vn -0.1596 -0.2820 0.9460
vn -0.3286 -0.0509 0.9431
vn -0.5120 0.1611 0.8437
vn -0.4864 0.0697 0.8709
vn -0.3675 0.0524 0.9285
vn -0.5054 0.0826 0.8589
vn -0.4019 0.0446 0.9146
vn -0.4119 0.0566 0.9095
vn -0.5948 0.1499 0.7898
vn -0.5789 0.1311 0.8048
vn -0.6075 0.2189 0.7636
vn -0.7115 0.2565 0.6542
vn -0.5222 0.5480 0.6535
vn -0.2078 0.7580 0.6182
vn -0.5816 0.1946 0.7899
vn -0.3323 0.4573 0.8249
vn -0.0502 0.6665 0.7438
vn -0.6053 0.2540 0.7544
vn -0.3756 0.4899 0.7867
vn -0.1220 0.7004 0.7032
vn -0.4410 0.6039 0.6639
vn -0.1501 0.7822 0.6046
vn -0.7150 0.3368 0.6127
vn -0.3878 0.5694 0.7248
vn -0.1327 0.7837 0.6068
vn -0.6204 0.2734 0.7351
vn -0.4712 0.5742 0.6695
vn -0.2445 0.7918 0.5597
vn -0.6531 0.3001 0.6953
vn 0.4503 0.4299 0.7826
vn 0.2198 0.3820 0.8976
vn 0.1731 0.4233 0.8893
vn 0.2621 0.4539 0.8516
vn 0.2861 0.5309 0.7977
vn 0.2224 0.5566 0.8005
vn 0.2238 0.5605 0.7973
vn 0.1932 0.5463 0.8150
vn 0.1898 0.6010 0.7764
vn 0.2375 0.6346 0.7354
vn 0.2351 0.6522 0.7206
vn 0.2500 0.6523 0.7156
vn 0.2584 0.6197 0.7411
vn 0.2297 0.6003 0.7661
vn 0.1845 0.5835 0.7909
vn 0.2457 0.5379 0.8064
vn 0.1947 0.5638 0.8027
vn 0.1742 0.4911 0.8535
vn 0.1181 0.4088 0.9049
vn 0.0860 0.4250 0.9011
vn 0.1073 0.4457 0.8887
vn 0.1501 0.4296 0.8905
vn 0.1168 0.4233 0.8984
vn 0.1150 0.3619 0.9251
vn 0.0847 0.3196 0.9438
vn 0.0879 0.2682 0.9594
vn 0.0400 0.2485 0.9678
vn 0.0121 0.1626 0.9866
vn -0.0305 0.1098 0.9935
vn -0.0481 0.0774 0.9958
vn -0.0960 0.0916 0.9912
vn -0.0814 0.0965 0.9920
vn -0.0798 0.0093 0.9968
vn -0.1376 -0.0612 0.9886
vn -0.1768 -0.1153 0.9775
vn -0.2442 -0.1503 0.9580
vn -0.2360 -0.1505 0.9600
vn -0.2317 -0.1909 0.9539
vn -0.3469 -0.2776 0.8959
vn -0.3241 -0.3780 0.8672
vn -0.3363 -0.2887 0.8964
vn -0.3657 -0.3928 0.8438
vn -0.4376 -0.5327 0.7244
vn -0.4319 -0.4520 0.7805
vn -0.5089 -0.4508 0.7333
vn -0.4477 -0.6194 0.6450
vn -0.4175 -0.5867 0.6939
vn -0.4021 -0.5634 0.7217
vn -0.3960 -0.5549 0.7316
vn -0.4203 -0.4943 0.7609
vn -0.4618 -0.4405 0.7699
vn -0.5532 -0.2620 0.7907
vn -0.6734 -0.1386 0.7262
vn -0.7034 -0.1782 0.6881
vn -0.6199 -0.2057 0.7573
vn -0.6555 -0.1969 0.7291
vn -0.6363 -0.2502 0.7297
vn -0.5727 -0.2237 0.7887
vn -0.6771 -0.1561 0.7191
vn -0.7042 -0.1663 0.6903
vn -0.7464 -0.1004 0.6579
vn -0.8301 -0.0395 0.5562
vn -0.7465 -0.1194 0.6546
vn -0.7382 -0.0626 0.6716
vn -0.8664 -0.0346 0.4982
vn -0.8175 -0.0406 0.5744
vn -0.8074 -0.0068 0.5899
vn -0.9039 0.2053 0.3752
vn -0.7657 0.4561 0.4535
vn -0.5398 0.6737 0.5047
vn -0.9382 0.2855 0.1956
vn -0.7688 0.5518 0.3231
vn -0.5325 0.7463 0.3993
vn -0.9435 0.2916 0.1576
vn -0.7686 0.5491 0.3281
vn -0.5153 0.7557 0.4041
vn -0.7263 0.6713 0.1477
vn -0.5031 0.8374 0.2137
vn -0.9058 0.4224 -0.0344
vn -0.7311 0.6800 0.0549
vn -0.5806 0.8019 0.1411
vn -0.8855 0.4503 -0.1145
vn -0.7541 0.6415 0.1406
vn -0.6012 0.7341 0.3158
vn -0.9050 0.4232 -0.0431
vn -0.1720 0.5804 0.7960
vn -0.1521 0.5805 0.7999
vn -0.1223 0.6006 0.7902
vn -0.1027 0.6129 0.7834
vn -0.1444 0.5796 0.8020
vn -0.1985 0.5477 0.8128
vn -0.2161 0.5060 0.8350
vn -0.2391 0.4527 0.8590
vn -0.2898 0.3933 0.8725
vn -0.3163 0.3044 0.8985
vn -0.3639 0.2439 0.8990
vn -0.3545 0.2379 0.9043
vn -0.3496 0.2895 0.8910
vn -0.4153 0.2604 0.8716
vn -0.4580 0.1317 0.8791
vn -0.5451 0.0532 0.8367
vn -0.5593 0.0378 0.8281
vn -0.5574 0.0659 0.8276
vn -0.5838 0.0302 0.8114
vn -0.6414 -0.0545 0.7653
vn -0.6432 -0.1587 0.7491
vn -0.6453 -0.1165 0.7550
vn -0.7300 -0.1547 0.6657
vn -0.7485 -0.3107 0.5859
vn -0.7237 -0.2980 0.6224
vn -0.7754 -0.2789 0.5665
vn -0.7569 -0.3925 0.5225
vn -0.7393 -0.4181 0.5279
vn -0.7214 -0.4598 0.5179
vn -0.6925 -0.5220 0.4980
vn -0.6901 -0.5475 0.4733
vn -0.7024 -0.5337 0.4710
vn -0.7394 -0.4385 0.5109
vn -0.8013 -0.3772 0.4643
vn -0.8108 -0.3896 0.4369
vn -0.7616 -0.4438 0.4721
vn -0.7522 -0.4464 0.4847
vn -0.7376 -0.4971 0.4570
vn -0.7058 -0.4820 0.5192
vn -0.7358 -0.4571 0.4997
vn -0.7365 -0.4605 0.4955
vn -0.7834 -0.4053 0.4712
vn -0.8296 -0.3829 0.4064
vn -0.7901 -0.4455 0.4211
vn -0.7867 -0.4035 0.4672
vn -0.8765 -0.3538 0.3265
vn -0.8883 -0.3380 0.3111
vn -0.9222 -0.2601 0.2863
vn -0.9811 -0.1343 0.1395
vn -0.9874 -0.1153 0.1082
vn -0.9969 -0.0749 0.0244
vn -0.9705 0.0663 -0.2317
vn -0.9282 0.1018 -0.3580
vn -0.9470 0.0995 -0.3055
vn -0.8761 0.2069 -0.4354
vn -0.8094 0.5366 -0.2387
vn -0.6383 0.7686 -0.0433
vn -0.7378 0.2885 -0.6103
vn -0.6231 0.6219 -0.4743
vn -0.5025 0.8386 -0.2105
vn -0.8073 0.5441 -0.2285
vn -0.6457 0.7612 0.0596
vn -0.7206 0.6870 0.0936
vn -0.8459 0.1630 0.5078
vn -0.8639 0.1055 0.4926
vn -0.8594 0.1047 0.5005
vn -0.9076 0.0971 0.4085
vn -0.9195 -0.0317 0.3919
vn -0.9174 -0.0636 0.3929
vn -0.9335 -0.0800 0.3495
vn -0.9377 -0.1724 0.3015
vn -0.9381 -0.2163 0.2706
vn -0.9319 -0.2942 0.2120
vn -0.8955 -0.4193 0.1491
vn -0.8653 -0.4958 0.0742
vn -0.8459 -0.5294 0.0644
vn -0.8444 -0.5302 0.0765
vn -0.8369 -0.5401 0.0885
vn -0.8328 -0.5499 0.0632
vn -0.7855 -0.6145 0.0733
vn -0.7495 -0.6493 0.1293
vn -0.7278 -0.6739 0.1272
vn -0.6987 -0.6954 0.1680
vn -0.6953 -0.6999 0.1632
vn -0.6975 -0.6968 0.1672
vn -0.7105 -0.6779 0.1888
vn -0.7256 -0.6706 0.1547
vn -0.7233 -0.6712 0.1623
vn -0.7352 -0.6559 0.1710
vn -0.7892 -0.6005 0.1291
vn -0.8075 -0.5866 0.0624
vn -0.8422 -0.5360 0.0589
vn -0.8684 -0.4886 -0.0847
vn -0.8822 -0.4351 -0.1800
vn -0.8873 -0.4074 -0.2159
vn -0.8825 -0.3148 -0.3494
vn -0.8206 -0.2626 -0.5075
vn -0.8026 -0.2367 -0.5476
vn -0.7746 -0.1458 -0.6154
vn -0.5667 -0.7987 -0.2022
vn -0.5574 -0.8118 -0.1741
vn -0.5443 -0.8179 -0.1865
vn -0.5439 -0.8208 -0.1744
vn -0.5573 -0.8119 -0.1737
vn -0.5482 -0.8191 -0.1688
vn -0.5604 -0.8144 -0.1507
vn -0.5862 -0.7893 -0.1826
vn -0.6006 -0.7733 -0.2030
vn -0.6133 -0.7592 -0.2179
vn -0.6265 -0.7315 -0.2692
vn -0.6079 -0.7151 -0.3452
vn -0.6004 -0.6756 -0.4279
vn -0.5909 -0.6166 -0.5202
vn -0.5661 -0.5885 -0.5772
vn -0.5203 -0.5479 -0.6550
vn -0.1534 0.9632 0.2206
vn -0.8103 0.4010 0.4274
vn -0.2587 0.9515 -0.1667
vn -0.4775 0.7696 -0.4239
vn -0.5333 0.7035 -0.4697
vn -0.8244 0.5651 -0.0315
vn -0.6804 0.7204 0.1346
vn -0.7911 0.5663 -0.2312
vn -0.6675 0.6666 -0.3319
vn -0.8541 0.5121 -0.0911
vn -0.5289 0.6619 -0.5311
vn -0.8538 0.5117 -0.0962
vn -0.6051 0.6535 -0.4547
vn -0.8641 0.4789 -0.1549
vn -0.6479 0.6604 -0.3796
vn -0.9008 0.4264 -0.0823
vn -0.5522 0.7056 -0.4440
vn -0.9226 0.3810 -0.0601
vn -0.7391 0.6150 -0.2747
vn -0.8874 0.4564 -0.0654
vn -0.6926 0.6477 -0.3173
vn -0.8222 0.5427 -0.1716
vn -0.7293 0.6029 -0.3235
vn -0.9243 0.3724 -0.0839
vn -0.7033 0.5705 -0.4241
vn -0.9012 0.3968 -0.1743
vn -0.8247 0.4662 -0.3202
vn -0.8452 0.4268 -0.3218
vn -0.8465 0.4548 -0.2769
vn -0.9226 0.3681 -0.1151
vn -0.5818 0.6146 -0.5327
vn -0.8561 0.4496 -0.2548
vn -0.4857 0.5901 -0.6448
vn -0.8788 0.2574 -0.4017
vn -0.6470 0.4119 -0.6417
vn -0.8364 0.2025 -0.5094
vn -0.5884 0.2458 -0.7703
vn -0.8431 0.0419 -0.5361
vn -0.6542 0.0351 -0.7555
vn -0.6873 0.0865 -0.7212
vn -0.4247 0.1053 -0.8992
vn -0.6635 -0.0499 -0.7465
vn -0.3341 -0.0331 -0.9420
vn -0.5518 -0.1776 -0.8148
vn -0.2545 -0.0169 -0.9669
vn -0.5058 -0.2487 -0.8261
vn -0.2445 -0.0333 -0.9691
vn -0.4770 -0.3142 -0.8208
vn -0.1532 -0.1058 -0.9825
vn -0.1694 -0.1970 -0.9657
vn -0.1062 -0.1308 -0.9857
vn -0.0695 -0.1150 -0.9909
vn -0.0857 -0.1576 -0.9838
vn -0.0212 -0.1931 -0.9809
vn -0.0575 -0.2411 -0.9688
vn -0.0214 -0.2160 -0.9762
vn 0.0264 -0.2075 -0.9779
vn -0.0010 -0.2603 -0.9655
vn 0.0142 -0.3477 -0.9375
vn 0.0557 -0.4263 -0.9029
vn 0.1002 -0.4812 -0.8709
vn 0.4363 -0.4148 -0.7985
vn 0.1118 -0.5312 -0.8398
vn 0.4679 -0.4401 -0.7664
vn 0.0925 -0.5760 -0.8122
vn 0.4151 -0.5474 -0.7266
vn 0.1458 -0.6064 -0.7817
vn 0.4614 -0.6008 -0.6528
vn 0.0800 -0.6653 -0.7423
vn 0.3860 -0.6447 -0.6598
vn 0.1530 -0.6592 -0.7362
vn 0.4248 -0.6399 -0.6404
vn 0.1304 -0.6558 -0.7436
vn 0.4092 -0.6365 -0.6538
vn 0.4292 -0.6438 -0.6334
vn 0.4373 -0.6632 -0.6073
vn 0.4228 -0.6738 -0.6060
vn 0.4184 -0.6604 -0.6236
vn 0.4147 -0.6113 -0.6741
vn 0.4468 -0.5820 -0.6794
vn 0.4620 -0.5758 -0.6745
vn -0.8841 0.2334 0.4049
vn -0.7670 0.0531 0.6394
vn -0.8992 0.3575 0.2522
vn -0.9084 0.2248 0.3524
vn -0.8579 0.0714 0.5088
vn -0.9169 0.3260 0.2304
vn -0.8921 0.1418 0.4290
vn -0.8142 -0.0283 0.5799
vn -0.9183 0.3911 0.0623
vn -0.9451 0.1699 0.2793
vn -0.8399 -0.0065 0.5427
vn -0.9483 0.2899 0.1294
vn -0.9706 0.1653 0.1751
vn -0.8774 -0.0869 0.4718
vn -0.9620 0.2353 0.1388
vn -0.9627 0.1327 0.2359
vn -0.9437 0.0704 0.3232
vn -0.9665 0.1561 0.2038
vn -0.9549 0.2382 0.1772
vn -0.9273 0.3196 0.1949
vn -0.8620 0.5045 -0.0486
vn -0.9549 0.2556 0.1511
vn -0.9658 0.2146 0.1455
vn -0.9487 0.0025 0.3161
vn -0.9544 0.2978 -0.0217
vn -0.9537 0.2753 0.1213
vn -0.9380 0.3437 -0.0456
vn -0.9701 0.2170 0.1084
vn -0.9091 0.3520 -0.2227
vn -0.9908 0.1188 0.0645
vn -0.9132 0.3528 -0.2042
vn -0.9847 0.1478 -0.0928
vn -0.9930 0.0887 0.0776
vn -0.9945 -0.0059 0.1050
vn -0.9841 0.1184 -0.1324
vn -0.9949 -0.0673 0.0746
vn -0.9682 0.0310 -0.2481
vn -0.9460 -0.0818 -0.3136
vn -0.8479 -0.0817 -0.5238
vn -0.8634 -0.3150 -0.3942
vn -0.7347 -0.3956 -0.5510
vn -0.6989 -0.4530 -0.5535
vn -0.6784 -0.4191 -0.6034
vn -0.4328 -0.3361 -0.8365
vn -0.6434 -0.4959 -0.5831
vn -0.3855 -0.3163 -0.8668
vn -0.4339 -0.3560 -0.8276
vn -0.3454 -0.3609 -0.8663
vn -0.3350 -0.3959 -0.8550
vn -0.3367 -0.3906 -0.8568
vn -0.3179 -0.3625 -0.8761
vn -0.3127 -0.3785 -0.8712
vn -0.2505 -0.3981 -0.8825
vn -0.2711 -0.4080 -0.8718
vn 0.6037 0.3429 -0.7197
vn 0.6410 0.4461 -0.6247
vn 0.8140 0.3331 -0.4758
vn 0.8360 0.2948 -0.4628
vn 0.3853 0.4355 -0.8136
vn 0.4010 0.5027 -0.7658
vn 0.5791 0.2462 -0.7771
vn 0.3798 0.3428 -0.8592
vn 0.7672 0.2522 -0.5897
vn 0.7211 0.3798 -0.5794
vn 0.7069 0.1408 -0.6932
vn 0.6856 0.0570 -0.7257
vn 0.7739 -0.0548 -0.6310
vn 0.8078 -0.0375 -0.5883
vn 0.5889 0.2191 -0.7779
vn 0.5905 0.1357 -0.7955
vn 0.9081 0.1281 -0.3986
vn 0.9473 0.2259 -0.2271
vn 0.9035 0.3323 -0.2707
vn 0.8750 0.3435 -0.3413
vn 0.8584 0.0877 -0.5054
vn 0.8710 0.0622 -0.4874
vn 0.9692 -0.1505 -0.1949
vn 0.9646 -0.1599 -0.2097
vn 0.7749 0.1964 -0.6008
vn 0.8377 -0.3774 -0.3948
vn 0.8704 -0.3341 -0.3618
vn 0.9859 -0.0571 -0.1570
vn 0.9832 0.1799 -0.0293
vn 0.9604 0.2782 0.0124
vn 0.9632 0.2688 -0.0003
vn 0.8619 -0.3573 -0.3597
vn 0.7660 -0.6428 0.0084
vn 0.8023 -0.5967 0.0171
vn 0.9014 -0.4080 0.1450
vn 0.8698 -0.4572 0.1857
vn 0.8069 -0.5866 0.0696
vn 0.8765 -0.4744 0.0821
vn 0.9668 -0.0920 0.2382
vn 0.9437 0.1239 0.3068
vn 0.9421 0.1602 0.2946
vn 0.5792 -0.7366 0.3491
vn 0.5746 -0.7399 0.3498
vn 0.6535 -0.6676 0.3567
vn 0.6918 -0.5882 0.4188
vn 0.6557 -0.6202 0.4305
vn 0.6441 -0.6372 0.4233
vn 0.7322 -0.4277 0.5301
vn 0.7673 -0.1317 0.6276
vn 0.7389 0.0160 0.6737
vn 0.3000 -0.7884 0.5370
vn 0.3275 -0.7481 0.5771
vn 0.3483 -0.7183 0.6022
vn 0.3892 -0.6677 0.6346
vn 0.3935 -0.6376 0.6623
vn 0.3839 -0.6578 0.6480
vn 0.4090 -0.6353 0.6551
vn 0.4609 -0.4488 0.7656
vn 0.4409 -0.2115 0.8723
vn 0.0673 -0.6136 0.7868
vn 0.0727 -0.5762 0.8141
vn 0.0861 -0.5459 0.8334
vn 0.1094 -0.5164 0.8493
vn 0.1358 -0.4462 0.8846
vn 0.1209 -0.3096 0.9432
vn 0.8677 0.4287 -0.2515
vn 0.8900 0.4546 -0.0350
vn 0.8649 0.3387 -0.3706
vn 0.4290 0.3125 0.8475
vn -0.7105 -0.5689 -0.4141
vn -0.7414 -0.6562 -0.1406
vn -0.6731 -0.6464 -0.3593
vn -0.6755 -0.7354 0.0536
vn -0.6770 -0.7313 -0.0828
vn -0.6451 -0.7253 -0.2405
vn -0.6744 -0.7060 0.2161
vn -0.6872 -0.7253 0.0419
vn -0.6785 -0.7251 -0.1173
vn -0.6635 -0.7000 -0.2641
vn -0.5736 -0.6961 -0.4318
vn -0.5370 -0.5927 -0.6003
vn -0.6182 -0.6247 -0.4771
vn -0.2665 0.5340 -0.8024
vn -0.2421 0.5548 -0.7960
vn -0.5336 0.0379 -0.8449
vn -0.4341 -0.0291 -0.9004
vn -0.5834 0.2192 -0.7820
vn -0.6185 0.1960 -0.7609
vn -0.7525 -0.1065 -0.6499
vn -0.6110 -0.2967 -0.7340
vn -0.5230 -0.3901 -0.7578
vn -0.1719 0.4690 -0.8663
vn -0.0708 0.6002 -0.7967
vn 0.1752 0.5161 -0.8384
vn 0.1217 0.4207 -0.8990
vn -0.4140 0.4699 -0.7796
vn -0.3213 0.6369 -0.7008
vn -0.1462 0.5467 -0.8245
vn -0.3760 0.4777 -0.7940
vn 0.2257 0.6089 -0.7604
vn 0.1757 0.6019 -0.7790
vn 0.3448 0.2851 -0.8943
vn -0.8733 0.3272 -0.3609
vn -0.8173 0.5690 0.0913
vn -0.7725 0.3333 -0.5405
vn -0.6441 0.2648 0.7177
vn -0.7502 0.2598 0.6080
vn -0.8469 0.2734 0.4561
vn -0.8606 0.5089 0.0190
vn -0.8661 0.3013 -0.3987
vn -0.6072 0.1391 0.7823
vn -0.7598 0.0888 0.6441
vn -0.8802 -0.4734 0.0338
vn -0.8469 -0.5268 0.0720
vn -0.8303 -0.5524 0.0741
vn -0.8222 -0.5649 0.0701
vn -0.7873 -0.6133 0.0639
vn -0.7437 -0.6675 0.0359
vn -0.7138 -0.7004 -0.0038
vn -0.6904 -0.7231 -0.0222
vn -0.6721 -0.7384 -0.0554
vn -0.6570 -0.7525 -0.0451
vn -0.6523 -0.7556 -0.0602
vn -0.6718 -0.7375 -0.0695
vn -0.6792 -0.7336 -0.0237
vn -0.6791 -0.7326 -0.0471
vn -0.7097 -0.7033 -0.0414
vn -0.7301 -0.6824 0.0366
vn -0.7325 -0.6783 0.0584
vn -0.4647 -0.8172 0.3411
vn -0.7683 -0.6298 0.1145
vn -0.7768 -0.5778 0.2505
vn -0.7670 -0.5520 0.3271
vn -0.7684 -0.5124 0.3834
vn -0.4627 0.6669 -0.5841
vn -0.4837 0.6922 -0.5355
vn -0.1639 0.5941 -0.7875
vn -0.1627 0.5853 -0.7943
vn -0.4377 0.6827 -0.5850
vn -0.1498 0.5954 -0.7893
vn -0.4261 0.7068 -0.5647
vn -0.1391 0.6114 -0.7790
vn -0.3534 0.7252 -0.5909
vn -0.1529 0.6286 -0.7626
vn -0.3498 0.7343 -0.5817
vn -0.1355 0.6045 -0.7850
vn -0.4051 0.7111 -0.5746
vn -0.1495 0.5591 -0.8155
vn -0.4404 0.6790 -0.5874
vn -0.1692 0.5074 -0.8449
vn -0.4220 0.6452 -0.6368
vn -0.2159 0.4794 -0.8506
vn -0.4888 0.6104 -0.6233
vn -0.1948 0.4261 -0.8835
vn -0.5715 0.5182 -0.6363
vn -0.2715 0.3699 -0.8885
vn -0.5867 0.4545 -0.6702
vn -0.3644 0.2904 -0.8848
vn -0.6117 0.4383 -0.6586
vn -0.3508 0.2412 -0.9049
vn -0.5919 0.3927 -0.7038
vn -0.3522 0.2640 -0.8979
vn -0.6361 0.4118 -0.6525
vn -0.3630 0.2832 -0.8877
vn -0.6930 0.3925 -0.6047
vn -0.4208 0.2232 -0.8793
vn -0.7403 0.3093 -0.5970
vn -0.5065 0.1184 -0.8541
vn -0.7726 0.2330 -0.5905
vn -0.5688 0.0618 -0.8202
vn -0.5916 0.0795 -0.8023
vn -0.7873 0.2321 -0.5712
vn -0.5683 0.0876 -0.8181
vn -0.7965 0.2636 -0.5442
vn -0.6309 0.0438 -0.7747
vn -0.8356 0.2516 -0.4884
vn -0.7167 -0.0788 -0.6929
vn -0.8811 0.1714 -0.4407
vn -0.7112 -0.1173 -0.6931
vn -0.8727 0.1112 -0.4755
vn -0.6837 -0.0627 -0.7271
vn -0.8786 0.1352 -0.4581
vn -0.7824 -0.1459 -0.6054
vn -0.9284 0.1121 -0.3544
vn -0.7474 -0.3210 -0.5817
vn -0.9336 -0.0063 -0.3583
vn -0.7699 -0.2698 -0.5783
vn -0.9376 -0.0445 -0.3448
vn -0.8133 -0.2789 -0.5107
vn -0.9549 -0.0700 -0.2885
vn -0.7811 -0.3717 -0.5017
vn -0.9618 -0.1333 -0.2390
vn -0.7832 -0.3773 -0.4942
vn -0.9621 -0.1982 -0.1875
vn -0.7605 -0.4696 -0.4484
vn -0.9517 -0.2983 -0.0734
vn -0.7337 -0.5416 -0.4102
vn -0.9065 -0.4217 -0.0198
vn -0.7461 -0.5284 -0.4050
vn -0.7584 -0.5197 -0.3934
vn -0.7963 -0.4640 -0.3881
vn -0.8300 -0.4334 -0.3511
vn -0.8098 -0.4775 -0.3408
vn -0.7672 -0.5104 -0.3883
vn -0.7573 -0.5324 -0.3783
vn -0.7277 -0.5689 -0.3832
vn -0.7223 -0.5290 -0.4455
vn -0.7342 -0.5375 -0.4149
vn -0.7427 -0.5178 -0.4246
vn -0.8075 -0.4678 -0.3595
vn -0.8078 -0.5038 -0.3061
vn -0.7737 -0.5031 -0.3851
vn -0.8273 -0.4509 -0.3351
vn -0.8748 -0.4289 -0.2252
vn -0.8761 -0.4044 -0.2623
vn -0.9329 -0.3166 -0.1714
vn -0.9723 -0.2334 0.0110
vn -0.9748 -0.2084 0.0792
vn -0.9690 -0.1029 0.2245
vn 0.1008 -0.6991 -0.7079
vn 0.2010 -0.6987 -0.6866
vn 0.1450 -0.7389 -0.6580
vn 0.0974 -0.6186 -0.7797
vn 0.0932 -0.4626 -0.8817
vn 0.1406 -0.4143 -0.8992
vn 0.0745 -0.3426 -0.9365
vn 0.0042 -0.2294 -0.9733
vn -0.0525 -0.1294 -0.9902
vn -0.1467 -0.0930 -0.9848
vn -0.1935 -0.0618 -0.9792
vn -0.2329 -0.0434 -0.9715
vn 0.1396 0.2416 -0.9603
vn -0.2117 -0.0749 -0.9745
vn 0.0199 0.1883 -0.9819
vn -0.1637 -0.0703 -0.9840
vn -0.0010 0.1511 -0.9885
vn -0.2266 -0.0886 -0.9700
vn -0.0140 0.1139 -0.9934
vn -0.2630 -0.0747 -0.9619
vn -0.0275 0.1392 -0.9899
vn -0.2825 -0.0226 -0.9590
vn 0.0032 0.3002 -0.9539
vn -0.2699 0.0103 -0.9628
vn -0.1030 0.2653 -0.9586
vn -0.3688 0.0159 -0.9294
vn -0.1223 0.2746 -0.9537
vn -0.3733 0.1416 -0.9168
vn -0.1418 0.3477 -0.9268
vn -0.4191 0.1665 -0.8926
vn -0.1249 0.3738 -0.9191
vn -0.4180 0.2312 -0.8785
vn -0.1663 0.4145 -0.8947
vn -0.4259 0.3225 -0.8453
vn -0.1946 0.5026 -0.8423
vn -0.4686 0.4124 -0.7812
vn -0.2007 0.5883 -0.7833
vn -0.5217 0.4835 -0.7029
vn -0.1750 0.6575 -0.7329
vn -0.4900 0.5669 -0.6622
vn -0.1419 0.6639 -0.7343
vn -0.4929 0.5841 -0.6449
vn -0.0905 0.6743 -0.7329
vn -0.4443 0.5694 -0.6916
vn -0.1245 0.6692 -0.7326
vn -0.4938 0.6102 -0.6196
vn -0.1029 0.6267 -0.7724
vn -0.4755 0.6611 -0.5804
vn -0.1351 0.6543 -0.7441
vn -0.4713 0.6398 -0.6071
vn -0.1698 0.6491 -0.7415
vn -0.4823 0.6805 -0.5516
vn -0.2345 -0.1226 -0.9644
vn -0.2484 -0.1604 -0.9553
vn -0.2651 -0.1225 -0.9564
vn -0.2803 -0.1741 -0.9440
vn -0.3726 -0.3111 -0.8743
vn -0.4088 -0.3398 -0.8470
vn -0.3800 -0.2802 -0.8815
vn -0.4424 -0.4320 -0.7859
vn -0.4534 -0.5177 -0.7256
vn -0.5086 -0.4005 -0.7622
vn -0.5476 -0.5030 -0.6687
vn -0.4986 -0.5863 -0.6385
vn -0.4774 -0.5304 -0.7006
vn -0.4085 -0.5613 -0.7198
vn -0.4359 -0.5534 -0.7097
vn -0.4791 -0.4810 -0.7342
vn -0.5261 -0.3986 -0.7513
vn -0.6319 -0.2443 -0.7356
vn -0.7358 -0.1678 -0.6561
vn -0.7115 -0.2602 -0.6528
vn -0.6587 -0.2540 -0.7082
vn -0.7028 -0.2947 -0.6475
vn -0.6115 -0.3095 -0.7282
vn -0.6346 -0.2612 -0.7273
vn -0.7199 -0.2253 -0.6565
vn -0.7325 -0.2179 -0.6449
vn -0.8304 -0.1141 -0.5454
vn -0.8150 -0.1876 -0.5482
vn -0.7253 -0.1924 -0.6610
vn -0.8450 -0.1076 -0.5239
vn -0.8709 -0.1257 -0.4751
vn -0.8162 -0.1154 -0.5661
vn -0.9210 0.0269 -0.3887
vn -0.9751 0.1592 -0.1545
vn -0.9808 0.1570 -0.1155
vn -0.9558 0.2912 0.0413
vn -0.9900 -0.1406 0.0080
vn -0.9944 -0.0858 0.0619
vn -0.9909 0.0467 -0.1259
vn -0.9765 -0.0391 -0.2119
vn -0.9926 -0.1210 0.0140
vn -0.9612 0.0034 -0.2757
vn -0.9336 0.2683 -0.2374
vn -0.9929 0.0619 0.1014
vn -0.9131 0.0404 -0.4058
vn -0.8859 0.0565 -0.4604
vn -0.9289 0.1395 -0.3432
vn -0.7868 0.0359 -0.6162
vn -0.5953 -0.0475 -0.8021
vn -0.9431 0.0878 -0.3208
vn -0.4343 -0.4798 -0.7624
vn -0.0344 -0.7139 0.6994
vn -0.0177 -0.7158 0.6981
vn 0.0003 -0.7085 0.7057
vn 0.0332 -0.6890 0.7240
vn 0.0439 -0.6682 0.7427
vn 0.0518 -0.6505 0.7578
vn -0.3066 -0.5710 0.7616
vn -0.2940 -0.5518 0.7804
vn -0.2761 -0.5481 0.7895
vn -0.2476 -0.5276 0.8126
vn -0.2342 -0.5160 0.8239
vn -0.2365 -0.5246 0.8179
vn -0.2436 -0.4994 0.8314
vn -0.2210 -0.4749 0.8518
vn -0.1996 -0.4599 0.8652
vn -0.2049 -0.4377 0.8755
vn -0.1932 -0.4070 0.8928
vn -0.1579 -0.3784 0.9121
vn -0.1477 -0.3254 0.9340
vn -0.8618 0.0921 -0.4989
vn -0.7384 0.0914 -0.6682
vn -0.5379 0.0241 -0.8426
vn -0.7221 0.4930 -0.4852
vn -0.5862 0.4721 -0.6584
vn -0.5534 0.5227 -0.6485
vn -0.4409 0.0524 -0.8960
vn -0.4342 -0.4104 -0.8019
vn -0.7615 0.1162 -0.6376
vn -0.5171 -0.2787 0.8093
vn -0.5027 -0.2638 0.8232
vn -0.4731 -0.3020 0.8276
vn -0.5065 -0.3398 0.7924
vn -0.5346 -0.2936 0.7925
vn -0.4706 -0.2502 0.8462
vn -0.4308 -0.3058 0.8491
vn -0.4687 -0.2931 0.8333
vn -0.4613 -0.2219 0.8590
vn -0.7129 -0.0238 0.7009
vn -0.6505 0.0445 0.7582
vn -0.6336 -0.0180 0.7734
vn -0.7436 -0.1455 0.6526
vn -0.7538 -0.0739 0.6529
vn 0.4639 0.8074 0.3646
vn 0.4732 0.7996 0.3699
vn 0.3832 0.8687 0.3139
vn 0.3638 0.8903 0.2739
vn 0.3794 0.8809 0.2829
vn 0.2871 0.9277 0.2386
vn 0.0842 0.8908 0.4464
vn 0.3406 0.9131 0.2244
vn 0.1937 0.7946 0.5754
vn 0.4564 0.8335 0.3113
vn 0.1591 0.8165 0.5550
vn 0.4402 0.8250 0.3544
vn 0.1805 0.8574 0.4820
vn 0.4386 0.8375 0.3261
vn 0.1523 0.8974 0.4140
vn 0.4285 0.8699 0.2443
vn 0.1059 0.9172 0.3841
vn 0.4593 0.8507 0.2554
vn -0.2418 0.8439 0.4789
vn 0.1697 0.8872 0.4290
vn 0.5032 0.8171 0.2812
vn -0.2221 0.8621 0.4555
vn 0.1329 0.8999 0.4154
vn -0.2353 0.8615 0.4500
vn 0.0759 0.8865 0.4565
vn -0.1877 0.9597 0.2094
vn 0.1062 0.9370 0.3329
vn -0.2556 0.9146 0.3134
vn 0.1206 0.8824 0.4547
vn -0.3823 0.7247 0.5733
vn -0.0555 0.7261 0.6853
vn -0.4263 0.8864 0.1806
vn -0.2126 0.8886 0.4063
vn 0.0048 0.8539 0.5204
vn -0.2975 0.9538 0.0411
vn -0.0617 0.9639 0.2590
vn 0.1378 0.9112 0.3883
vn -0.4458 0.8541 0.2678
vn -0.2269 0.8626 0.4522
vn -0.0437 0.8417 0.5382
vn -0.5182 0.8012 0.2991
vn -0.3059 0.8151 0.4921
vn -0.0442 0.7147 0.6980
vn -0.2059 0.7497 0.6290
vn 0.3318 0.5773 0.7461
vn 0.1526 0.6977 0.7000
vn 0.5962 0.3735 0.7106
vn 0.5915 0.4871 0.6425
vn 0.0262 0.6954 0.7181
vn 0.3245 0.6261 0.7090
vn 0.6142 0.4070 0.6762
vn -0.1155 0.7139 0.6907
vn 0.3078 0.5997 0.7386
vn 0.7157 0.3327 0.6141
vn -0.1206 0.6760 0.7270
vn 0.2735 0.5696 0.7751
vn 0.6255 0.3949 0.6729
vn -0.0663 0.7124 0.6987
vn 0.2157 0.6006 0.7699
vn 0.5998 0.4050 0.6901
vn -0.0866 0.7632 0.6403
vn 0.3681 0.5755 0.7303
vn 0.6578 0.3887 0.6451
vn -0.0197 0.7441 0.6678
vn 0.3936 0.6309 0.6686
vn -0.1225 0.7528 0.6468
vn 0.3708 0.6462 0.6670
vn -0.1073 0.7463 0.6569
vn 0.2962 0.6498 0.7000
vn -0.1077 0.7590 0.6421
vn 0.2496 0.6942 0.6751
vn 0.1077 0.7567 0.6448
vn 0.2582 0.7224 0.6415
vn 0.0049 0.7759 0.6309
vn 0.3628 0.7182 0.5938
vn -0.2311 0.7230 0.6511
vn 0.3126 0.6667 0.6765
vn -0.0675 0.6098 0.7897
vn 0.5526 0.5591 0.6181
vn 0.0189 0.5847 0.8110
vn 0.2463 0.6691 0.7011
vn -0.3985 0.3066 0.8644
vn -0.1041 0.5028 0.8581
vn -0.2573 0.3311 0.9079
vn -0.1792 0.3388 0.9236
vn -0.2816 0.2266 0.9324
vn 0.0240 0.3636 0.9312
vn -0.1981 0.0956 0.9755
vn 0.1212 0.2966 0.9473
vn -0.1829 0.0241 0.9828
vn 0.1460 0.2585 0.9549
vn -0.0576 -0.0040 0.9983
vn 0.1440 0.2116 0.9667
vn -0.0372 0.0158 0.9992
vn -0.0046 0.0912 0.9958
vn -0.1441 -0.0749 0.9867
vn 0.1270 0.1531 0.9800
vn -0.0850 -0.1136 0.9899
vn -0.0425 -0.0976 0.9943
vn -0.0527 -0.1824 0.9818
vn 0.0326 -0.1143 0.9929
vn -0.0538 -0.1947 0.9794
vn 0.0439 -0.2063 0.9775
vn 0.0568 -0.2192 0.9740
vn -0.2602 -0.4104 0.8740
vn 0.0613 -0.2512 0.9660
vn -0.2337 -0.4499 0.8620
vn -0.0203 -0.2999 0.9538
vn -0.2782 -0.5043 0.8175
vn -0.1892 -0.5570 0.8087
vn -0.2149 -0.5892 0.7789
vn -0.2318 -0.6220 0.7479
vn -0.2503 -0.6257 0.7388
vn -0.2019 -0.6306 0.7494
vn -0.2500 -0.6022 0.7582
vn -0.1529 -0.6264 0.7644
vn -0.3048 -0.1705 0.9370
vn -0.2431 -0.0722 0.9673
vn -0.2359 -0.0825 0.9683
vn -0.2280 -0.0598 0.9718
vn -0.2564 -0.6645 0.7019
vn 0.3241 -0.4697 -0.8212
vn 0.0738 -0.5898 -0.8042
vn 0.2922 -0.6700 -0.6824
vn 0.1307 -0.6896 -0.7123
vn -0.0078 -0.7098 -0.7043
vn -0.0341 -0.6424 -0.7656
vn 0.1478 -0.6008 -0.7857
vn 0.1930 -0.6523 -0.7330
vn 0.0971 -0.7005 -0.7070
vn 0.1879 -0.7358 -0.6506
vn -0.4113 -0.2366 0.8802
vn -0.4088 -0.2745 0.8704
vn -0.6524 0.0516 0.7561
vn -0.6537 -0.0752 0.7530
vn -0.7354 -0.1357 0.6639
vn 0.2527 -0.2624 -0.9313
vn -0.9493 0.3134 -0.0227
vn -0.7537 0.4106 -0.5132
vn -0.9270 0.3600 0.1048
vn -0.9585 0.1795 -0.2217
vn -0.9670 0.0992 0.2347
vn -0.7733 0.2719 -0.5727
vn -0.8960 0.1284 -0.4251
vn -0.6866 0.1493 -0.7116
vn -0.7744 0.0018 -0.6327
vn -0.7713 0.2320 -0.5927
vn -0.7704 0.0913 -0.6310
vn -0.6033 -0.0598 -0.7953
vn -0.6194 -0.1659 -0.7674
vn -0.6689 -0.0684 -0.7402
vn 0.7049 -0.4622 -0.5380
vn 0.7740 -0.1912 -0.6036
vn 0.8033 -0.5421 -0.2465
vn 0.9262 -0.2059 -0.3158
vn 0.5959 -0.6223 -0.5076
vn 0.7193 -0.6522 -0.2393
vn 0.8140 -0.5736 0.0921
vn 0.8497 -0.5209 0.0815
vn 0.9744 -0.2100 -0.0799
vn 0.8642 -0.3214 0.3871
vn 0.9749 -0.1291 0.1813
vn 0.8716 0.3387 0.3544
vn 0.9564 0.2690 0.1141
vn 0.8633 0.4596 0.2085
vn 0.6666 0.0453 0.7440
vn 0.7787 -0.1097 0.6177
vn 0.7503 0.0700 0.6574
vn 0.7598 0.2441 0.6027
vn 0.6338 0.1536 0.7581
vn 0.7311 0.1962 0.6535
vn 0.7769 0.1964 0.5982
vn 0.8176 0.0901 0.5687
vn 0.8421 -0.0789 0.5335
vn -0.4658 -0.4786 -0.7443
vn 0.3853 0.3853 0.8385
vn 0.1387 0.2598 0.9557
vn 0.2380 0.5067 0.8286
vn 0.3035 0.5658 0.7666
vn 0.2645 0.4499 0.8530
vn 0.3318 -0.7001 -0.6323
vn -0.0555 -0.8177 -0.5730
vn 0.1066 -0.3282 -0.9386
vn 0.1230 -0.4021 -0.9073
vn 0.2386 -0.5353 -0.8103
vn -0.2382 -0.4540 -0.8586
vn -0.1195 -0.6193 -0.7760
vn -0.2804 -0.3321 -0.9006
vn 0.0535 -0.2933 -0.9545
vn -0.3541 -0.2557 -0.8996
vn -0.5115 -0.4543 -0.7294
vn 0.6286 0.5848 0.5126
vn 0.4766 0.5177 0.7105
vn 0.7046 0.6104 0.3619
vn 0.4775 0.5797 0.6602
vn 0.2206 0.6495 0.7277
vn 0.2409 0.7653 0.5969
vn 0.3775 0.7553 0.5357
vn 0.3671 0.8091 0.4590
vn 0.5987 0.6156 0.5125
vn 0.5879 0.8050 0.0799
vn 0.5919 0.8028 0.0719
vn 0.5929 0.8001 0.0911
vn 0.5319 0.8453 0.0504
vn 0.5367 0.8434 0.0257
vn 0.5382 0.8425 0.0236
vn 0.4965 0.8680 -0.0082
vn 0.6667 0.6929 -0.2746
vn 0.5870 0.8096 0.0021
vn 0.7050 0.6575 -0.2657
vn 0.6354 0.7710 0.0429
vn 0.7218 0.6577 -0.2157
vn 0.6107 0.7892 0.0647
vn 0.7337 0.6493 -0.2002
vn 0.6372 0.7558 0.1509
vn 0.7960 0.6010 -0.0715
vn 0.6592 0.7438 0.1105
vn 0.8224 0.5643 -0.0721
vn 0.6840 0.7151 0.1442
vn 0.8546 0.5191 -0.0126
vn 0.7150 0.6756 0.1799
vn 0.8591 0.5038 0.0903
vn 0.4651 0.8347 0.2950
vn 0.7264 0.6399 0.2509
vn 0.8878 0.4302 0.1637
vn 0.4628 0.7716 0.4364
vn 0.7108 0.5739 0.4066
vn 0.8156 0.4483 0.3657
vn 0.4266 0.8151 0.3918
vn -0.3641 0.3704 -0.8545
vn -0.2503 0.4695 -0.8467
vn -0.2641 0.3777 -0.8875
vn -0.2252 0.3588 -0.9058
vn -0.2319 0.4151 -0.8797
vn -0.1958 0.4995 -0.8439
vn -0.9875 0.0772 0.1377
vn -0.9406 0.2822 0.1888
vn -0.9910 0.0459 0.1257
vn -0.9345 0.1090 0.3390
vn -0.9803 -0.0481 0.1918
vn -0.8889 0.0479 0.4556
vn 0.0320 0.6034 0.7968
vn 0.3049 0.7841 0.5405
vn 0.4849 0.6916 0.5354
vn 0.3664 0.6016 0.7098
vn 0.1565 0.7278 0.6677
vn -0.1744 0.6934 0.6991
vn 0.0850 0.8936 0.4408
vn -0.0042 0.8133 0.5818
vn -0.2387 0.5312 0.8129
vn -0.0284 0.4365 0.8993
vn 0.1659 0.2745 0.9472
vn 0.1101 0.6070 0.7870
vn 0.3515 0.5167 0.7807
vn -0.1296 0.6744 0.7269
vn -0.3689 0.7194 0.5885
vn -0.1284 0.9421 0.3097
vn -0.1704 0.8754 0.4525
vn -0.4165 0.5920 0.6900
vn -0.2957 0.7216 0.6260
vn 0.2290 0.8141 0.5336
vn 0.0742 0.6008 0.7960
vn -0.5480 0.6896 0.4735
vn -0.2885 0.9447 0.1559
vn -0.3302 0.9051 0.2678
vn -0.5827 0.6128 0.5337
vn -0.4831 0.7132 0.5078
vn -0.4267 0.9031 0.0486
vn -0.8251 0.1577 0.5425
vn 0.5852 -0.6201 -0.5226
vn 0.7564 -0.5424 -0.3656
vn 0.4184 -0.6343 -0.6501
vn 0.8220 -0.4885 -0.2928
vn 0.9509 -0.3008 -0.0724
vn 0.9245 -0.3714 -0.0857
vn 0.7262 -0.6733 -0.1389
vn 0.6230 -0.6233 -0.4726
vn 0.5811 -0.7098 -0.3983
vn 0.9770 -0.0926 0.1923
vn 0.9665 -0.1220 0.2257
vn 0.8470 -0.3254 0.4204
vn 0.8906 0.0811 0.4475
vn 0.7755 -0.0974 0.6238
vn -0.1750 -0.6269 -0.7592
vn -0.1674 -0.6070 -0.7768
vn -0.1489 -0.5831 -0.7987
vn -0.1440 -0.5821 -0.8003
vn 0.0807 -0.7734 -0.6288
vn 0.0989 -0.7532 -0.6503
vn 0.1167 -0.7362 -0.6666
vn 0.1339 -0.7130 -0.6882
vn 0.2758 -0.8491 -0.4505
vn 0.2939 -0.8304 -0.4733
vn 0.3220 -0.8026 -0.5021
vn 0.3310 -0.7738 -0.5401
vn 0.5350 -0.7803 -0.3240
vn 0.9542 0.2856 -0.0891
vn 0.9740 0.2135 -0.0760
vn 0.9621 0.1832 0.2019
vn -0.3919 -0.1385 -0.9095
vn -0.5418 0.8393 -0.0444
vn -0.6476 0.7271 -0.2281
vn -0.6857 0.6164 -0.3871
vn -0.7555 0.5568 -0.3453
vn -0.6678 0.7236 -0.1746
vn -0.5762 0.8169 -0.0242
vn -0.7271 0.5198 -0.4484
vn -0.7640 0.3866 -0.5166
vn -0.9514 0.1974 -0.2362
vn -0.9539 0.2782 -0.1127
vn -0.9028 0.4290 0.0310
vn -0.7026 0.2235 -0.6756
vn -0.9013 0.0723 -0.4270
vn -0.8929 0.1897 -0.4083
vn -0.8457 0.2447 -0.4743
vn -0.7633 0.1049 -0.6375
vn -0.8596 0.0274 -0.5102
vn -0.8663 0.2876 -0.4083
vn -0.8064 0.2897 -0.5156
vn -0.7435 0.1621 -0.6488
vn -0.8309 0.3478 -0.4344
vn -0.6069 -0.0560 -0.7928
vn -0.5753 -0.0991 -0.8119
vn -0.6536 -0.1725 -0.7369
vn -0.3746 -0.3413 -0.8621
vn -0.3865 -0.3403 -0.8572
vn -0.4278 -0.3253 -0.8433
vn -0.9101 0.0983 -0.4025
vn -0.8253 0.0059 -0.5646
vn -0.9288 0.2297 -0.2908
vn -0.6845 -0.1573 -0.7118
vn -0.4685 0.8783 0.0949
vn -0.7191 0.6000 0.3507
vn -0.6510 0.6790 0.3394
vn -0.8159 0.5397 0.2075
vn -0.7874 0.5845 0.1958
vn -0.8740 0.4857 0.0125
vn -0.9118 0.3709 -0.1763
vn 0.0581 0.4826 0.8739
vn 0.1283 0.6306 0.7654
vn -0.1317 -0.4928 -0.8601
vn -0.1215 -0.4709 -0.8738
vn -0.1459 -0.5229 -0.8398
vn 0.1928 -0.5894 -0.7845
vn 0.1767 -0.6221 -0.7627
vn 0.4186 -0.6622 -0.6215
vn -0.1577 -0.5609 -0.8127
vn 0.1445 -0.6807 -0.7182
vn 0.1606 -0.6489 -0.7437
vn -0.4517 -0.3653 -0.8139
vn 0.3554 -0.7466 -0.5625
vn 0.3933 -0.7054 -0.5897
vn 0.5063 -0.7673 -0.3936
vn 0.5191 -0.7632 -0.3848
vn 0.0575 -0.8214 -0.5675
vn 0.3137 -0.6660 -0.6767
vn -0.1873 0.5187 0.8342
vn -0.0393 0.3574 0.9331
vn 0.0609 0.5748 0.8160
vn -0.1161 0.6841 0.7201
vn -0.3722 0.4902 0.7882
vn -0.6111 -0.4290 -0.6652
vn -0.3775 -0.0530 -0.9245
vn -0.2326 0.5007 -0.8338
vn 0.0632 -0.7820 -0.6201
vn 0.3700 0.1410 0.9183
vn 0.5224 0.4540 0.7218
vn 0.6351 0.5619 0.5301
vn 0.4229 0.7219 0.5478
vn 0.2353 0.4508 0.8610
vn 0.7282 0.0093 0.6853
vn 0.6901 0.0563 0.7216
vn 0.9578 -0.2213 0.1834
vn 0.9460 -0.2874 0.1498
vn 0.8867 -0.3104 0.3426
vn 0.9468 -0.2945 0.1298
vn 0.9516 -0.3074 -0.0047
vn 0.7150 -0.3078 0.6277
vn 0.8763 -0.3092 0.3693
vn 0.9482 -0.2875 0.1353
vn 0.9600 -0.2799 0.0006
vn 0.9397 -0.2967 0.1703
vn 0.9567 -0.2896 -0.0277
vn 0.9200 -0.3095 -0.2404
vn 0.6205 0.1286 0.7736
vn 0.4306 0.2654 0.8627
# 5387 vertex normals

vt 0.7794 0.7347 0.0000
vt 0.7893 0.7318 0.0000
vt 0.7957 0.7397 0.0000
vt 0.7872 0.7426 0.0000
vt 0.7763 0.7260 0.0000
vt 0.7850 0.7232 0.0000
vt 0.5423 0.4955 0.0000
vt 0.5244 0.4870 0.0000
vt 0.5323 0.4815 0.0000
vt 0.5460 0.4882 0.0000
vt 0.5892 0.1056 0.0000
vt 0.5952 0.1122 0.0000
vt 0.5835 0.1172 0.0000
vt 0.5707 0.1153 0.0000
vt 0.7933 0.7192 0.0000
vt 0.7989 0.7273 0.0000
vt 0.5087 0.2627 0.0000
vt 0.5159 0.2573 0.0000
vt 0.5192 0.2662 0.0000
vt 0.5114 0.2713 0.0000
vt 0.5022 0.2526 0.0000
vt 0.5088 0.2466 0.0000
vt 0.8050 0.7354 0.0000
vt 0.7871 0.7144 0.0000
vt 0.7956 0.7084 0.0000
vt 0.8014 0.7140 0.0000
vt 0.7804 0.7080 0.0000
vt 0.7887 0.7017 0.0000
vt 0.7785 0.7191 0.0000
vt 0.7719 0.7128 0.0000
vt 0.8079 0.7216 0.0000
vt 0.8145 0.7296 0.0000
vt 0.7817 0.6945 0.0000
vt 0.7886 0.6876 0.0000
vt 0.7966 0.6941 0.0000
vt 0.7740 0.7003 0.0000
vt 0.8037 0.7010 0.0000
vt 0.8087 0.7071 0.0000
vt 0.8164 0.7147 0.0000
vt 0.8235 0.7224 0.0000
vt 0.8109 0.6931 0.0000
vt 0.8157 0.7001 0.0000
vt 0.8030 0.6858 0.0000
vt 0.8239 0.7073 0.0000
vt 0.8314 0.7147 0.0000
vt 0.8078 0.6771 0.0000
vt 0.8160 0.6850 0.0000
vt 0.6638 0.9391 0.0000
vt 0.6730 0.9351 0.0000
vt 0.6745 0.9451 0.0000
vt 0.6661 0.9486 0.0000
vt 0.8202 0.6929 0.0000
vt 0.8288 0.6992 0.0000
vt 0.8369 0.7063 0.0000
vt 0.9066 0.7092 0.0000
vt 0.9164 0.7133 0.0000
vt 0.9119 0.7231 0.0000
vt 0.9014 0.7186 0.0000
vt 0.6843 0.9331 0.0000
vt 0.6849 0.9431 0.0000
vt 0.9074 0.7334 0.0000
vt 0.8966 0.7289 0.0000
vt 0.9290 0.7174 0.0000
vt 0.9243 0.7272 0.0000
vt 0.6984 0.9332 0.0000
vt 0.6984 0.9424 0.0000
vt 0.9195 0.7368 0.0000
vt 0.7141 0.9347 0.0000
vt 0.7134 0.9440 0.0000
vt 0.9280 0.2355 0.0000
vt 0.9147 0.2343 0.0000
vt 0.9140 0.2243 0.0000
vt 0.9278 0.2258 0.0000
vt 0.8024 0.4237 0.0000
vt 0.8172 0.4280 0.0000
vt 0.8154 0.4358 0.0000
vt 0.8011 0.4312 0.0000
vt 0.8992 0.2258 0.0000
vt 0.8969 0.2187 0.0000
vt 0.9119 0.2166 0.0000
vt 0.9010 0.2354 0.0000
vt 0.8895 0.2390 0.0000
vt 0.8867 0.2299 0.0000
vt 0.8840 0.2232 0.0000
vt 0.8916 0.0837 0.0000
vt 0.8961 0.0893 0.0000
vt 0.8871 0.0934 0.0000
vt 0.8841 0.0871 0.0000
vt 0.1322 0.7735 0.0000
vt 0.1330 0.7670 0.0000
vt 0.1426 0.7637 0.0000
vt 0.1412 0.7719 0.0000
vt 0.8847 0.0765 0.0000
vt 0.8908 0.0737 0.0000
vt 0.8985 0.0815 0.0000
vt 0.8783 0.0801 0.0000
vt 0.0334 0.7567 0.0000
vt 0.0238 0.7549 0.0000
vt 0.0273 0.7447 0.0000
vt 0.0372 0.7475 0.0000
vt 0.8746 0.0898 0.0000
vt 0.8729 0.0838 0.0000
vt 0.0217 0.7646 0.0000
vt 0.0125 0.7647 0.0000
vt 0.0140 0.7539 0.0000
vt 0.1518 0.7619 0.0000
vt 0.1501 0.7717 0.0000
vt 0.4343 0.2697 0.0000
vt 0.4179 0.2691 0.0000
vt 0.4184 0.2628 0.0000
vt 0.4354 0.2638 0.0000
vt 0.7059 0.8473 0.0000
vt 0.7117 0.8465 0.0000
vt 0.7138 0.8625 0.0000
vt 0.7072 0.8634 0.0000
vt 0.7074 0.8342 0.0000
vt 0.7109 0.8359 0.0000
vt 0.3680 0.9564 0.0000
vt 0.3683 0.9516 0.0000
vt 0.3816 0.9568 0.0000
vt 0.3800 0.9606 0.0000
vt 0.3534 0.9477 0.0000
vt 0.3535 0.9425 0.0000
vt 0.3693 0.9465 0.0000
vt 0.3835 0.9521 0.0000
vt 0.3532 0.1909 0.0000
vt 0.3628 0.1929 0.0000
vt 0.3585 0.1998 0.0000
vt 0.3494 0.1979 0.0000
vt 0.3044 0.8593 0.0000
vt 0.3113 0.8520 0.0000
vt 0.3167 0.8586 0.0000
vt 0.3099 0.8661 0.0000
vt 0.2987 0.8534 0.0000
vt 0.3061 0.8470 0.0000
vt 0.3001 0.8663 0.0000
vt 0.2925 0.8597 0.0000
vt 0.3554 0.2067 0.0000
vt 0.3530 0.2138 0.0000
vt 0.3436 0.2114 0.0000
vt 0.3461 0.2044 0.0000
vt 0.1942 0.8587 0.0000
vt 0.1925 0.8688 0.0000
vt 0.1872 0.8658 0.0000
vt 0.1885 0.8570 0.0000
vt 0.3025 0.8788 0.0000
vt 0.3051 0.8729 0.0000
vt 0.3127 0.8817 0.0000
vt 0.3095 0.8864 0.0000
vt 0.1832 0.8737 0.0000
vt 0.1795 0.8694 0.0000
vt 0.1807 0.8633 0.0000
vt 0.1872 0.8788 0.0000
vt 0.1815 0.8554 0.0000
vt 0.1739 0.8632 0.0000
vt 0.1737 0.8548 0.0000
vt 0.1747 0.8715 0.0000
vt 0.5135 0.6904 0.0000
vt 0.5051 0.6914 0.0000
vt 0.5012 0.6792 0.0000
vt 0.5088 0.6788 0.0000
vt 0.5194 0.7023 0.0000
vt 0.5116 0.7044 0.0000
vt 0.5193 0.6896 0.0000
vt 0.5248 0.7011 0.0000
vt 0.5141 0.6774 0.0000
vt 0.5050 0.6713 0.0000
vt 0.5074 0.6683 0.0000
vt 0.4988 0.6698 0.0000
vt 0.4936 0.6912 0.0000
vt 0.4913 0.6781 0.0000
vt 0.4989 0.7074 0.0000
vt 0.2705 0.8455 0.0000
vt 0.2650 0.8350 0.0000
vt 0.2710 0.8283 0.0000
vt 0.2769 0.8389 0.0000
vt 0.3125 0.1861 0.0000
vt 0.3061 0.1948 0.0000
vt 0.2967 0.1877 0.0000
vt 0.3032 0.1796 0.0000
vt 0.2783 0.8567 0.0000
vt 0.2735 0.8635 0.0000
vt 0.2651 0.8525 0.0000
vt 0.2846 0.8503 0.0000
vt 0.2876 0.8662 0.0000
vt 0.2825 0.8742 0.0000
vt 0.2657 0.8189 0.0000
vt 0.2724 0.8134 0.0000
vt 0.2780 0.8226 0.0000
vt 0.2586 0.8096 0.0000
vt 0.2661 0.8044 0.0000
vt 0.2603 0.8253 0.0000
vt 0.2522 0.8156 0.0000
vt 0.2997 0.1675 0.0000
vt 0.3095 0.1720 0.0000
vt 0.2942 0.1747 0.0000
vt 0.2840 0.8334 0.0000
vt 0.2917 0.8447 0.0000
vt 0.2804 0.8086 0.0000
vt 0.2862 0.8182 0.0000
vt 0.2748 0.7997 0.0000
vt 0.2925 0.8289 0.0000
vt 0.1036 0.2078 0.0000
vt 0.0981 0.2045 0.0000
vt 0.0991 0.1922 0.0000
vt 0.1059 0.1968 0.0000
vt 0.1035 0.2225 0.0000
vt 0.0954 0.2188 0.0000
vt 0.1108 0.2119 0.0000
vt 0.1144 0.2264 0.0000
vt 0.1155 0.2073 0.0000
vt 0.2306 0.0977 0.0000
vt 0.2439 0.0915 0.0000
vt 0.2461 0.0970 0.0000
vt 0.2345 0.1037 0.0000
vt 0.3527 0.8855 0.0000
vt 0.3487 0.8888 0.0000
vt 0.3422 0.8751 0.0000
vt 0.3463 0.8724 0.0000
vt 0.3608 0.8975 0.0000
vt 0.3568 0.9008 0.0000
vt 0.2222 0.1130 0.0000
vt 0.2181 0.1056 0.0000
vt 0.2403 0.1106 0.0000
vt 0.2283 0.1223 0.0000
vt 0.2477 0.1028 0.0000
vt 0.5233 0.7142 0.0000
vt 0.5164 0.7198 0.0000
vt 0.2080 0.1209 0.0000
vt 0.2056 0.1118 0.0000
vt 0.5312 0.7259 0.0000
vt 0.5295 0.7344 0.0000
vt 0.5107 0.7312 0.0000
vt 0.2560 0.1041 0.0000
vt 0.2501 0.1155 0.0000
vt 0.4932 0.7173 0.0000
vt 0.2638 0.1172 0.0000
vt 0.2622 0.1313 0.0000
vt 0.2396 0.1319 0.0000
vt 0.2662 0.1060 0.0000
vt 0.4171 0.9473 0.0000
vt 0.4153 0.9532 0.0000
vt 0.4074 0.9498 0.0000
vt 0.4090 0.9442 0.0000
vt 0.4273 0.9513 0.0000
vt 0.4254 0.9580 0.0000
vt 0.4176 0.9415 0.0000
vt 0.4278 0.9453 0.0000
vt 0.1596 0.1406 0.0000
vt 0.1626 0.1297 0.0000
vt 0.1685 0.1314 0.0000
vt 0.1654 0.1421 0.0000
vt 0.4012 0.9409 0.0000
vt 0.4020 0.9356 0.0000
vt 0.4093 0.9385 0.0000
vt 0.3992 0.9464 0.0000
vt 0.3967 0.9517 0.0000
vt 0.3857 0.9469 0.0000
vt 0.3886 0.9418 0.0000
vt 0.4047 0.9554 0.0000
vt 0.3914 0.9367 0.0000
vt 0.3244 0.8523 0.0000
vt 0.3306 0.8643 0.0000
vt 0.3240 0.8697 0.0000
vt 0.3318 0.8481 0.0000
vt 0.3367 0.8604 0.0000
vt 0.3189 0.8451 0.0000
vt 0.3271 0.8408 0.0000
vt 0.3451 0.7021 0.0000
vt 0.3344 0.7020 0.0000
vt 0.3369 0.6952 0.0000
vt 0.3467 0.6961 0.0000
vt 0.3384 0.8469 0.0000
vt 0.3420 0.8584 0.0000
vt 0.3373 0.8786 0.0000
vt 0.3449 0.8921 0.0000
vt 0.3529 0.9041 0.0000
vt 0.2583 0.0889 0.0000
vt 0.2712 0.0905 0.0000
vt 0.2695 0.0974 0.0000
vt 0.2583 0.0956 0.0000
vt 0.3719 0.6848 0.0000
vt 0.3763 0.6940 0.0000
vt 0.3704 0.7005 0.0000
vt 0.3657 0.6901 0.0000
vt 0.3824 0.6792 0.0000
vt 0.3873 0.6863 0.0000
vt 0.3686 0.6777 0.0000
vt 0.3789 0.6720 0.0000
vt 0.3627 0.6824 0.0000
vt 0.8041 0.8746 0.0000
vt 0.8003 0.8767 0.0000
vt 0.7971 0.8699 0.0000
vt 0.8016 0.8676 0.0000
vt 0.8067 0.8779 0.0000
vt 0.8030 0.8808 0.0000
vt 0.8072 0.8725 0.0000
vt 0.8100 0.8735 0.0000
vt 0.8065 0.8662 0.0000
vt 0.0070 0.2513 0.0000
vt 0.0088 0.2558 0.0000
vt 0.0047 0.2580 0.0000
vt 0.0026 0.2541 0.0000
vt 0.0113 0.2494 0.0000
vt 0.0133 0.2540 0.0000
vt 0.4915 0.9303 0.0000
vt 0.4865 0.9296 0.0000
vt 0.4873 0.9252 0.0000
vt 0.4930 0.9256 0.0000
vt 0.7965 0.8780 0.0000
vt 0.7934 0.8723 0.0000
vt 0.0159 0.2603 0.0000
vt 0.0112 0.2620 0.0000
vt 0.0183 0.2519 0.0000
vt 0.0214 0.2579 0.0000
vt 0.0159 0.2475 0.0000
vt 0.0072 0.2635 0.0000
vt 0.0035 0.2649 0.0000
vt 0.0007 0.2619 0.0000
vt 0.0255 0.2649 0.0000
vt 0.0198 0.2679 0.0000
vt 0.0275 0.2551 0.0000
vt 0.0323 0.2618 0.0000
vt 0.0234 0.2494 0.0000
vt 0.0146 0.2700 0.0000
vt 0.0090 0.2714 0.0000
vt 0.0029 0.2715 0.0000
vt 0.9657 0.3293 0.0000
vt 0.9763 0.3303 0.0000
vt 0.9764 0.3391 0.0000
vt 0.9652 0.3387 0.0000
vt 0.9672 0.3199 0.0000
vt 0.9773 0.3213 0.0000
vt 0.1878 0.7528 0.0000
vt 0.1848 0.7654 0.0000
vt 0.1774 0.7626 0.0000
vt 0.1796 0.7502 0.0000
vt 0.1945 0.7569 0.0000
vt 0.1911 0.7691 0.0000
vt 0.1822 0.7780 0.0000
vt 0.1755 0.7748 0.0000
vt 0.1883 0.7815 0.0000
vt 0.9783 0.3476 0.0000
vt 0.9675 0.3478 0.0000
vt 0.2615 0.1753 0.0000
vt 0.2672 0.1677 0.0000
vt 0.2775 0.1753 0.0000
vt 0.2724 0.1827 0.0000
vt 0.2886 0.1825 0.0000
vt 0.2835 0.1900 0.0000
vt 0.6262 0.1019 0.0000
vt 0.6173 0.1036 0.0000
vt 0.6163 0.0934 0.0000
vt 0.6262 0.0917 0.0000
vt 0.6356 0.0922 0.0000
vt 0.6347 0.1022 0.0000
vt 0.2912 0.1962 0.0000
vt 0.3005 0.2035 0.0000
vt 0.2953 0.2115 0.0000
vt 0.2865 0.2041 0.0000
vt 0.9814 0.3553 0.0000
vt 0.9710 0.3562 0.0000
vt 0.2392 0.8112 0.0000
vt 0.2455 0.8056 0.0000
vt 0.2469 0.8215 0.0000
vt 0.2556 0.8314 0.0000
vt 0.6081 0.1063 0.0000
vt 0.6065 0.0969 0.0000
vt 0.3170 0.2032 0.0000
vt 0.3104 0.2118 0.0000
vt 0.3288 0.2108 0.0000
vt 0.3180 0.2192 0.0000
vt 0.9852 0.3626 0.0000
vt 0.9750 0.3642 0.0000
vt 0.2524 0.8002 0.0000
vt 0.2506 0.7912 0.0000
vt 0.2579 0.7869 0.0000
vt 0.2606 0.7951 0.0000
vt 0.1129 0.5207 0.0000
vt 0.1074 0.5246 0.0000
vt 0.1055 0.5192 0.0000
vt 0.1107 0.5151 0.0000
vt 0.4210 0.2421 0.0000
vt 0.4208 0.2378 0.0000
vt 0.4250 0.2360 0.0000
vt 0.4269 0.2423 0.0000
vt 0.4139 0.2403 0.0000
vt 0.4151 0.2342 0.0000
vt 0.1174 0.5101 0.0000
vt 0.1200 0.5173 0.0000
vt 0.4057 0.2379 0.0000
vt 0.4067 0.2299 0.0000
vt 0.1256 0.5053 0.0000
vt 0.1285 0.5143 0.0000
vt 0.1079 0.5105 0.0000
vt 0.1138 0.5039 0.0000
vt 0.1045 0.5151 0.0000
vt 0.4492 0.7270 0.0000
vt 0.4444 0.7248 0.0000
vt 0.4455 0.7139 0.0000
vt 0.4512 0.7178 0.0000
vt 0.4489 0.7029 0.0000
vt 0.4550 0.7090 0.0000
vt 0.1344 0.5012 0.0000
vt 0.1367 0.5116 0.0000
vt 0.4612 0.7019 0.0000
vt 0.4655 0.7095 0.0000
vt 0.4604 0.7149 0.0000
vt 0.4551 0.6930 0.0000
vt 0.4323 0.2424 0.0000
vt 0.4316 0.2474 0.0000
vt 0.4269 0.2466 0.0000
vt 0.4303 0.2344 0.0000
vt 0.4462 0.7417 0.0000
vt 0.4439 0.7459 0.0000
vt 0.4415 0.7412 0.0000
vt 0.4441 0.7394 0.0000
vt 0.4412 0.7488 0.0000
vt 0.4383 0.7510 0.0000
vt 0.4350 0.7455 0.0000
vt 0.4384 0.7433 0.0000
vt 0.4356 0.2481 0.0000
vt 0.4368 0.2427 0.0000
vt 0.4404 0.2434 0.0000
vt 0.4392 0.2481 0.0000
vt 0.4318 0.7379 0.0000
vt 0.4361 0.7357 0.0000
vt 0.4314 0.7479 0.0000
vt 0.4276 0.7407 0.0000
vt 0.4351 0.7528 0.0000
vt 0.4402 0.7342 0.0000
vt 0.4442 0.7337 0.0000
vt 0.4803 0.7732 0.0000
vt 0.4873 0.7778 0.0000
vt 0.4805 0.7822 0.0000
vt 0.4732 0.7775 0.0000
vt 0.4973 0.1491 0.0000
vt 0.4868 0.1518 0.0000
vt 0.4833 0.1461 0.0000
vt 0.4934 0.1427 0.0000
vt 0.5001 0.1551 0.0000
vt 0.4896 0.1579 0.0000
vt 0.4684 0.7735 0.0000
vt 0.4742 0.7700 0.0000
vt 0.4656 0.7701 0.0000
vt 0.4691 0.7671 0.0000
vt 0.5019 0.1609 0.0000
vt 0.4915 0.1641 0.0000
vt 0.5069 0.1606 0.0000
vt 0.5083 0.1671 0.0000
vt 0.5022 0.1684 0.0000
vt 0.4926 0.1705 0.0000
vt 0.5236 0.5563 0.0000
vt 0.5330 0.5548 0.0000
vt 0.5326 0.5618 0.0000
vt 0.5232 0.5639 0.0000
vt 0.5230 0.5494 0.0000
vt 0.5328 0.5481 0.0000
vt 0.5124 0.5583 0.0000
vt 0.5117 0.5508 0.0000
vt 0.5123 0.5665 0.0000
vt 0.5218 0.5430 0.0000
vt 0.5318 0.5416 0.0000
vt 0.5110 0.5436 0.0000
vt 0.5430 0.5391 0.0000
vt 0.5438 0.5467 0.0000
vt 0.5438 0.5538 0.0000
vt 0.5526 0.5375 0.0000
vt 0.5540 0.5454 0.0000
vt 0.5541 0.5531 0.0000
vt 0.5199 0.5371 0.0000
vt 0.5300 0.5350 0.0000
vt 0.5105 0.5375 0.0000
vt 0.5406 0.5312 0.0000
vt 0.5175 0.5311 0.0000
vt 0.5273 0.5278 0.0000
vt 0.6813 0.2915 0.0000
vt 0.6813 0.3006 0.0000
vt 0.6763 0.3003 0.0000
vt 0.6744 0.2931 0.0000
vt 0.6630 0.0251 0.0000
vt 0.6617 0.0172 0.0000
vt 0.6712 0.0156 0.0000
vt 0.6731 0.0234 0.0000
vt 0.6535 0.0255 0.0000
vt 0.6526 0.0175 0.0000
vt 0.6643 0.0330 0.0000
vt 0.6544 0.0343 0.0000
vt 0.6747 0.0309 0.0000
vt 0.9834 0.0458 0.0000
vt 0.9781 0.0544 0.0000
vt 0.9709 0.0502 0.0000
vt 0.9764 0.0419 0.0000
vt 0.0369 0.8682 0.0000
vt 0.0285 0.8715 0.0000
vt 0.0233 0.8628 0.0000
vt 0.0322 0.8590 0.0000
vt 0.2731 0.0138 0.0000
vt 0.2739 0.0215 0.0000
vt 0.2646 0.0236 0.0000
vt 0.2636 0.0158 0.0000
vt 0.2828 0.0129 0.0000
vt 0.2834 0.0210 0.0000
vt 0.2745 0.0319 0.0000
vt 0.2653 0.0332 0.0000
vt 0.2827 0.0314 0.0000
vt 0.6454 0.0326 0.0000
vt 0.6452 0.0240 0.0000
vt 0.6444 0.0162 0.0000
vt 0.4985 0.8238 0.0000
vt 0.4970 0.8170 0.0000
vt 0.5063 0.8129 0.0000
vt 0.5082 0.8203 0.0000
vt 0.2922 0.0138 0.0000
vt 0.2926 0.0220 0.0000
vt 0.4910 0.8230 0.0000
vt 0.4872 0.8154 0.0000
vt 0.4939 0.8098 0.0000
vt 0.5026 0.8049 0.0000
vt 0.5089 0.7992 0.0000
vt 0.5132 0.8070 0.0000
vt 0.4884 0.8022 0.0000
vt 0.4966 0.7966 0.0000
vt 0.5027 0.7915 0.0000
vt 0.8707 0.5819 0.0000
vt 0.8707 0.5848 0.0000
vt 0.8699 0.5848 0.0000
vt 0.8699 0.5818 0.0000
vt 0.8715 0.5818 0.0000
vt 0.8715 0.5848 0.0000
vt 0.8706 0.5799 0.0000
vt 0.8711 0.5795 0.0000
vt 0.8700 0.5796 0.0000
vt 0.8707 0.5881 0.0000
vt 0.8698 0.5881 0.0000
vt 0.8718 0.5881 0.0000
vt 0.8710 0.5915 0.0000
vt 0.8699 0.5915 0.0000
vt 0.8720 0.5915 0.0000
vt 0.8712 0.5951 0.0000
vt 0.8701 0.5952 0.0000
vt 0.8724 0.5950 0.0000
vt 0.8715 0.5987 0.0000
vt 0.8704 0.5988 0.0000
vt 0.8726 0.5986 0.0000
vt 0.8719 0.6024 0.0000
vt 0.8707 0.6024 0.0000
vt 0.8729 0.6022 0.0000
vt 0.8722 0.6060 0.0000
vt 0.8710 0.6062 0.0000
vt 0.8735 0.6058 0.0000
vt 0.8728 0.6098 0.0000
vt 0.8715 0.6100 0.0000
vt 0.8741 0.6096 0.0000
vt 0.8734 0.6138 0.0000
vt 0.8721 0.6140 0.0000
vt 0.8748 0.6135 0.0000
vt 0.8741 0.6178 0.0000
vt 0.8727 0.6180 0.0000
vt 0.8754 0.6176 0.0000
vt 0.8748 0.6219 0.0000
vt 0.8733 0.6221 0.0000
vt 0.8761 0.6217 0.0000
vt 0.8754 0.6260 0.0000
vt 0.8739 0.6262 0.0000
vt 0.8767 0.6259 0.0000
vt 0.8761 0.6302 0.0000
vt 0.8744 0.6304 0.0000
vt 0.8775 0.6301 0.0000
vt 0.8763 0.6345 0.0000
vt 0.8748 0.6346 0.0000
vt 0.8780 0.6347 0.0000
vt 0.8764 0.6388 0.0000
vt 0.8748 0.6388 0.0000
vt 0.8779 0.6391 0.0000
vt 0.8762 0.6430 0.0000
vt 0.8745 0.6428 0.0000
vt 0.8777 0.6435 0.0000
vt 0.8754 0.6470 0.0000
vt 0.8737 0.6466 0.0000
vt 0.8771 0.6476 0.0000
vt 0.8743 0.6507 0.0000
vt 0.8726 0.6503 0.0000
vt 0.8759 0.6516 0.0000
vt 0.8728 0.6541 0.0000
vt 0.8710 0.6536 0.0000
vt 0.8743 0.6554 0.0000
vt 0.8710 0.6574 0.0000
vt 0.8691 0.6567 0.0000
vt 0.3779 0.1498 0.0000
vt 0.3776 0.1519 0.0000
vt 0.3724 0.1511 0.0000
vt 0.3729 0.1489 0.0000
vt 0.3677 0.1476 0.0000
vt 0.3683 0.1457 0.0000
vt 0.3733 0.1472 0.0000
vt 0.3671 0.1499 0.0000
vt 0.8277 0.3492 0.0000
vt 0.8237 0.3491 0.0000
vt 0.8235 0.3466 0.0000
vt 0.8274 0.3469 0.0000
vt 0.8272 0.3515 0.0000
vt 0.8231 0.3514 0.0000
vt 0.8194 0.3487 0.0000
vt 0.8195 0.3461 0.0000
vt 0.8191 0.3513 0.0000
vt 0.3571 0.1444 0.0000
vt 0.3517 0.1423 0.0000
vt 0.3527 0.1399 0.0000
vt 0.3580 0.1421 0.0000
vt 0.8149 0.3508 0.0000
vt 0.8154 0.3480 0.0000
vt 0.3462 0.1400 0.0000
vt 0.3473 0.1375 0.0000
vt 0.8106 0.3500 0.0000
vt 0.8112 0.3472 0.0000
vt 0.8066 0.3462 0.0000
vt 0.8073 0.3435 0.0000
vt 0.8119 0.3446 0.0000
vt 0.8061 0.3491 0.0000
vt 0.3405 0.1377 0.0000
vt 0.3348 0.1350 0.0000
vt 0.3361 0.1325 0.0000
vt 0.3417 0.1351 0.0000
vt 0.8014 0.3479 0.0000
vt 0.8025 0.3453 0.0000
vt 0.7981 0.3440 0.0000
vt 0.7983 0.3411 0.0000
vt 0.8029 0.3424 0.0000
vt 0.7967 0.3467 0.0000
vt 0.7930 0.3423 0.0000
vt 0.7936 0.3395 0.0000
vt 0.7921 0.3454 0.0000
vt 0.7877 0.3403 0.0000
vt 0.7885 0.3373 0.0000
vt 0.7866 0.3434 0.0000
vt 0.7825 0.3380 0.0000
vt 0.7833 0.3350 0.0000
vt 0.7811 0.3411 0.0000
vt 0.7773 0.3353 0.0000
vt 0.7783 0.3321 0.0000
vt 0.7756 0.3385 0.0000
vt 0.7717 0.3321 0.0000
vt 0.7732 0.3289 0.0000
vt 0.7698 0.3354 0.0000
vt 0.7660 0.3284 0.0000
vt 0.7677 0.3253 0.0000
vt 0.7638 0.3315 0.0000
vt 0.7602 0.3240 0.0000
vt 0.7622 0.3211 0.0000
vt 0.7579 0.3272 0.0000
vt 0.7548 0.3191 0.0000
vt 0.7570 0.3162 0.0000
vt 0.7521 0.3222 0.0000
vt 0.7492 0.3139 0.0000
vt 0.7517 0.3111 0.0000
vt 0.7465 0.3169 0.0000
vt 0.7437 0.3084 0.0000
vt 0.7462 0.3059 0.0000
vt 0.7409 0.3113 0.0000
vt 0.7381 0.3029 0.0000
vt 0.7407 0.3005 0.0000
vt 0.7351 0.3058 0.0000
vt 0.7324 0.2974 0.0000
vt 0.7351 0.2951 0.0000
vt 0.7294 0.3003 0.0000
vt 0.7267 0.2919 0.0000
vt 0.7295 0.2895 0.0000
vt 0.7238 0.2947 0.0000
vt 0.7209 0.2866 0.0000
vt 0.7238 0.2844 0.0000
vt 0.7181 0.2897 0.0000
vt 0.7152 0.2818 0.0000
vt 0.7181 0.2796 0.0000
vt 0.7124 0.2849 0.0000
vt 0.7096 0.2774 0.0000
vt 0.7124 0.2755 0.0000
vt 0.7069 0.2807 0.0000
vt 0.6769 0.2069 0.0000
vt 0.6827 0.2115 0.0000
vt 0.6801 0.2133 0.0000
vt 0.6743 0.2090 0.0000
vt 0.7014 0.2768 0.0000
vt 0.7040 0.2738 0.0000
vt 0.6984 0.2701 0.0000
vt 0.7012 0.2678 0.0000
vt 0.7068 0.2717 0.0000
vt 0.6957 0.2731 0.0000
vt 0.2584 0.3213 0.0000
vt 0.2531 0.3274 0.0000
vt 0.2499 0.3246 0.0000
vt 0.2554 0.3186 0.0000
vt 0.6899 0.2697 0.0000
vt 0.6925 0.2663 0.0000
vt 0.6948 0.2201 0.0000
vt 0.7009 0.2245 0.0000
vt 0.6979 0.2268 0.0000
vt 0.6919 0.2223 0.0000
vt 0.6839 0.2666 0.0000
vt 0.6866 0.2629 0.0000
vt 0.6780 0.2638 0.0000
vt 0.6807 0.2599 0.0000
vt 0.7070 0.2292 0.0000
vt 0.7038 0.2316 0.0000
vt 0.6721 0.2614 0.0000
vt 0.6749 0.2575 0.0000
vt 0.7129 0.2344 0.0000
vt 0.7098 0.2369 0.0000
vt 0.6662 0.2592 0.0000
vt 0.6689 0.2551 0.0000
vt 0.7191 0.2394 0.0000
vt 0.7160 0.2421 0.0000
vt 0.6600 0.2571 0.0000
vt 0.6628 0.2530 0.0000
vt 0.7254 0.2444 0.0000
vt 0.7224 0.2472 0.0000
vt 0.6536 0.2554 0.0000
vt 0.6562 0.2510 0.0000
vt 0.7320 0.2490 0.0000
vt 0.7291 0.2523 0.0000
vt 0.6471 0.2544 0.0000
vt 0.6494 0.2497 0.0000
vt 0.7389 0.2537 0.0000
vt 0.7362 0.2572 0.0000
vt 0.6402 0.2536 0.0000
vt 0.6424 0.2491 0.0000
vt 0.7460 0.2587 0.0000
vt 0.7434 0.2622 0.0000
vt 0.2160 0.3804 0.0000
vt 0.2211 0.3824 0.0000
vt 0.2179 0.3898 0.0000
vt 0.2125 0.3880 0.0000
vt 0.7533 0.2633 0.0000
vt 0.7509 0.2670 0.0000
vt 0.6351 0.2484 0.0000
vt 0.6332 0.2532 0.0000
vt 0.6257 0.2529 0.0000
vt 0.6274 0.2479 0.0000
vt 0.7610 0.2678 0.0000
vt 0.7585 0.2721 0.0000
vt 0.2094 0.3960 0.0000
vt 0.2151 0.3976 0.0000
vt 0.2128 0.4056 0.0000
vt 0.2066 0.4040 0.0000
vt 0.7685 0.2724 0.0000
vt 0.7664 0.2768 0.0000
vt 0.2107 0.4133 0.0000
vt 0.2042 0.4121 0.0000
vt 0.7763 0.2768 0.0000
vt 0.7743 0.2815 0.0000
vt 0.2091 0.4211 0.0000
vt 0.2025 0.4202 0.0000
vt 0.7838 0.2814 0.0000
vt 0.7822 0.2864 0.0000
vt 0.2081 0.4291 0.0000
vt 0.2012 0.4287 0.0000
vt 0.7918 0.2857 0.0000
vt 0.7905 0.2910 0.0000
vt 0.2078 0.4378 0.0000
vt 0.2003 0.4378 0.0000
vt 0.8004 0.2893 0.0000
vt 0.7994 0.2952 0.0000
vt 0.2081 0.4465 0.0000
vt 0.2000 0.4469 0.0000
vt 0.8091 0.2927 0.0000
vt 0.8084 0.2991 0.0000
vt 0.2089 0.4550 0.0000
vt 0.2003 0.4559 0.0000
vt 0.8174 0.2960 0.0000
vt 0.8173 0.3027 0.0000
vt 0.2101 0.4632 0.0000
vt 0.2013 0.4647 0.0000
vt 0.1932 0.4649 0.0000
vt 0.1922 0.4559 0.0000
vt 0.2118 0.4716 0.0000
vt 0.2026 0.4736 0.0000
vt 0.1942 0.4743 0.0000
vt 0.2140 0.4797 0.0000
vt 0.2044 0.4824 0.0000
vt 0.1956 0.4838 0.0000
vt 0.2164 0.4875 0.0000
vt 0.2071 0.4907 0.0000
vt 0.1987 0.4924 0.0000
vt 0.2194 0.4951 0.0000
vt 0.2100 0.4992 0.0000
vt 0.8499 0.3064 0.0000
vt 0.8579 0.3074 0.0000
vt 0.8599 0.3155 0.0000
vt 0.8512 0.3142 0.0000
vt 0.2228 0.5018 0.0000
vt 0.2134 0.5066 0.0000
vt 0.2047 0.5100 0.0000
vt 0.2014 0.5015 0.0000
vt 0.2261 0.5073 0.0000
vt 0.2171 0.5119 0.0000
vt 0.7367 0.6293 0.0000
vt 0.7375 0.6232 0.0000
vt 0.7459 0.6263 0.0000
vt 0.7450 0.6332 0.0000
vt 0.2296 0.5127 0.0000
vt 0.2208 0.5175 0.0000
vt 0.2127 0.5216 0.0000
vt 0.2089 0.5155 0.0000
vt 0.8845 0.8052 0.0000
vt 0.8932 0.8069 0.0000
vt 0.8909 0.8117 0.0000
vt 0.8820 0.8101 0.0000
vt 0.8728 0.8072 0.0000
vt 0.8756 0.8020 0.0000
vt 0.8887 0.8163 0.0000
vt 0.8800 0.8151 0.0000
vt 0.8706 0.8128 0.0000
vt 0.8875 0.8213 0.0000
vt 0.8788 0.8204 0.0000
vt 0.8692 0.8188 0.0000
vt 0.8863 0.8264 0.0000
vt 0.8780 0.8255 0.0000
vt 0.8684 0.8244 0.0000
vt 0.8866 0.8322 0.0000
vt 0.8778 0.8309 0.0000
vt 0.8680 0.8301 0.0000
vt 0.8871 0.8386 0.0000
vt 0.8778 0.8371 0.0000
vt 0.8675 0.8361 0.0000
vt 0.8866 0.8465 0.0000
vt 0.8775 0.8449 0.0000
vt 0.8669 0.8441 0.0000
vt 0.8873 0.8540 0.0000
vt 0.8777 0.8525 0.0000
vt 0.8670 0.8527 0.0000
vt 0.8890 0.8615 0.0000
vt 0.8790 0.8600 0.0000
vt 0.8679 0.8602 0.0000
vt 0.8906 0.8697 0.0000
vt 0.8808 0.8683 0.0000
vt 0.8697 0.8691 0.0000
vt 0.8925 0.8779 0.0000
vt 0.8829 0.8763 0.0000
vt 0.8718 0.8774 0.0000
vt 0.6699 0.7173 0.0000
vt 0.6655 0.7084 0.0000
vt 0.6719 0.7021 0.0000
vt 0.6763 0.7115 0.0000
vt 0.8852 0.8837 0.0000
vt 0.8736 0.8841 0.0000
vt 0.6778 0.6959 0.0000
vt 0.6821 0.7054 0.0000
vt 0.8869 0.8920 0.0000
vt 0.8753 0.8923 0.0000
vt 0.6847 0.6901 0.0000
vt 0.6886 0.7001 0.0000
vt 0.8888 0.8991 0.0000
vt 0.8769 0.8993 0.0000
vt 0.6926 0.6845 0.0000
vt 0.6968 0.6956 0.0000
vt 0.5942 0.4000 0.0000
vt 0.5995 0.3918 0.0000
vt 0.6094 0.4004 0.0000
vt 0.6036 0.4075 0.0000
vt 0.0547 0.1093 0.0000
vt 0.0440 0.1055 0.0000
vt 0.0438 0.0961 0.0000
vt 0.0542 0.1006 0.0000
vt 0.0666 0.1020 0.0000
vt 0.0675 0.1107 0.0000
vt 0.7021 0.6898 0.0000
vt 0.6984 0.6786 0.0000
vt 0.7058 0.6730 0.0000
vt 0.7091 0.6850 0.0000
vt 0.0533 0.0933 0.0000
vt 0.0658 0.0952 0.0000
vt 0.7135 0.6686 0.0000
vt 0.7168 0.6809 0.0000
vt 0.6105 0.3777 0.0000
vt 0.6168 0.3703 0.0000
vt 0.6262 0.3794 0.0000
vt 0.6199 0.3864 0.0000
vt 0.7214 0.6648 0.0000
vt 0.7239 0.6767 0.0000
vt 0.6228 0.3633 0.0000
vt 0.6317 0.3726 0.0000
vt 0.7311 0.6613 0.0000
vt 0.7319 0.6734 0.0000
vt 0.6287 0.3562 0.0000
vt 0.6368 0.3667 0.0000
vt 0.7396 0.6595 0.0000
vt 0.7393 0.6715 0.0000
vt 0.6356 0.3508 0.0000
vt 0.6427 0.3621 0.0000
vt 0.7498 0.6593 0.0000
vt 0.7482 0.6717 0.0000
vt 0.7447 0.6840 0.0000
vt 0.7368 0.6831 0.0000
vt 0.7595 0.6614 0.0000
vt 0.7566 0.6724 0.0000
vt 0.7521 0.6840 0.0000
vt 0.7689 0.6648 0.0000
vt 0.7657 0.6748 0.0000
vt 0.7613 0.6874 0.0000
vt 0.7800 0.6688 0.0000
vt 0.7760 0.6780 0.0000
vt 0.7713 0.6853 0.0000
vt 0.8766 0.6174 0.0000
vt 0.8774 0.6216 0.0000
vt 0.8780 0.6258 0.0000
vt 0.8792 0.6302 0.0000
vt 0.8790 0.6348 0.0000
vt 0.3994 0.1470 0.0000
vt 0.4004 0.1484 0.0000
vt 0.3965 0.1508 0.0000
vt 0.3957 0.1491 0.0000
vt 0.8793 0.6395 0.0000
vt 0.8794 0.6441 0.0000
vt 0.8786 0.6485 0.0000
vt 0.8773 0.6528 0.0000
vt 0.8757 0.6567 0.0000
vt 0.3773 0.1539 0.0000
vt 0.3720 0.1533 0.0000
vt 0.3665 0.1522 0.0000
vt 0.3610 0.1508 0.0000
vt 0.3617 0.1485 0.0000
vt 0.3554 0.1492 0.0000
vt 0.3562 0.1468 0.0000
vt 0.3497 0.1472 0.0000
vt 0.3506 0.1449 0.0000
vt 0.3441 0.1451 0.0000
vt 0.3450 0.1426 0.0000
vt 0.3383 0.1428 0.0000
vt 0.3393 0.1403 0.0000
vt 0.3325 0.1402 0.0000
vt 0.3336 0.1377 0.0000
vt 0.3264 0.1377 0.0000
vt 0.3277 0.1350 0.0000
vt 0.3205 0.1346 0.0000
vt 0.3216 0.1320 0.0000
vt 0.7901 0.3476 0.0000
vt 0.7848 0.3460 0.0000
vt 0.7792 0.3439 0.0000
vt 0.7736 0.3416 0.0000
vt 0.7675 0.3383 0.0000
vt 0.7615 0.3346 0.0000
vt 0.7553 0.3299 0.0000
vt 0.7493 0.3253 0.0000
vt 0.7435 0.3200 0.0000
vt 0.7379 0.3144 0.0000
vt 0.7323 0.3088 0.0000
vt 0.7268 0.3032 0.0000
vt 0.7213 0.2979 0.0000
vt 0.7155 0.2930 0.0000
vt 0.7101 0.2884 0.0000
vt 0.7047 0.2842 0.0000
vt 0.6994 0.2803 0.0000
vt 0.6938 0.2768 0.0000
vt 0.6877 0.2737 0.0000
vt 0.6818 0.2709 0.0000
vt 0.6759 0.2683 0.0000
vt 0.6702 0.2659 0.0000
vt 0.6644 0.2639 0.0000
vt 0.6585 0.2622 0.0000
vt 0.6522 0.2607 0.0000
vt 0.6456 0.2596 0.0000
vt 0.6392 0.2590 0.0000
vt 0.6324 0.2586 0.0000
vt 0.6250 0.2586 0.0000
vt 0.6178 0.2591 0.0000
vt 0.6180 0.2530 0.0000
vt 0.6106 0.2600 0.0000
vt 0.6107 0.2538 0.0000
vt 0.6034 0.2614 0.0000
vt 0.6033 0.2554 0.0000
vt 0.5961 0.2633 0.0000
vt 0.5955 0.2574 0.0000
vt 0.5883 0.2659 0.0000
vt 0.5871 0.2595 0.0000
vt 0.5804 0.2689 0.0000
vt 0.5787 0.2622 0.0000
vt 0.5726 0.2727 0.0000
vt 0.5705 0.2657 0.0000
vt 0.5653 0.2771 0.0000
vt 0.5626 0.2699 0.0000
vt 0.5578 0.2817 0.0000
vt 0.5544 0.2741 0.0000
vt 0.5507 0.2866 0.0000
vt 0.5465 0.2786 0.0000
vt 0.5436 0.2915 0.0000
vt 0.5390 0.2835 0.0000
vt 0.5368 0.2964 0.0000
vt 0.5314 0.2882 0.0000
vt 0.5304 0.3012 0.0000
vt 0.5248 0.2931 0.0000
vt 0.5245 0.3056 0.0000
vt 0.5195 0.2981 0.0000
vt 0.5187 0.3094 0.0000
vt 0.5141 0.3020 0.0000
vt 0.5131 0.3125 0.0000
vt 0.5087 0.3050 0.0000
vt 0.5078 0.3148 0.0000
vt 0.5036 0.3075 0.0000
vt 0.5026 0.3160 0.0000
vt 0.4990 0.3088 0.0000
vt 0.8106 0.5014 0.0000
vt 0.8139 0.4930 0.0000
vt 0.8193 0.4947 0.0000
vt 0.8154 0.5026 0.0000
vt 0.8252 0.4976 0.0000
vt 0.8204 0.5059 0.0000
vt 0.6434 0.7406 0.0000
vt 0.6370 0.7341 0.0000
vt 0.6395 0.7293 0.0000
vt 0.6471 0.7364 0.0000
vt 0.8259 0.5103 0.0000
vt 0.8316 0.5014 0.0000
vt 0.8384 0.5053 0.0000
vt 0.8328 0.5143 0.0000
vt 0.6492 0.7318 0.0000
vt 0.6421 0.7242 0.0000
vt 0.6452 0.7185 0.0000
vt 0.6522 0.7266 0.0000
vt 0.6490 0.7125 0.0000
vt 0.6563 0.7209 0.0000
vt 0.6535 0.7062 0.0000
vt 0.6605 0.7147 0.0000
vt 0.6587 0.7000 0.0000
vt 0.6649 0.6932 0.0000
vt 0.6710 0.6869 0.0000
vt 0.6781 0.6806 0.0000
vt 0.6859 0.6742 0.0000
vt 0.6924 0.6682 0.0000
vt 0.7004 0.6615 0.0000
vt 0.7084 0.6568 0.0000
vt 0.7173 0.6533 0.0000
vt 0.7279 0.6495 0.0000
vt 0.7382 0.6486 0.0000
vt 0.7505 0.6481 0.0000
vt 0.7608 0.6510 0.0000
vt 0.7713 0.6549 0.0000
vt 0.7825 0.6585 0.0000
vt 0.9143 0.6538 0.0000
vt 0.9249 0.6561 0.0000
vt 0.9231 0.6676 0.0000
vt 0.9129 0.6646 0.0000
vt 0.7872 0.6739 0.0000
vt 0.7822 0.6825 0.0000
vt 0.3546 0.1513 0.0000
vt 0.3489 0.1495 0.0000
vt 0.3603 0.1532 0.0000
vt 0.9165 0.5042 0.0000
vt 0.9148 0.5053 0.0000
vt 0.9109 0.5005 0.0000
vt 0.9128 0.4995 0.0000
vt 0.9069 0.4958 0.0000
vt 0.9090 0.4945 0.0000
vt 0.9033 0.4906 0.0000
vt 0.9049 0.4897 0.0000
vt 0.8991 0.4857 0.0000
vt 0.9016 0.4840 0.0000
vt 0.8948 0.4806 0.0000
vt 0.8968 0.4794 0.0000
vt 0.8899 0.4757 0.0000
vt 0.8922 0.4742 0.0000
vt 0.8848 0.4711 0.0000
vt 0.8873 0.4693 0.0000
vt 0.8796 0.4664 0.0000
vt 0.8823 0.4643 0.0000
vt 0.7711 0.3436 0.0000
vt 0.7651 0.3410 0.0000
vt 0.7591 0.3366 0.0000
vt 0.7528 0.3325 0.0000
vt 0.7470 0.3274 0.0000
vt 0.7410 0.3225 0.0000
vt 0.7355 0.3170 0.0000
vt 0.7299 0.3115 0.0000
vt 0.7246 0.3060 0.0000
vt 0.7192 0.3010 0.0000
vt 0.7141 0.2962 0.0000
vt 0.7085 0.2919 0.0000
vt 0.7032 0.2878 0.0000
vt 0.6979 0.2841 0.0000
vt 0.6926 0.2806 0.0000
vt 0.6869 0.2777 0.0000
vt 0.6810 0.2753 0.0000
vt 0.6754 0.2730 0.0000
vt 0.6697 0.2709 0.0000
vt 0.6640 0.2689 0.0000
vt 0.6580 0.2672 0.0000
vt 0.6519 0.2660 0.0000
vt 0.6456 0.2651 0.0000
vt 0.6394 0.2644 0.0000
vt 0.6328 0.2642 0.0000
vt 0.6259 0.2645 0.0000
vt 0.6187 0.2652 0.0000
vt 0.6117 0.2660 0.0000
vt 0.6049 0.2674 0.0000
vt 0.5980 0.2693 0.0000
vt 0.5907 0.2721 0.0000
vt 0.5834 0.2756 0.0000
vt 0.5763 0.2796 0.0000
vt 0.5693 0.2841 0.0000
vt 0.5625 0.2891 0.0000
vt 0.5558 0.2943 0.0000
vt 0.5492 0.2996 0.0000
vt 0.5426 0.3048 0.0000
vt 0.5361 0.3097 0.0000
vt 0.5297 0.3143 0.0000
vt 0.5233 0.3182 0.0000
vt 0.5171 0.3213 0.0000
vt 0.5112 0.3235 0.0000
vt 0.5050 0.3247 0.0000
vt 0.4988 0.3250 0.0000
vt 0.4974 0.3163 0.0000
vt 0.8224 0.4862 0.0000
vt 0.8292 0.4889 0.0000
vt 0.6284 0.7297 0.0000
vt 0.6305 0.7244 0.0000
vt 0.6329 0.7188 0.0000
vt 0.6362 0.7126 0.0000
vt 0.6402 0.7061 0.0000
vt 0.6449 0.6997 0.0000
vt 0.6505 0.6931 0.0000
vt 0.6568 0.6859 0.0000
vt 0.6634 0.6794 0.0000
vt 0.6707 0.6728 0.0000
vt 0.6783 0.6661 0.0000
vt 0.6855 0.6601 0.0000
vt 0.6937 0.6522 0.0000
vt 0.7026 0.6468 0.0000
vt 0.7123 0.6432 0.0000
vt 0.7237 0.6392 0.0000
vt 0.7352 0.6387 0.0000
vt 0.7487 0.6375 0.0000
vt 0.9301 0.6201 0.0000
vt 0.9428 0.6199 0.0000
vt 0.9424 0.6333 0.0000
vt 0.9298 0.6325 0.0000
vt 0.9407 0.6462 0.0000
vt 0.9277 0.6445 0.0000
vt 0.7712 0.6443 0.0000
vt 0.7827 0.6473 0.0000
vt 0.9388 0.6584 0.0000
vt 0.9361 0.6703 0.0000
vt 0.9206 0.6785 0.0000
vt 0.9112 0.6748 0.0000
vt 0.9321 0.6820 0.0000
vt 0.8683 0.4588 0.0000
vt 0.8741 0.4619 0.0000
vt 0.8714 0.4646 0.0000
vt 0.8656 0.4610 0.0000
vt 0.8598 0.4578 0.0000
vt 0.8623 0.4552 0.0000
vt 0.4025 0.0099 0.0000
vt 0.4047 0.0067 0.0000
vt 0.4112 0.0110 0.0000
vt 0.4090 0.0143 0.0000
vt 0.4176 0.0149 0.0000
vt 0.4157 0.0185 0.0000
vt 0.4242 0.0185 0.0000
vt 0.4224 0.0221 0.0000
vt 0.4308 0.0214 0.0000
vt 0.4293 0.0253 0.0000
vt 0.4374 0.0239 0.0000
vt 0.4363 0.0275 0.0000
vt 0.4440 0.0255 0.0000
vt 0.4433 0.0295 0.0000
vt 0.4509 0.0265 0.0000
vt 0.4501 0.0306 0.0000
vt 0.4576 0.0270 0.0000
vt 0.4573 0.0313 0.0000
vt 0.4644 0.0270 0.0000
vt 0.4643 0.0314 0.0000
vt 0.4712 0.0266 0.0000
vt 0.4713 0.0308 0.0000
vt 0.4781 0.0259 0.0000
vt 0.4783 0.0300 0.0000
vt 0.4848 0.0243 0.0000
vt 0.4854 0.0288 0.0000
vt 0.4918 0.0225 0.0000
vt 0.4926 0.0273 0.0000
vt 0.4986 0.0205 0.0000
vt 0.4996 0.0254 0.0000
vt 0.5055 0.0183 0.0000
vt 0.5067 0.0233 0.0000
vt 0.5125 0.0162 0.0000
vt 0.5138 0.0211 0.0000
vt 0.5195 0.0139 0.0000
vt 0.5209 0.0189 0.0000
vt 0.5263 0.0113 0.0000
vt 0.5280 0.0165 0.0000
vt 0.5332 0.0085 0.0000
vt 0.5351 0.0138 0.0000
vt 0.6467 0.2701 0.0000
vt 0.6405 0.2696 0.0000
vt 0.6342 0.2693 0.0000
vt 0.6274 0.2696 0.0000
vt 0.6205 0.2705 0.0000
vt 0.6137 0.2715 0.0000
vt 0.6071 0.2728 0.0000
vt 0.6007 0.2747 0.0000
vt 0.5940 0.2777 0.0000
vt 0.5872 0.2813 0.0000
vt 0.5805 0.2855 0.0000
vt 0.5740 0.2901 0.0000
vt 0.5675 0.2953 0.0000
vt 0.5612 0.3009 0.0000
vt 0.5546 0.3065 0.0000
vt 0.5480 0.3121 0.0000
vt 0.5414 0.3175 0.0000
vt 0.5344 0.3225 0.0000
vt 0.5274 0.3267 0.0000
vt 0.5203 0.3302 0.0000
vt 0.5131 0.3326 0.0000
vt 0.5058 0.3342 0.0000
vt 0.4985 0.3344 0.0000
vt 0.4921 0.3337 0.0000
vt 0.4935 0.3242 0.0000
vt 0.6189 0.7280 0.0000
vt 0.6209 0.7218 0.0000
vt 0.6236 0.7155 0.0000
vt 0.6272 0.7090 0.0000
vt 0.6316 0.7018 0.0000
vt 0.6368 0.6951 0.0000
vt 0.6426 0.6883 0.0000
vt 0.6491 0.6811 0.0000
vt 0.6560 0.6742 0.0000
vt 0.6633 0.6672 0.0000
vt 0.6708 0.6606 0.0000
vt 0.6784 0.6543 0.0000
vt 0.6867 0.6463 0.0000
vt 0.6961 0.6399 0.0000
vt 0.9684 0.3756 0.0000
vt 0.9619 0.3814 0.0000
vt 0.9568 0.3699 0.0000
vt 0.9643 0.3650 0.0000
vt 0.7064 0.6362 0.0000
vt 0.7183 0.6313 0.0000
vt 0.9628 0.3533 0.0000
vt 0.9545 0.3577 0.0000
vt 0.9504 0.3438 0.0000
vt 0.9586 0.3404 0.0000
vt 0.9480 0.3289 0.0000
vt 0.9581 0.3265 0.0000
vt 0.9452 0.3145 0.0000
vt 0.9552 0.3134 0.0000
vt 0.9417 0.3014 0.0000
vt 0.9530 0.3008 0.0000
vt 0.9399 0.2882 0.0000
vt 0.9526 0.2885 0.0000
vt 0.9536 0.6610 0.0000
vt 0.9503 0.6737 0.0000
vt 0.9449 0.6860 0.0000
vt 0.9261 0.6940 0.0000
vt 0.9153 0.6897 0.0000
vt 0.9388 0.6981 0.0000
vt 0.7959 0.4645 0.0000
vt 0.7967 0.4685 0.0000
vt 0.7906 0.4715 0.0000
vt 0.7898 0.4678 0.0000
vt 0.8021 0.4619 0.0000
vt 0.8024 0.4655 0.0000
vt 0.7844 0.4748 0.0000
vt 0.7833 0.4709 0.0000
vt 0.7782 0.4782 0.0000
vt 0.7770 0.4745 0.0000
vt 0.7718 0.4818 0.0000
vt 0.7705 0.4780 0.0000
vt 0.7654 0.4853 0.0000
vt 0.7640 0.4813 0.0000
vt 0.7589 0.4886 0.0000
vt 0.7573 0.4844 0.0000
vt 0.7524 0.4919 0.0000
vt 0.7507 0.4876 0.0000
vt 0.7456 0.4950 0.0000
vt 0.7440 0.4910 0.0000
vt 0.7389 0.4982 0.0000
vt 0.7371 0.4940 0.0000
vt 0.7320 0.5007 0.0000
vt 0.7302 0.4969 0.0000
vt 0.7249 0.5033 0.0000
vt 0.7230 0.4994 0.0000
vt 0.7177 0.5058 0.0000
vt 0.7156 0.5019 0.0000
vt 0.7107 0.5083 0.0000
vt 0.7083 0.5043 0.0000
vt 0.7039 0.5108 0.0000
vt 0.7013 0.5067 0.0000
vt 0.6974 0.5130 0.0000
vt 0.6946 0.5089 0.0000
vt 0.6039 0.2789 0.0000
vt 0.5976 0.2820 0.0000
vt 0.5911 0.2858 0.0000
vt 0.5847 0.2899 0.0000
vt 0.5783 0.2945 0.0000
vt 0.5721 0.2999 0.0000
vt 0.5658 0.3057 0.0000
vt 0.5592 0.3115 0.0000
vt 0.5525 0.3175 0.0000
vt 0.5456 0.3234 0.0000
vt 0.5382 0.3289 0.0000
vt 0.5305 0.3338 0.0000
vt 0.5225 0.3379 0.0000
vt 0.5140 0.3409 0.0000
vt 0.5055 0.3433 0.0000
vt 0.4967 0.3433 0.0000
vt 0.4891 0.3425 0.0000
vt 0.5965 0.5169 0.0000
vt 0.6054 0.5203 0.0000
vt 0.6013 0.5291 0.0000
vt 0.5927 0.5248 0.0000
vt 0.5960 0.5377 0.0000
vt 0.5882 0.5327 0.0000
vt 0.8482 0.4885 0.0000
vt 0.8518 0.4829 0.0000
vt 0.8606 0.4881 0.0000
vt 0.8564 0.4931 0.0000
vt 0.5827 0.5405 0.0000
vt 0.5899 0.5459 0.0000
vt 0.5830 0.5540 0.0000
vt 0.5763 0.5480 0.0000
vt 0.5755 0.5617 0.0000
vt 0.5692 0.5555 0.0000
vt 0.5675 0.5692 0.0000
vt 0.5616 0.5629 0.0000
vt 0.5591 0.5768 0.0000
vt 0.5532 0.5700 0.0000
vt 0.8890 0.5172 0.0000
vt 0.8945 0.5133 0.0000
vt 0.9028 0.5207 0.0000
vt 0.8970 0.5245 0.0000
vt 0.5445 0.5772 0.0000
vt 0.5502 0.5842 0.0000
vt 0.5411 0.5912 0.0000
vt 0.5354 0.5837 0.0000
vt 0.5319 0.5979 0.0000
vt 0.5262 0.5901 0.0000
vt 0.9750 0.4083 0.0000
vt 0.9674 0.4139 0.0000
vt 0.9636 0.4056 0.0000
vt 0.9706 0.4001 0.0000
vt 0.9198 0.5477 0.0000
vt 0.9264 0.5440 0.0000
vt 0.9353 0.5527 0.0000
vt 0.9287 0.5562 0.0000
vt 0.9668 0.3916 0.0000
vt 0.9596 0.3968 0.0000
vt 0.9546 0.3867 0.0000
vt 0.9492 0.3745 0.0000
vt 0.9458 0.3620 0.0000
vt 0.9415 0.3476 0.0000
vt 0.9381 0.3322 0.0000
vt 0.9347 0.3171 0.0000
vt 0.9301 0.3031 0.0000
vt 0.9275 0.2885 0.0000
vt 0.9258 0.2748 0.0000
vt 0.9378 0.2760 0.0000
vt 0.9628 0.6772 0.0000
vt 0.9571 0.6893 0.0000
vt 0.9350 0.2645 0.0000
vt 0.9227 0.2637 0.0000
vt 0.9201 0.2523 0.0000
vt 0.9333 0.2530 0.0000
vt 0.7340 0.5056 0.0000
vt 0.7270 0.5082 0.0000
vt 0.7199 0.5108 0.0000
vt 0.7130 0.5134 0.0000
vt 0.7063 0.5158 0.0000
vt 0.7000 0.5180 0.0000
vt 0.6936 0.5198 0.0000
vt 0.6909 0.5146 0.0000
vt 0.6871 0.5214 0.0000
vt 0.6844 0.5159 0.0000
vt 0.6807 0.5229 0.0000
vt 0.6780 0.5172 0.0000
vt 0.6744 0.5240 0.0000
vt 0.6717 0.5183 0.0000
vt 0.5624 0.4326 0.0000
vt 0.5668 0.4275 0.0000
vt 0.5728 0.4326 0.0000
vt 0.5682 0.4378 0.0000
vt 0.5791 0.4380 0.0000
vt 0.5744 0.4433 0.0000
vt 0.5857 0.4437 0.0000
vt 0.5806 0.4489 0.0000
vt 0.5921 0.4499 0.0000
vt 0.5868 0.4550 0.0000
vt 0.5987 0.4565 0.0000
vt 0.5929 0.4613 0.0000
vt 0.6046 0.4637 0.0000
vt 0.5983 0.4682 0.0000
vt 0.6098 0.4717 0.0000
vt 0.6031 0.4754 0.0000
vt 0.6139 0.4804 0.0000
vt 0.6067 0.4833 0.0000
vt 0.6167 0.4904 0.0000
vt 0.6089 0.4920 0.0000
vt 0.6183 0.5015 0.0000
vt 0.6096 0.5017 0.0000
vt 0.5044 0.3505 0.0000
vt 0.4942 0.3506 0.0000
vt 0.6083 0.5111 0.0000
vt 0.6166 0.5125 0.0000
vt 0.6134 0.5231 0.0000
vt 0.6088 0.5331 0.0000
vt 0.6032 0.5423 0.0000
vt 0.5964 0.5510 0.0000
vt 0.5892 0.5593 0.0000
vt 0.5815 0.5675 0.0000
vt 0.5732 0.5751 0.0000
vt 0.5647 0.5829 0.0000
vt 0.5560 0.5908 0.0000
vt 0.9741 0.4289 0.0000
vt 0.9659 0.4330 0.0000
vt 0.9622 0.4254 0.0000
vt 0.9706 0.4215 0.0000
vt 0.9588 0.4177 0.0000
vt 0.9552 0.4091 0.0000
vt 0.9513 0.4006 0.0000
vt 0.9465 0.3905 0.0000
vt 0.9414 0.3781 0.0000
vt 0.9372 0.3655 0.0000
vt 0.9331 0.3508 0.0000
vt 0.9293 0.3352 0.0000
vt 0.9250 0.3202 0.0000
vt 0.9205 0.3055 0.0000
vt 0.9169 0.2903 0.0000
vt 0.9141 0.2763 0.0000
vt 0.9111 0.2656 0.0000
vt 0.9073 0.2543 0.0000
vt 0.9037 0.2435 0.0000
vt 0.9177 0.2420 0.0000
vt 0.9316 0.2428 0.0000
vt 0.5964 0.4446 0.0000
vt 0.6034 0.4514 0.0000
vt 0.5896 0.4384 0.0000
vt 0.5654 0.3221 0.0000
vt 0.5718 0.3254 0.0000
vt 0.5664 0.3314 0.0000
vt 0.5605 0.3277 0.0000
vt 0.5603 0.3370 0.0000
vt 0.5548 0.3332 0.0000
vt 0.5525 0.3427 0.0000
vt 0.5478 0.3385 0.0000
vt 0.5433 0.3479 0.0000
vt 0.5394 0.3433 0.0000
vt 0.5324 0.3520 0.0000
vt 0.5294 0.3466 0.0000
vt 0.5202 0.3558 0.0000
vt 0.5186 0.3502 0.0000
vt 0.5079 0.3584 0.0000
vt 0.5076 0.3522 0.0000
vt 0.4960 0.3593 0.0000
vt 0.4966 0.3525 0.0000
vt 0.4847 0.3590 0.0000
vt 0.4861 0.3519 0.0000
vt 0.4738 0.3583 0.0000
vt 0.4757 0.3511 0.0000
vt 0.4633 0.3574 0.0000
vt 0.4655 0.3499 0.0000
vt 0.4528 0.3565 0.0000
vt 0.4554 0.3487 0.0000
vt 0.4426 0.3553 0.0000
vt 0.4455 0.3476 0.0000
vt 0.4323 0.3539 0.0000
vt 0.4354 0.3460 0.0000
vt 0.4218 0.3521 0.0000
vt 0.4251 0.3442 0.0000
vt 0.4116 0.3504 0.0000
vt 0.4153 0.3425 0.0000
vt 0.4019 0.3488 0.0000
vt 0.4058 0.3408 0.0000
vt 0.9495 0.4194 0.0000
vt 0.9462 0.4105 0.0000
vt 0.3962 0.3396 0.0000
vt 0.3923 0.3475 0.0000
vt 0.3818 0.3456 0.0000
vt 0.3854 0.3377 0.0000
vt 0.9423 0.4022 0.0000
vt 0.9378 0.3923 0.0000
vt 0.9330 0.3804 0.0000
vt 0.9285 0.3678 0.0000
vt 0.9247 0.3534 0.0000
vt 0.9210 0.3381 0.0000
vt 0.9163 0.3235 0.0000
vt 0.9120 0.3086 0.0000
vt 0.9078 0.2937 0.0000
vt 0.9039 0.2801 0.0000
vt 0.9011 0.2694 0.0000
vt 0.8967 0.2585 0.0000
vt 0.8923 0.2477 0.0000
vt 0.7275 0.9384 0.0000
vt 0.7266 0.9478 0.0000
vt 0.4622 0.3666 0.0000
vt 0.4515 0.3657 0.0000
vt 0.4732 0.3672 0.0000
vt 0.4408 0.3645 0.0000
vt 0.4303 0.3631 0.0000
vt 0.4197 0.3616 0.0000
vt 0.4094 0.3602 0.0000
vt 0.3995 0.3588 0.0000
vt 0.3898 0.3574 0.0000
vt 0.3796 0.3559 0.0000
vt 0.3692 0.3553 0.0000
vt 0.3711 0.3452 0.0000
vt 0.9288 0.3925 0.0000
vt 0.9245 0.3812 0.0000
vt 0.9202 0.3687 0.0000
vt 0.9166 0.3549 0.0000
vt 0.9131 0.3404 0.0000
vt 0.9083 0.3265 0.0000
vt 0.9040 0.3121 0.0000
vt 0.8997 0.2978 0.0000
vt 0.8953 0.2848 0.0000
vt 0.8929 0.2743 0.0000
vt 0.8883 0.2638 0.0000
vt 0.8836 0.2533 0.0000
vt 0.8808 0.2445 0.0000
vt 0.8774 0.2364 0.0000
vt 0.0957 0.2625 0.0000
vt 0.1078 0.2541 0.0000
vt 0.1143 0.2626 0.0000
vt 0.1028 0.2705 0.0000
vt 0.0919 0.2793 0.0000
vt 0.0839 0.2718 0.0000
vt 0.0816 0.2889 0.0000
vt 0.0732 0.2821 0.0000
vt 0.0726 0.2993 0.0000
vt 0.0635 0.2931 0.0000
vt 0.0650 0.3106 0.0000
vt 0.0560 0.3051 0.0000
vt 0.0586 0.3218 0.0000
vt 0.0487 0.3172 0.0000
vt 0.0542 0.3326 0.0000
vt 0.0432 0.3290 0.0000
vt 0.1675 0.5831 0.0000
vt 0.1785 0.5839 0.0000
vt 0.1756 0.5939 0.0000
vt 0.1655 0.5942 0.0000
vt 0.0419 0.3390 0.0000
vt 0.0520 0.3427 0.0000
vt 0.0497 0.3534 0.0000
vt 0.0392 0.3499 0.0000
vt 0.1623 0.6035 0.0000
vt 0.1728 0.6031 0.0000
vt 0.1707 0.6123 0.0000
vt 0.1595 0.6130 0.0000
vt 0.1700 0.6217 0.0000
vt 0.1594 0.6235 0.0000
vt 0.1698 0.6306 0.0000
vt 0.1588 0.6325 0.0000
vt 0.7214 0.1002 0.0000
vt 0.7115 0.0945 0.0000
vt 0.7137 0.0890 0.0000
vt 0.7247 0.0945 0.0000
vt 0.8381 0.8754 0.0000
vt 0.8345 0.8724 0.0000
vt 0.8366 0.8621 0.0000
vt 0.8402 0.8643 0.0000
vt 0.8347 0.8852 0.0000
vt 0.8311 0.8817 0.0000
vt 0.7347 0.1003 0.0000
vt 0.7305 0.1059 0.0000
vt 0.8331 0.8595 0.0000
vt 0.8345 0.8484 0.0000
vt 0.8382 0.8500 0.0000
vt 0.8292 0.8576 0.0000
vt 0.8300 0.8469 0.0000
vt 0.8308 0.8697 0.0000
vt 0.8270 0.8677 0.0000
vt 0.8417 0.8513 0.0000
vt 0.8250 0.8462 0.0000
vt 0.8225 0.8367 0.0000
vt 0.8291 0.8351 0.0000
vt 0.8212 0.8479 0.0000
vt 0.8177 0.8442 0.0000
vt 0.8249 0.8564 0.0000
vt 0.8207 0.8563 0.0000
vt 0.8349 0.8354 0.0000
vt 0.8394 0.8360 0.0000
vt 0.8110 0.8408 0.0000
vt 0.8137 0.8243 0.0000
vt 0.8267 0.8216 0.0000
vt 0.8344 0.8211 0.0000
vt 0.1898 0.7333 0.0000
vt 0.1998 0.7197 0.0000
vt 0.2061 0.7208 0.0000
vt 0.1954 0.7352 0.0000
vt 0.2352 0.2213 0.0000
vt 0.2308 0.2232 0.0000
vt 0.2225 0.2075 0.0000
vt 0.2279 0.2046 0.0000
vt 0.2462 0.2333 0.0000
vt 0.2398 0.2351 0.0000
vt 0.1880 0.7434 0.0000
vt 0.1806 0.7411 0.0000
vt 0.1950 0.7192 0.0000
vt 0.1966 0.7024 0.0000
vt 0.2030 0.7027 0.0000
vt 0.1893 0.7186 0.0000
vt 0.1905 0.7022 0.0000
vt 0.2233 0.2270 0.0000
vt 0.2168 0.2110 0.0000
vt 0.2104 0.7033 0.0000
vt 0.2191 0.7034 0.0000
vt 0.2151 0.7211 0.0000
vt 0.2014 0.7372 0.0000
vt 0.1844 0.7023 0.0000
vt 0.1798 0.6863 0.0000
vt 0.1864 0.6862 0.0000
vt 0.1830 0.7177 0.0000
vt 0.1933 0.6863 0.0000
vt 0.2005 0.6866 0.0000
vt 0.7698 0.5751 0.0000
vt 0.7650 0.5696 0.0000
vt 0.7724 0.5551 0.0000
vt 0.7781 0.5611 0.0000
vt 0.4370 0.1474 0.0000
vt 0.4404 0.1319 0.0000
vt 0.4482 0.1337 0.0000
vt 0.4454 0.1491 0.0000
vt 0.7830 0.5677 0.0000
vt 0.7740 0.5811 0.0000
vt 0.7873 0.5505 0.0000
vt 0.7812 0.5437 0.0000
vt 0.7900 0.5364 0.0000
vt 0.7961 0.5441 0.0000
vt 0.7929 0.5573 0.0000
vt 0.8021 0.5506 0.0000
vt 0.7979 0.5637 0.0000
vt 0.7874 0.5743 0.0000
vt 0.8075 0.5567 0.0000
vt 0.8099 0.5468 0.0000
vt 0.8157 0.5528 0.0000
vt 0.6969 0.9322 0.0000
vt 0.6861 0.9316 0.0000
vt 0.6864 0.9226 0.0000
vt 0.6975 0.9229 0.0000
vt 0.8121 0.5641 0.0000
vt 0.8023 0.5706 0.0000
vt 0.8202 0.5610 0.0000
vt 0.5430 0.5611 0.0000
vt 0.5528 0.5605 0.0000
vt 0.8226 0.5515 0.0000
vt 0.8261 0.5605 0.0000
vt 0.9436 0.0067 0.0000
vt 0.9462 0.0132 0.0000
vt 0.9386 0.0178 0.0000
vt 0.9366 0.0109 0.0000
vt 0.8244 0.5680 0.0000
vt 0.8163 0.5714 0.0000
vt 0.8285 0.5753 0.0000
vt 0.8205 0.5787 0.0000
vt 0.7276 0.9274 0.0000
vt 0.7287 0.9198 0.0000
vt 0.7379 0.9220 0.0000
vt 0.7371 0.9294 0.0000
vt 0.7091 0.9158 0.0000
vt 0.7096 0.9096 0.0000
vt 0.7192 0.9131 0.0000
vt 0.7188 0.9187 0.0000
vt 0.9498 0.0194 0.0000
vt 0.9423 0.0246 0.0000
vt 0.8475 0.0615 0.0000
vt 0.8598 0.0613 0.0000
vt 0.8652 0.0726 0.0000
vt 0.8490 0.0712 0.0000
vt 0.8459 0.0509 0.0000
vt 0.8575 0.0508 0.0000
vt 0.8330 0.0625 0.0000
vt 0.8313 0.0521 0.0000
vt 0.8348 0.0723 0.0000
vt 0.8503 0.0806 0.0000
vt 0.8389 0.0826 0.0000
vt 0.8629 0.0817 0.0000
vt 0.8632 0.0893 0.0000
vt 0.8533 0.0897 0.0000
vt 0.8457 0.0927 0.0000
vt 0.4425 0.2383 0.0000
vt 0.4455 0.2338 0.0000
vt 0.4487 0.2379 0.0000
vt 0.4455 0.2413 0.0000
vt 0.4362 0.2328 0.0000
vt 0.4393 0.2263 0.0000
vt 0.4429 0.2439 0.0000
vt 0.4141 0.2151 0.0000
vt 0.4075 0.2078 0.0000
vt 0.4135 0.2023 0.0000
vt 0.4187 0.2108 0.0000
vt 0.4097 0.2215 0.0000
vt 0.4024 0.2165 0.0000
vt 0.4230 0.2243 0.0000
vt 0.4183 0.2285 0.0000
vt 0.4274 0.2208 0.0000
vt 0.4206 0.1991 0.0000
vt 0.4236 0.2074 0.0000
vt 0.4310 0.2162 0.0000
vt 0.4288 0.1989 0.0000
vt 0.4280 0.2051 0.0000
vt 0.4346 0.2109 0.0000
vt 0.1892 0.1018 0.0000
vt 0.1809 0.1091 0.0000
vt 0.1764 0.1031 0.0000
vt 0.1826 0.0980 0.0000
vt 0.3756 0.4880 0.0000
vt 0.3807 0.4955 0.0000
vt 0.3718 0.4983 0.0000
vt 0.3690 0.4925 0.0000
vt 0.3852 0.4779 0.0000
vt 0.3908 0.4917 0.0000
vt 0.3711 0.4826 0.0000
vt 0.3720 0.4747 0.0000
vt 0.4022 0.4918 0.0000
vt 0.4050 0.5011 0.0000
vt 0.3941 0.5000 0.0000
vt 0.4003 0.4785 0.0000
vt 0.3842 0.5014 0.0000
vt 0.3586 0.3152 0.0000
vt 0.3561 0.3047 0.0000
vt 0.3691 0.2935 0.0000
vt 0.3754 0.3005 0.0000
vt 0.3682 0.4502 0.0000
vt 0.3812 0.4399 0.0000
vt 0.3889 0.4560 0.0000
vt 0.3716 0.4629 0.0000
vt 0.3636 0.4389 0.0000
vt 0.3744 0.4284 0.0000
vt 0.3760 0.3145 0.0000
vt 0.3622 0.3256 0.0000
vt 0.1223 0.1717 0.0000
vt 0.1180 0.1568 0.0000
vt 0.1272 0.1542 0.0000
vt 0.1306 0.1666 0.0000
vt 0.3570 0.4309 0.0000
vt 0.3664 0.4212 0.0000
vt 0.0452 0.7288 0.0000
vt 0.0320 0.7270 0.0000
vt 0.0314 0.7203 0.0000
vt 0.0461 0.7206 0.0000
vt 0.1153 0.8043 0.0000
vt 0.1182 0.7952 0.0000
vt 0.1287 0.7959 0.0000
vt 0.1268 0.8034 0.0000
vt 0.4285 0.1739 0.0000
vt 0.4314 0.1711 0.0000
vt 0.4322 0.1719 0.0000
vt 0.4293 0.1748 0.0000
vt 0.9612 0.1549 0.0000
vt 0.9623 0.1545 0.0000
vt 0.9624 0.1577 0.0000
vt 0.9613 0.1579 0.0000
vt 0.9651 0.9419 0.0000
vt 0.9619 0.9443 0.0000
vt 0.9610 0.9436 0.0000
vt 0.9643 0.9413 0.0000
vt 0.9658 0.9423 0.0000
vt 0.9629 0.9452 0.0000
vt 0.9599 0.9480 0.0000
vt 0.9589 0.9473 0.0000
vt 0.9581 0.9468 0.0000
vt 0.9568 0.9510 0.0000
vt 0.9558 0.9502 0.0000
vt 0.4220 0.1794 0.0000
vt 0.4186 0.1823 0.0000
vt 0.4177 0.1811 0.0000
vt 0.4211 0.1784 0.0000
vt 0.9536 0.9542 0.0000
vt 0.9524 0.9532 0.0000
vt 0.4150 0.1852 0.0000
vt 0.4142 0.1839 0.0000
vt 0.9503 0.9575 0.0000
vt 0.9493 0.9566 0.0000
vt 0.4114 0.1878 0.0000
vt 0.4105 0.1865 0.0000
vt 0.9470 0.9609 0.0000
vt 0.9460 0.9598 0.0000
vt 0.4076 0.1904 0.0000
vt 0.4068 0.1890 0.0000
vt 0.9434 0.9641 0.0000
vt 0.9424 0.9629 0.0000
vt 0.4036 0.1926 0.0000
vt 0.4030 0.1910 0.0000
vt 0.9395 0.9671 0.0000
vt 0.9386 0.9656 0.0000
vt 0.3993 0.1942 0.0000
vt 0.3989 0.1927 0.0000
vt 0.9354 0.9698 0.0000
vt 0.9346 0.9683 0.0000
vt 0.1422 0.6106 0.0000
vt 0.1405 0.6144 0.0000
vt 0.1389 0.6141 0.0000
vt 0.1407 0.6105 0.0000
vt 0.9309 0.9721 0.0000
vt 0.9303 0.9703 0.0000
vt 0.1381 0.6182 0.0000
vt 0.1366 0.6177 0.0000
vt 0.9262 0.9738 0.0000
vt 0.9261 0.9721 0.0000
vt 0.1351 0.6219 0.0000
vt 0.1338 0.6212 0.0000
vt 0.9215 0.9750 0.0000
vt 0.9218 0.9732 0.0000
vt 0.3850 0.1958 0.0000
vt 0.3800 0.1948 0.0000
vt 0.3806 0.1928 0.0000
vt 0.3853 0.1939 0.0000
vt 0.9168 0.9756 0.0000
vt 0.9173 0.9736 0.0000
vt 0.3750 0.1931 0.0000
vt 0.3758 0.1909 0.0000
vt 0.9127 0.9762 0.0000
vt 0.9129 0.9737 0.0000
vt 0.3700 0.1909 0.0000
vt 0.3711 0.1886 0.0000
vt 0.9080 0.9762 0.0000
vt 0.9086 0.9736 0.0000
vt 0.3651 0.1883 0.0000
vt 0.3663 0.1859 0.0000
vt 0.9036 0.9761 0.0000
vt 0.9043 0.9735 0.0000
vt 0.3603 0.1857 0.0000
vt 0.3615 0.1832 0.0000
vt 0.3592 0.1882 0.0000
vt 0.3542 0.1854 0.0000
vt 0.3554 0.1829 0.0000
vt 0.3568 0.1804 0.0000
vt 0.9001 0.9733 0.0000
vt 0.8991 0.9758 0.0000
vt 0.8948 0.9754 0.0000
vt 0.8956 0.9727 0.0000
vt 0.3504 0.1801 0.0000
vt 0.3519 0.1775 0.0000
vt 0.8903 0.9750 0.0000
vt 0.8910 0.9721 0.0000
vt 0.3455 0.1773 0.0000
vt 0.3470 0.1746 0.0000
vt 0.8856 0.9743 0.0000
vt 0.8866 0.9714 0.0000
vt 0.3406 0.1743 0.0000
vt 0.3421 0.1717 0.0000
vt 0.8809 0.9735 0.0000
vt 0.8818 0.9704 0.0000
vt 0.8834 0.9680 0.0000
vt 0.8880 0.9690 0.0000
vt 0.8762 0.9723 0.0000
vt 0.8770 0.9690 0.0000
vt 0.8787 0.9667 0.0000
vt 0.8711 0.9708 0.0000
vt 0.8722 0.9678 0.0000
vt 0.8738 0.9652 0.0000
vt 0.8658 0.9690 0.0000
vt 0.8672 0.9660 0.0000
vt 0.8688 0.9632 0.0000
vt 0.8604 0.9670 0.0000
vt 0.8621 0.9639 0.0000
vt 0.8639 0.9609 0.0000
vt 0.8551 0.9643 0.0000
vt 0.8570 0.9614 0.0000
vt 0.8590 0.9585 0.0000
vt 0.8501 0.9614 0.0000
vt 0.8521 0.9585 0.0000
vt 0.8543 0.9556 0.0000
vt 0.8450 0.9584 0.0000
vt 0.8474 0.9552 0.0000
vt 0.8497 0.9523 0.0000
vt 0.8405 0.9547 0.0000
vt 0.8429 0.9516 0.0000
vt 0.8453 0.9487 0.0000
vt 0.8359 0.9509 0.0000
vt 0.8385 0.9477 0.0000
vt 0.8409 0.9447 0.0000
vt 0.8314 0.9469 0.0000
vt 0.8339 0.9439 0.0000
vt 0.8362 0.9408 0.0000
vt 0.8268 0.9431 0.0000
vt 0.8292 0.9400 0.0000
vt 0.8316 0.9369 0.0000
vt 0.8222 0.9395 0.0000
vt 0.8246 0.9364 0.0000
vt 0.8269 0.9331 0.0000
vt 0.8176 0.9360 0.0000
vt 0.8201 0.9329 0.0000
vt 0.8220 0.9294 0.0000
vt 0.8131 0.9328 0.0000
vt 0.8154 0.9295 0.0000
vt 0.8175 0.9258 0.0000
vt 0.8085 0.9296 0.0000
vt 0.8108 0.9263 0.0000
vt 0.8126 0.9224 0.0000
vt 0.8039 0.9266 0.0000
vt 0.8061 0.9232 0.0000
vt 0.8079 0.9193 0.0000
vt 0.7993 0.9237 0.0000
vt 0.8015 0.9202 0.0000
vt 0.8031 0.9163 0.0000
vt 0.7945 0.9208 0.0000
vt 0.7969 0.9175 0.0000
vt 0.7984 0.9135 0.0000
vt 0.4173 0.5373 0.0000
vt 0.4146 0.5404 0.0000
vt 0.4094 0.5359 0.0000
vt 0.4124 0.5324 0.0000
vt 0.0445 0.0243 0.0000
vt 0.0497 0.0223 0.0000
vt 0.0523 0.0257 0.0000
vt 0.0469 0.0275 0.0000
vt 0.4039 0.5313 0.0000
vt 0.4069 0.5276 0.0000
vt 0.4098 0.5242 0.0000
vt 0.4151 0.5294 0.0000
vt 0.1540 0.5671 0.0000
vt 0.1499 0.5648 0.0000
vt 0.1517 0.5597 0.0000
vt 0.1560 0.5620 0.0000
vt 0.1608 0.5635 0.0000
vt 0.1585 0.5686 0.0000
vt 0.1534 0.5543 0.0000
vt 0.1578 0.5566 0.0000
vt 0.1630 0.5579 0.0000
vt 0.1546 0.5486 0.0000
vt 0.1596 0.5506 0.0000
vt 0.1649 0.5521 0.0000
vt 0.1558 0.5428 0.0000
vt 0.1610 0.5448 0.0000
vt 0.1667 0.5461 0.0000
vt 0.1567 0.5366 0.0000
vt 0.1623 0.5384 0.0000
vt 0.1681 0.5395 0.0000
vt 0.1576 0.5300 0.0000
vt 0.1633 0.5318 0.0000
vt 0.1693 0.5328 0.0000
vt 0.1583 0.5232 0.0000
vt 0.1641 0.5247 0.0000
vt 0.1700 0.5256 0.0000
vt 0.1645 0.5176 0.0000
vt 0.1703 0.5182 0.0000
vt 0.1586 0.5163 0.0000
vt 0.1641 0.5106 0.0000
vt 0.1702 0.5109 0.0000
vt 0.1582 0.5095 0.0000
vt 0.1630 0.5039 0.0000
vt 0.1694 0.5038 0.0000
vt 0.3433 0.4925 0.0000
vt 0.3417 0.4989 0.0000
vt 0.3339 0.4972 0.0000
vt 0.3352 0.4904 0.0000
vt 0.1615 0.4968 0.0000
vt 0.1681 0.4962 0.0000
vt 0.3261 0.4961 0.0000
vt 0.3269 0.4891 0.0000
vt 0.1595 0.4895 0.0000
vt 0.1661 0.4885 0.0000
vt 0.1554 0.4963 0.0000
vt 0.1534 0.4897 0.0000
vt 0.1569 0.4822 0.0000
vt 0.1635 0.4807 0.0000
vt 0.1509 0.4829 0.0000
vt 0.1534 0.4750 0.0000
vt 0.1602 0.4729 0.0000
vt 0.1473 0.4765 0.0000
vt 0.1491 0.4681 0.0000
vt 0.1563 0.4653 0.0000
vt 0.1430 0.4699 0.0000
vt 0.1443 0.4614 0.0000
vt 0.1517 0.4579 0.0000
vt 0.2920 0.4895 0.0000
vt 0.2935 0.4971 0.0000
vt 0.2850 0.4989 0.0000
vt 0.2830 0.4910 0.0000
vt 0.1388 0.4545 0.0000
vt 0.1464 0.4504 0.0000
vt 0.2763 0.5014 0.0000
vt 0.2739 0.4932 0.0000
vt 0.1328 0.4474 0.0000
vt 0.1405 0.4428 0.0000
vt 0.2677 0.5046 0.0000
vt 0.2646 0.4961 0.0000
vt 0.1261 0.4408 0.0000
vt 0.1341 0.4356 0.0000
vt 0.2589 0.5081 0.0000
vt 0.2554 0.4993 0.0000
vt 0.1190 0.4338 0.0000
vt 0.1270 0.4283 0.0000
vt 0.2499 0.5121 0.0000
vt 0.2458 0.5030 0.0000
vt 0.1113 0.4264 0.0000
vt 0.1196 0.4207 0.0000
vt 0.1125 0.4378 0.0000
vt 0.1048 0.4306 0.0000
vt 0.1040 0.4182 0.0000
vt 0.1126 0.4125 0.0000
vt 0.0969 0.4230 0.0000
vt 0.0973 0.4092 0.0000
vt 0.1061 0.4036 0.0000
vt 0.0898 0.4142 0.0000
vt 0.0910 0.3992 0.0000
vt 0.0997 0.3935 0.0000
vt 0.0836 0.4045 0.0000
vt 0.0847 0.3888 0.0000
vt 0.0930 0.3826 0.0000
vt 0.0776 0.3944 0.0000
vt 0.0783 0.3784 0.0000
vt 0.0865 0.3719 0.0000
vt 0.0718 0.3842 0.0000
vt 0.0723 0.3679 0.0000
vt 0.0807 0.3616 0.0000
vt 0.2890 0.2964 0.0000
vt 0.2985 0.2967 0.0000
vt 0.2953 0.3082 0.0000
vt 0.2864 0.3078 0.0000
vt 0.0685 0.3568 0.0000
vt 0.0768 0.3514 0.0000
vt 0.2924 0.3214 0.0000
vt 0.2842 0.3206 0.0000
vt 0.6245 0.0099 0.0000
vt 0.6201 0.0224 0.0000
vt 0.6101 0.0183 0.0000
vt 0.6137 0.0067 0.0000
vt 0.2896 0.3353 0.0000
vt 0.2818 0.3339 0.0000
vt 0.6140 0.0344 0.0000
vt 0.6048 0.0295 0.0000
vt 0.2878 0.3489 0.0000
vt 0.2799 0.3473 0.0000
vt 0.6073 0.0455 0.0000
vt 0.5984 0.0399 0.0000
vt 0.2874 0.3615 0.0000
vt 0.2788 0.3600 0.0000
vt 0.6003 0.0557 0.0000
vt 0.5914 0.0496 0.0000
vt 0.2880 0.3733 0.0000
vt 0.2789 0.3718 0.0000
vt 0.5937 0.0654 0.0000
vt 0.5845 0.0591 0.0000
vt 0.2894 0.3844 0.0000
vt 0.2797 0.3830 0.0000
vt 0.5874 0.0746 0.0000
vt 0.5778 0.0683 0.0000
vt 0.2911 0.3952 0.0000
vt 0.2810 0.3937 0.0000
vt 0.6324 0.5948 0.0000
vt 0.6390 0.5884 0.0000
vt 0.6443 0.5985 0.0000
vt 0.6377 0.6048 0.0000
vt 0.2930 0.4056 0.0000
vt 0.2826 0.4043 0.0000
vt 0.6461 0.5819 0.0000
vt 0.6512 0.5922 0.0000
vt 0.2948 0.4161 0.0000
vt 0.2845 0.4147 0.0000
vt 0.6535 0.5754 0.0000
vt 0.6585 0.5858 0.0000
vt 0.2968 0.4263 0.0000
vt 0.2868 0.4248 0.0000
vt 0.6609 0.5691 0.0000
vt 0.6657 0.5798 0.0000
vt 0.2989 0.4365 0.0000
vt 0.2889 0.4349 0.0000
vt 0.6686 0.5630 0.0000
vt 0.6730 0.5743 0.0000
vt 0.3011 0.4466 0.0000
vt 0.2910 0.4449 0.0000
vt 0.6767 0.5575 0.0000
vt 0.6807 0.5696 0.0000
vt 0.3033 0.4566 0.0000
vt 0.2927 0.4544 0.0000
vt 0.6852 0.5527 0.0000
vt 0.6886 0.5656 0.0000
vt 0.6750 0.5472 0.0000
vt 0.6839 0.5415 0.0000
vt 0.6940 0.5487 0.0000
vt 0.6969 0.5624 0.0000
vt 0.6932 0.5367 0.0000
vt 0.7032 0.5458 0.0000
vt 0.7053 0.5598 0.0000
vt 0.7031 0.5331 0.0000
vt 0.7125 0.5436 0.0000
vt 0.7139 0.5579 0.0000
vt 0.7136 0.5304 0.0000
vt 0.7221 0.5421 0.0000
vt 0.7225 0.5565 0.0000
vt 0.7243 0.5287 0.0000
vt 0.7317 0.5414 0.0000
vt 0.7309 0.5560 0.0000
vt 0.7352 0.5282 0.0000
vt 0.7413 0.5417 0.0000
vt 0.7390 0.5563 0.0000
vt 0.7460 0.5289 0.0000
vt 0.7503 0.5435 0.0000
vt 0.7464 0.5581 0.0000
vt 0.7560 0.5311 0.0000
vt 0.7584 0.5464 0.0000
vt 0.7531 0.5610 0.0000
vt 0.7653 0.5344 0.0000
vt 0.7660 0.5502 0.0000
vt 0.7594 0.5649 0.0000
vt 0.7740 0.5383 0.0000
vt 0.9361 0.9714 0.0000
vt 0.9314 0.9738 0.0000
vt 0.9405 0.9686 0.0000
vt 0.9268 0.9758 0.0000
vt 0.9220 0.9771 0.0000
vt 0.9173 0.9780 0.0000
vt 0.9126 0.9785 0.0000
vt 0.9082 0.9787 0.0000
vt 0.9038 0.9787 0.0000
vt 0.8995 0.9784 0.0000
vt 0.8945 0.9782 0.0000
vt 0.8902 0.9779 0.0000
vt 0.8854 0.9772 0.0000
vt 0.8808 0.9763 0.0000
vt 0.8755 0.9754 0.0000
vt 0.8704 0.9739 0.0000
vt 0.8651 0.9721 0.0000
vt 0.8596 0.9700 0.0000
vt 0.8540 0.9674 0.0000
vt 0.8487 0.9645 0.0000
vt 0.8436 0.9612 0.0000
vt 0.8383 0.9577 0.0000
vt 0.8338 0.9536 0.0000
vt 0.8291 0.9496 0.0000
vt 0.8245 0.9459 0.0000
vt 0.8199 0.9420 0.0000
vt 0.8153 0.9385 0.0000
vt 0.8106 0.9355 0.0000
vt 0.8060 0.9323 0.0000
vt 0.8012 0.9291 0.0000
vt 0.7967 0.9262 0.0000
vt 0.7921 0.9237 0.0000
vt 0.4121 0.5434 0.0000
vt 0.4068 0.5392 0.0000
vt 0.4728 0.9382 0.0000
vt 0.4700 0.9400 0.0000
vt 0.4651 0.9352 0.0000
vt 0.4682 0.9331 0.0000
vt 0.4601 0.9303 0.0000
vt 0.4631 0.9281 0.0000
vt 0.3980 0.5268 0.0000
vt 0.3954 0.5307 0.0000
vt 0.3893 0.5265 0.0000
vt 0.3919 0.5224 0.0000
vt 0.4577 0.9231 0.0000
vt 0.4549 0.9252 0.0000
vt 0.4492 0.9206 0.0000
vt 0.4520 0.9179 0.0000
vt 0.4436 0.9152 0.0000
vt 0.4462 0.9127 0.0000
vt 0.3785 0.5143 0.0000
vt 0.3761 0.5190 0.0000
vt 0.3693 0.5154 0.0000
vt 0.3715 0.5106 0.0000
vt 0.3622 0.5122 0.0000
vt 0.3643 0.5072 0.0000
vt 0.3550 0.5093 0.0000
vt 0.3569 0.5040 0.0000
vt 0.3477 0.5068 0.0000
vt 0.3494 0.5012 0.0000
vt 0.3403 0.5049 0.0000
vt 0.3330 0.5034 0.0000
vt 0.3254 0.5023 0.0000
vt 0.3177 0.5016 0.0000
vt 0.3181 0.4953 0.0000
vt 0.3101 0.5014 0.0000
vt 0.3100 0.4951 0.0000
vt 0.3025 0.5020 0.0000
vt 0.3018 0.4957 0.0000
vt 0.2946 0.5034 0.0000
vt 0.2866 0.5055 0.0000
vt 0.2784 0.5080 0.0000
vt 0.2702 0.5113 0.0000
vt 0.2619 0.5152 0.0000
vt 0.2532 0.5194 0.0000
vt 0.2442 0.5243 0.0000
vt 0.2404 0.5169 0.0000
vt 0.2350 0.5300 0.0000
vt 0.2307 0.5223 0.0000
vt 0.2254 0.5359 0.0000
vt 0.2208 0.5277 0.0000
vt 0.2156 0.5413 0.0000
vt 0.2108 0.5329 0.0000
vt 0.3082 0.2784 0.0000
vt 0.3163 0.2804 0.0000
vt 0.3110 0.2889 0.0000
vt 0.3027 0.2869 0.0000
vt 0.3068 0.2984 0.0000
vt 0.3032 0.3096 0.0000
vt 0.3001 0.3229 0.0000
vt 0.2975 0.3367 0.0000
vt 0.2965 0.3498 0.0000
vt 0.2967 0.3619 0.0000
vt 0.2978 0.3732 0.0000
vt 0.2993 0.3842 0.0000
vt 0.3012 0.3950 0.0000
vt 0.3031 0.4054 0.0000
vt 0.3051 0.4157 0.0000
vt 0.3071 0.4259 0.0000
vt 0.3093 0.4359 0.0000
vt 0.3116 0.4458 0.0000
vt 0.3140 0.4558 0.0000
vt 0.3164 0.4657 0.0000
vt 0.3054 0.4664 0.0000
vt 0.3185 0.4754 0.0000
vt 0.3070 0.4758 0.0000
vt 0.3193 0.4850 0.0000
vt 0.3077 0.4846 0.0000
vt 0.5913 0.9774 0.0000
vt 0.5838 0.9686 0.0000
vt 0.5932 0.9613 0.0000
vt 0.5999 0.9707 0.0000
vt 0.6034 0.9543 0.0000
vt 0.6093 0.9643 0.0000
vt 0.6152 0.9476 0.0000
vt 0.6196 0.9583 0.0000
vt 0.6275 0.9418 0.0000
vt 0.6306 0.9530 0.0000
vt 0.3004 0.0739 0.0000
vt 0.2948 0.0755 0.0000
vt 0.2941 0.0731 0.0000
vt 0.2998 0.0714 0.0000
vt 0.9001 0.9808 0.0000
vt 0.8953 0.9806 0.0000
vt 0.3061 0.0726 0.0000
vt 0.3055 0.0699 0.0000
vt 0.3112 0.0685 0.0000
vt 0.3118 0.0711 0.0000
vt 0.3172 0.0674 0.0000
vt 0.3176 0.0701 0.0000
vt 0.3232 0.0664 0.0000
vt 0.3235 0.0692 0.0000
vt 0.3294 0.0659 0.0000
vt 0.3294 0.0687 0.0000
vt 0.3356 0.0656 0.0000
vt 0.3355 0.0686 0.0000
vt 0.8705 0.9765 0.0000
vt 0.8648 0.9749 0.0000
vt 0.8591 0.9729 0.0000
vt 0.8534 0.9704 0.0000
vt 0.8478 0.9673 0.0000
vt 0.8425 0.9638 0.0000
vt 0.3662 0.0746 0.0000
vt 0.3676 0.0713 0.0000
vt 0.3736 0.0740 0.0000
vt 0.3717 0.0773 0.0000
vt 0.3791 0.0775 0.0000
vt 0.3768 0.0806 0.0000
vt 0.8324 0.9555 0.0000
vt 0.8271 0.9520 0.0000
vt 0.8225 0.9474 0.0000
vt 0.3857 0.0878 0.0000
vt 0.3886 0.0850 0.0000
vt 0.3926 0.0890 0.0000
vt 0.3897 0.0917 0.0000
vt 0.5026 0.9619 0.0000
vt 0.5005 0.9649 0.0000
vt 0.4959 0.9631 0.0000
vt 0.4980 0.9601 0.0000
vt 0.4910 0.9605 0.0000
vt 0.4933 0.9576 0.0000
vt 0.4861 0.9575 0.0000
vt 0.4887 0.9546 0.0000
vt 0.4814 0.9544 0.0000
vt 0.4839 0.9517 0.0000
vt 0.4767 0.9510 0.0000
vt 0.4794 0.9483 0.0000
vt 0.4719 0.9473 0.0000
vt 0.4748 0.9443 0.0000
vt 0.4670 0.9429 0.0000
vt 0.4619 0.9383 0.0000
vt 0.4568 0.9335 0.0000
vt 0.4516 0.9288 0.0000
vt 0.4461 0.9238 0.0000
vt 0.4404 0.9191 0.0000
vt 0.4345 0.9143 0.0000
vt 0.4374 0.9107 0.0000
vt 0.4283 0.9102 0.0000
vt 0.4312 0.9061 0.0000
vt 0.4220 0.9059 0.0000
vt 0.4246 0.9019 0.0000
vt 0.4156 0.9020 0.0000
vt 0.4181 0.8977 0.0000
vt 0.4093 0.8981 0.0000
vt 0.4115 0.8938 0.0000
vt 0.4033 0.8941 0.0000
vt 0.4052 0.8899 0.0000
vt 0.3969 0.8903 0.0000
vt 0.3988 0.8860 0.0000
vt 0.3907 0.8867 0.0000
vt 0.3924 0.8822 0.0000
vt 0.3846 0.8835 0.0000
vt 0.3862 0.8786 0.0000
vt 0.3788 0.8804 0.0000
vt 0.3799 0.8755 0.0000
vt 0.3729 0.8774 0.0000
vt 0.3739 0.8722 0.0000
vt 0.3670 0.8746 0.0000
vt 0.3678 0.8691 0.0000
vt 0.3609 0.8717 0.0000
vt 0.3615 0.8663 0.0000
vt 0.2796 0.5127 0.0000
vt 0.2718 0.5161 0.0000
vt 0.2637 0.5200 0.0000
vt 0.2555 0.5245 0.0000
vt 0.2467 0.5292 0.0000
vt 0.2380 0.5350 0.0000
vt 0.3276 0.2664 0.0000
vt 0.3332 0.2707 0.0000
vt 0.3277 0.2767 0.0000
vt 0.3221 0.2728 0.0000
vt 0.3225 0.2838 0.0000
vt 0.3174 0.2921 0.0000
vt 0.3132 0.3012 0.0000
vt 0.3099 0.3119 0.0000
vt 0.3068 0.3245 0.0000
vt 0.3049 0.3374 0.0000
vt 0.3049 0.3497 0.0000
vt 0.3057 0.3612 0.0000
vt 0.3069 0.3720 0.0000
vt 0.3087 0.3826 0.0000
vt 0.3106 0.3931 0.0000
vt 0.3125 0.4033 0.0000
vt 0.3146 0.4135 0.0000
vt 0.3170 0.4236 0.0000
vt 0.3194 0.4335 0.0000
vt 0.3220 0.4434 0.0000
vt 0.3244 0.4532 0.0000
vt 0.3271 0.4632 0.0000
vt 0.3295 0.4738 0.0000
vt 0.5757 0.9758 0.0000
vt 0.5694 0.9666 0.0000
vt 0.5788 0.9591 0.0000
vt 0.5361 0.9599 0.0000
vt 0.5365 0.9630 0.0000
vt 0.5307 0.9654 0.0000
vt 0.5306 0.9622 0.0000
vt 0.5418 0.9575 0.0000
vt 0.5424 0.9604 0.0000
vt 0.5253 0.9676 0.0000
vt 0.5252 0.9643 0.0000
vt 0.5196 0.9691 0.0000
vt 0.5199 0.9657 0.0000
vt 0.3753 0.0714 0.0000
vt 0.3812 0.0743 0.0000
vt 0.5151 0.9668 0.0000
vt 0.5139 0.9699 0.0000
vt 0.5092 0.9700 0.0000
vt 0.5098 0.9661 0.0000
vt 0.5038 0.9695 0.0000
vt 0.5053 0.9661 0.0000
vt 0.4990 0.9683 0.0000
vt 0.4940 0.9663 0.0000
vt 0.4890 0.9640 0.0000
vt 0.4840 0.9611 0.0000
vt 0.4791 0.9578 0.0000
vt 0.4743 0.9544 0.0000
vt 0.4692 0.9505 0.0000
vt 0.4641 0.9462 0.0000
vt 0.4588 0.9419 0.0000
vt 0.4536 0.9373 0.0000
vt 0.4484 0.9326 0.0000
vt 0.4430 0.9279 0.0000
vt 0.4373 0.9232 0.0000
vt 0.4314 0.9187 0.0000
vt 0.4254 0.9143 0.0000
vt 0.4193 0.9100 0.0000
vt 0.4130 0.9061 0.0000
vt 0.4067 0.9024 0.0000
vt 0.4005 0.8987 0.0000
vt 0.3942 0.8951 0.0000
vt 0.3880 0.8915 0.0000
vt 0.3821 0.8883 0.0000
vt 0.3763 0.8854 0.0000
vt 0.3705 0.8824 0.0000
vt 0.3647 0.8797 0.0000
vt 0.3586 0.8768 0.0000
vt 0.3530 0.8745 0.0000
vt 0.3553 0.8691 0.0000
vt 0.5344 0.6477 0.0000
vt 0.5293 0.6506 0.0000
vt 0.5249 0.6428 0.0000
vt 0.5302 0.6396 0.0000
vt 0.5202 0.6348 0.0000
vt 0.5255 0.6312 0.0000
vt 0.5150 0.6267 0.0000
vt 0.5201 0.6229 0.0000
vt 0.5089 0.6189 0.0000
vt 0.5139 0.6143 0.0000
vt 0.3370 0.2761 0.0000
vt 0.3319 0.2819 0.0000
vt 0.3268 0.2886 0.0000
vt 0.3222 0.2961 0.0000
vt 0.3181 0.3046 0.0000
vt 0.3153 0.3145 0.0000
vt 0.3125 0.3259 0.0000
vt 0.3114 0.3375 0.0000
vt 0.3121 0.3487 0.0000
vt 0.3134 0.3596 0.0000
vt 0.3148 0.3699 0.0000
vt 0.3168 0.3801 0.0000
vt 0.3188 0.3903 0.0000
vt 0.3208 0.4004 0.0000
vt 0.3233 0.4104 0.0000
vt 0.3259 0.4202 0.0000
vt 0.3284 0.4300 0.0000
vt 0.3311 0.4398 0.0000
vt 0.4878 0.9677 0.0000
vt 0.4825 0.9648 0.0000
vt 0.4931 0.9700 0.0000
vt 0.4773 0.9616 0.0000
vt 0.4724 0.9579 0.0000
vt 0.4673 0.9540 0.0000
vt 0.4619 0.9499 0.0000
vt 0.4564 0.9456 0.0000
vt 0.4509 0.9412 0.0000
vt 0.4456 0.9366 0.0000
vt 0.4402 0.9318 0.0000
vt 0.4344 0.9273 0.0000
vt 0.4286 0.9227 0.0000
vt 0.4225 0.9185 0.0000
vt 0.4165 0.9143 0.0000
vt 0.4103 0.9103 0.0000
vt 0.4040 0.9066 0.0000
vt 0.3975 0.9032 0.0000
vt 0.3911 0.8996 0.0000
vt 0.3849 0.8960 0.0000
vt 0.3789 0.8927 0.0000
vt 0.3729 0.8898 0.0000
vt 0.3670 0.8869 0.0000
vt 0.3610 0.8843 0.0000
vt 0.3549 0.8817 0.0000
vt 0.5330 0.6581 0.0000
vt 0.5279 0.6613 0.0000
vt 0.5241 0.6538 0.0000
vt 0.5197 0.6462 0.0000
vt 0.5151 0.6385 0.0000
vt 0.5099 0.6310 0.0000
vt 0.5040 0.6238 0.0000
vt 0.4975 0.6171 0.0000
vt 0.5020 0.6115 0.0000
vt 0.4906 0.6107 0.0000
vt 0.4946 0.6048 0.0000
vt 0.4833 0.6049 0.0000
vt 0.4864 0.5988 0.0000
vt 0.4750 0.6004 0.0000
vt 0.4775 0.5937 0.0000
vt 0.4657 0.5974 0.0000
vt 0.4671 0.5899 0.0000
vt 0.4561 0.5960 0.0000
vt 0.4561 0.5880 0.0000
vt 0.4469 0.5967 0.0000
vt 0.4452 0.5886 0.0000
vt 0.4376 0.5995 0.0000
vt 0.4349 0.5914 0.0000
vt 0.4285 0.6034 0.0000
vt 0.4253 0.5953 0.0000
vt 0.4199 0.6080 0.0000
vt 0.4164 0.6000 0.0000
vt 0.4113 0.6133 0.0000
vt 0.4076 0.6051 0.0000
vt 0.4030 0.6189 0.0000
vt 0.3991 0.6108 0.0000
vt 0.3948 0.6250 0.0000
vt 0.3908 0.6169 0.0000
vt 0.4489 0.9447 0.0000
vt 0.4435 0.9400 0.0000
vt 0.4379 0.9353 0.0000
vt 0.4322 0.9308 0.0000
vt 0.4262 0.9265 0.0000
vt 0.4203 0.9220 0.0000
vt 0.4142 0.9178 0.0000
vt 0.4080 0.9138 0.0000
vt 0.4014 0.9103 0.0000
vt 0.3946 0.9070 0.0000
vt 0.3881 0.9033 0.0000
vt 0.3817 0.8997 0.0000
vt 0.3754 0.8963 0.0000
vt 0.8378 0.4159 0.0000
vt 0.8412 0.4122 0.0000
vt 0.8474 0.4154 0.0000
vt 0.8437 0.4192 0.0000
vt 0.8537 0.4194 0.0000
vt 0.8497 0.4232 0.0000
vt 0.8601 0.4240 0.0000
vt 0.8557 0.4279 0.0000
vt 0.8664 0.4288 0.0000
vt 0.8617 0.4328 0.0000
vt 0.8726 0.4344 0.0000
vt 0.8676 0.4385 0.0000
vt 0.8786 0.4404 0.0000
vt 0.8733 0.4448 0.0000
vt 0.8846 0.4466 0.0000
vt 0.8791 0.4514 0.0000
vt 0.8907 0.4526 0.0000
vt 0.8854 0.4580 0.0000
vt 0.8971 0.4585 0.0000
vt 0.8920 0.4645 0.0000
vt 0.9038 0.4642 0.0000
vt 0.8992 0.4706 0.0000
vt 0.9106 0.4697 0.0000
vt 0.9068 0.4762 0.0000
vt 0.9177 0.4744 0.0000
vt 0.9148 0.4812 0.0000
vt 0.9247 0.4783 0.0000
vt 0.9229 0.4856 0.0000
vt 0.9318 0.4811 0.0000
vt 0.9313 0.4892 0.0000
vt 0.9393 0.4823 0.0000
vt 0.9402 0.4908 0.0000
vt 0.9463 0.4820 0.0000
vt 0.9486 0.4905 0.0000
vt 0.4492 0.6049 0.0000
vt 0.4409 0.6076 0.0000
vt 0.4325 0.6112 0.0000
vt 0.4242 0.6156 0.0000
vt 0.8286 0.4079 0.0000
vt 0.8311 0.4026 0.0000
vt 0.8378 0.4046 0.0000
vt 0.8350 0.4098 0.0000
vt 0.8220 0.4064 0.0000
vt 0.8244 0.4013 0.0000
vt 0.8444 0.4071 0.0000
vt 0.8510 0.4102 0.0000
vt 0.8578 0.4141 0.0000
vt 0.8645 0.4186 0.0000
vt 0.8713 0.4233 0.0000
vt 0.8781 0.4287 0.0000
vt 0.8846 0.4344 0.0000
vt 0.8909 0.4401 0.0000
vt 0.8970 0.4456 0.0000
vt 0.9033 0.4512 0.0000
vt 0.9096 0.4566 0.0000
vt 0.9159 0.4617 0.0000
vt 0.9220 0.4661 0.0000
vt 0.9280 0.4695 0.0000
vt 0.9339 0.4717 0.0000
vt 0.9400 0.4726 0.0000
vt 0.8830 0.4221 0.0000
vt 0.8901 0.4274 0.0000
vt 0.8968 0.4327 0.0000
vt 0.9033 0.4380 0.0000
vt 0.9096 0.4433 0.0000
vt 0.9157 0.4485 0.0000
vt 0.9214 0.4533 0.0000
vt 0.7927 0.0511 0.0000
vt 0.8109 0.0434 0.0000
vt 0.8142 0.0560 0.0000
vt 0.7955 0.0633 0.0000
vt 0.7873 0.0408 0.0000
vt 0.8056 0.0272 0.0000
vt 0.7758 0.0577 0.0000
vt 0.7720 0.0473 0.0000
vt 0.7778 0.0732 0.0000
vt 0.7838 0.0914 0.0000
vt 0.7690 0.1012 0.0000
vt 0.7608 0.0824 0.0000
vt 0.7992 0.0745 0.0000
vt 0.7607 0.0624 0.0000
vt 0.5507 0.7648 0.0000
vt 0.5462 0.7645 0.0000
vt 0.5512 0.7589 0.0000
vt 0.5543 0.7594 0.0000
vt 0.1077 0.1511 0.0000
vt 0.0957 0.1430 0.0000
vt 0.0969 0.1361 0.0000
vt 0.1069 0.1464 0.0000
vt 0.5611 0.7665 0.0000
vt 0.5469 0.7747 0.0000
vt 0.5385 0.7717 0.0000
vt 0.5607 0.7619 0.0000
vt 0.0426 0.7097 0.0000
vt 0.0450 0.7141 0.0000
vt 0.0295 0.7155 0.0000
vt 0.0273 0.7128 0.0000
vt 0.8383 0.1010 0.0000
vt 0.8235 0.0928 0.0000
vt 0.8297 0.0868 0.0000
vt 0.8407 0.0968 0.0000
vt 0.8378 0.1054 0.0000
vt 0.8213 0.1002 0.0000
vt 0.0252 0.7109 0.0000
vt 0.0394 0.7069 0.0000
vt 0.1263 0.8085 0.0000
vt 0.1381 0.8035 0.0000
vt 0.1372 0.8090 0.0000
vt 0.1378 0.8136 0.0000
vt 0.1272 0.8116 0.0000
vt 0.7460 0.8010 0.0000
vt 0.7359 0.7982 0.0000
vt 0.7350 0.7961 0.0000
vt 0.7443 0.7980 0.0000
vt 0.2512 0.9505 0.0000
vt 0.2373 0.9495 0.0000
vt 0.2368 0.9386 0.0000
vt 0.2517 0.9401 0.0000
vt 0.2524 0.9605 0.0000
vt 0.2391 0.9602 0.0000
vt 0.2625 0.9520 0.0000
vt 0.2633 0.9614 0.0000
vt 0.2634 0.9423 0.0000
vt 0.2535 0.9286 0.0000
vt 0.2654 0.9336 0.0000
vt 0.2370 0.9285 0.0000
vt 0.2218 0.9286 0.0000
vt 0.2222 0.9189 0.0000
vt 0.2372 0.9188 0.0000
vt 0.2219 0.9390 0.0000
vt 0.2514 0.9176 0.0000
vt 0.1300 0.0473 0.0000
vt 0.1413 0.0401 0.0000
vt 0.1443 0.0454 0.0000
vt 0.1318 0.0520 0.0000
vt 0.0229 0.3028 0.0000
vt 0.0229 0.2973 0.0000
vt 0.0337 0.2942 0.0000
vt 0.0351 0.3002 0.0000
vt 0.0108 0.3035 0.0000
vt 0.0116 0.2981 0.0000
vt 0.0217 0.3070 0.0000
vt 0.0094 0.3075 0.0000
vt 0.0021 0.2983 0.0000
vt 0.0028 0.2902 0.0000
vt 0.0115 0.2905 0.0000
vt 0.0005 0.3051 0.0000
vt 0.0209 0.2895 0.0000
vt 0.0295 0.2863 0.0000
vt 0.0360 0.2807 0.0000
vt 0.0424 0.2875 0.0000
vt 0.0461 0.2936 0.0000
vt 0.0029 0.2809 0.0000
vt 0.0106 0.2811 0.0000
vt 0.0180 0.2797 0.0000
vt 0.0241 0.2770 0.0000
vt 0.0302 0.2725 0.0000
vt 0.0368 0.2686 0.0000
vt 0.0401 0.2752 0.0000
vt 0.0467 0.2779 0.0000
vt 0.0531 0.2815 0.0000
vt 0.3430 0.4125 0.0000
vt 0.3453 0.4188 0.0000
vt 0.3357 0.4251 0.0000
vt 0.3344 0.4191 0.0000
vt 0.3522 0.4019 0.0000
vt 0.3591 0.4070 0.0000
vt 0.3498 0.4254 0.0000
vt 0.3405 0.4309 0.0000
vt 0.3584 0.4184 0.0000
vt 0.1427 0.1480 0.0000
vt 0.1361 0.1512 0.0000
vt 0.1332 0.1379 0.0000
vt 0.1390 0.1356 0.0000
vt 0.1308 0.1253 0.0000
vt 0.1352 0.1231 0.0000
vt 0.0327 0.2520 0.0000
vt 0.0391 0.2593 0.0000
vt 0.0276 0.2461 0.0000
vt 0.0201 0.2450 0.0000
vt 0.0236 0.2417 0.0000
vt 0.8108 0.8918 0.0000
vt 0.8152 0.8887 0.0000
vt 0.8181 0.8925 0.0000
vt 0.8131 0.8964 0.0000
vt 0.0296 0.2427 0.0000
vt 0.0362 0.2492 0.0000
vt 0.0233 0.5545 0.0000
vt 0.0201 0.5495 0.0000
vt 0.0300 0.5438 0.0000
vt 0.0318 0.5500 0.0000
vt 0.8210 0.8970 0.0000
vt 0.8151 0.9019 0.0000
vt 0.4943 0.9159 0.0000
vt 0.4939 0.9208 0.0000
vt 0.4876 0.9208 0.0000
vt 0.4874 0.9162 0.0000
vt 0.8116 0.8863 0.0000
vt 0.8157 0.8820 0.0000
vt 0.8193 0.8839 0.0000
vt 0.8228 0.8867 0.0000
vt 0.8262 0.8901 0.0000
vt 0.8298 0.8942 0.0000
vt 0.8240 0.9024 0.0000
vt 0.0874 0.6206 0.0000
vt 0.0898 0.6262 0.0000
vt 0.0788 0.6256 0.0000
vt 0.0783 0.6197 0.0000
vt 0.7470 0.1206 0.0000
vt 0.7529 0.1166 0.0000
vt 0.7605 0.1288 0.0000
vt 0.7530 0.1307 0.0000
vt 0.7392 0.1124 0.0000
vt 0.7441 0.1072 0.0000
vt 0.8197 0.8754 0.0000
vt 0.8235 0.8769 0.0000
vt 0.8123 0.8808 0.0000
vt 0.8161 0.8747 0.0000
vt 0.8274 0.8789 0.0000
vt 0.7402 0.0908 0.0000
vt 0.7509 0.0982 0.0000
vt 0.7600 0.1100 0.0000
vt 0.7454 0.0776 0.0000
vt 0.8229 0.8665 0.0000
vt 0.8192 0.8662 0.0000
vt 0.7919 0.3955 0.0000
vt 0.7982 0.3947 0.0000
vt 0.7977 0.4000 0.0000
vt 0.7917 0.4008 0.0000
vt 0.7908 0.3901 0.0000
vt 0.7973 0.3892 0.0000
vt 0.7858 0.3966 0.0000
vt 0.7846 0.3914 0.0000
vt 0.7857 0.4018 0.0000
vt 0.8045 0.3943 0.0000
vt 0.8039 0.3996 0.0000
vt 0.8039 0.3889 0.0000
vt 0.8112 0.3942 0.0000
vt 0.8103 0.3996 0.0000
vt 0.8110 0.3887 0.0000
vt 0.8184 0.3946 0.0000
vt 0.8172 0.4002 0.0000
vt 0.8183 0.3889 0.0000
vt 0.8257 0.3953 0.0000
vt 0.8258 0.3894 0.0000
vt 0.8327 0.3967 0.0000
vt 0.8334 0.3905 0.0000
vt 0.8397 0.3986 0.0000
vt 0.8405 0.3925 0.0000
vt 0.8468 0.4011 0.0000
vt 0.8480 0.3949 0.0000
vt 0.8539 0.4041 0.0000
vt 0.8557 0.3978 0.0000
vt 0.2612 0.7269 0.0000
vt 0.2668 0.7246 0.0000
vt 0.2679 0.7273 0.0000
vt 0.2623 0.7296 0.0000
vt 0.2603 0.7242 0.0000
vt 0.2659 0.7218 0.0000
vt 0.2553 0.7292 0.0000
vt 0.2544 0.7265 0.0000
vt 0.6346 0.4727 0.0000
vt 0.6338 0.4699 0.0000
vt 0.6383 0.4690 0.0000
vt 0.6393 0.4720 0.0000
vt 0.6442 0.4708 0.0000
vt 0.6454 0.4736 0.0000
vt 0.6406 0.4745 0.0000
vt 0.6428 0.4678 0.0000
vt 0.6492 0.4696 0.0000
vt 0.6506 0.4724 0.0000
vt 0.6478 0.4664 0.0000
vt 0.6545 0.4680 0.0000
vt 0.6559 0.4709 0.0000
vt 0.6531 0.4649 0.0000
vt 0.6600 0.4662 0.0000
vt 0.6616 0.4692 0.0000
vt 0.6585 0.4630 0.0000
vt 0.6656 0.4640 0.0000
vt 0.6675 0.4672 0.0000
vt 0.6640 0.4606 0.0000
vt 0.6715 0.4611 0.0000
vt 0.6736 0.4643 0.0000
vt 0.6697 0.4577 0.0000
vt 0.6776 0.4576 0.0000
vt 0.6798 0.4606 0.0000
vt 0.6756 0.4542 0.0000
vt 0.6838 0.4538 0.0000
vt 0.6860 0.4564 0.0000
vt 0.6815 0.4503 0.0000
vt 0.6898 0.4492 0.0000
vt 0.6922 0.4523 0.0000
vt 0.6873 0.4458 0.0000
vt 0.6959 0.4445 0.0000
vt 0.6983 0.4476 0.0000
vt 0.6931 0.4412 0.0000
vt 0.7019 0.4396 0.0000
vt 0.7044 0.4427 0.0000
vt 0.6991 0.4363 0.0000
vt 0.7079 0.4345 0.0000
vt 0.7102 0.4375 0.0000
vt 0.7050 0.4312 0.0000
vt 0.7109 0.4261 0.0000
vt 0.7137 0.4293 0.0000
vt 0.7160 0.4324 0.0000
vt 0.7169 0.4211 0.0000
vt 0.7196 0.4242 0.0000
vt 0.7219 0.4275 0.0000
vt 0.7230 0.4164 0.0000
vt 0.7257 0.4196 0.0000
vt 0.7278 0.4230 0.0000
vt 0.7291 0.4118 0.0000
vt 0.7316 0.4153 0.0000
vt 0.7336 0.4190 0.0000
vt 0.7349 0.4078 0.0000
vt 0.7374 0.4115 0.0000
vt 0.7393 0.4153 0.0000
vt 0.7408 0.4047 0.0000
vt 0.7432 0.4081 0.0000
vt 0.7448 0.4118 0.0000
vt 0.7467 0.4013 0.0000
vt 0.7490 0.4049 0.0000
vt 0.7507 0.4089 0.0000
vt 0.7527 0.3984 0.0000
vt 0.7551 0.4019 0.0000
vt 0.7567 0.4060 0.0000
vt 0.7588 0.3952 0.0000
vt 0.7612 0.3991 0.0000
vt 0.7627 0.4035 0.0000
vt 0.7646 0.3925 0.0000
vt 0.7671 0.3967 0.0000
vt 0.7686 0.4014 0.0000
vt 0.3542 0.7603 0.0000
vt 0.3526 0.7580 0.0000
vt 0.3533 0.7574 0.0000
vt 0.3550 0.7597 0.0000
vt 0.8974 0.5819 0.0000
vt 0.8985 0.5819 0.0000
vt 0.8987 0.5849 0.0000
vt 0.8977 0.5850 0.0000
vt 0.8978 0.5799 0.0000
vt 0.8984 0.5796 0.0000
vt 0.3563 0.7617 0.0000
vt 0.3556 0.7618 0.0000
vt 0.8981 0.5882 0.0000
vt 0.8972 0.5881 0.0000
vt 0.8970 0.5849 0.0000
vt 0.8991 0.5882 0.0000
vt 0.8983 0.5917 0.0000
vt 0.8973 0.5916 0.0000
vt 0.8993 0.5917 0.0000
vt 0.8983 0.5954 0.0000
vt 0.8973 0.5952 0.0000
vt 0.8995 0.5954 0.0000
vt 0.8985 0.5990 0.0000
vt 0.8975 0.5989 0.0000
vt 0.8997 0.5990 0.0000
vt 0.8987 0.6028 0.0000
vt 0.8976 0.6026 0.0000
vt 0.8999 0.6029 0.0000
vt 0.8986 0.6067 0.0000
vt 0.8975 0.6064 0.0000
vt 0.9000 0.6067 0.0000
vt 0.8987 0.6106 0.0000
vt 0.8974 0.6104 0.0000
vt 0.9001 0.6106 0.0000
vt 0.8985 0.6146 0.0000
vt 0.8973 0.6145 0.0000
vt 0.9000 0.6145 0.0000
vt 0.8987 0.6187 0.0000
vt 0.8973 0.6186 0.0000
vt 0.9001 0.6187 0.0000
vt 0.8983 0.6230 0.0000
vt 0.8975 0.6228 0.0000
vt 0.9000 0.6229 0.0000
vt 0.8985 0.6273 0.0000
vt 0.8970 0.6272 0.0000
vt 0.9002 0.6272 0.0000
vt 0.9001 0.6315 0.0000
vt 0.8984 0.6316 0.0000
vt 0.8973 0.6317 0.0000
vt 0.9006 0.6356 0.0000
vt 0.8990 0.6360 0.0000
vt 0.8974 0.6362 0.0000
vt 0.9011 0.6397 0.0000
vt 0.8994 0.6402 0.0000
vt 0.8978 0.6407 0.0000
vt 0.9019 0.6437 0.0000
vt 0.9003 0.6445 0.0000
vt 0.8987 0.6452 0.0000
vt 0.9032 0.6475 0.0000
vt 0.9014 0.6483 0.0000
vt 0.9000 0.6493 0.0000
vt 0.9048 0.6507 0.0000
vt 0.9032 0.6519 0.0000
vt 0.9018 0.6532 0.0000
vt 0.9068 0.6536 0.0000
vt 0.9052 0.6551 0.0000
vt 0.9037 0.6566 0.0000
vt 0.9093 0.6564 0.0000
vt 0.9075 0.6580 0.0000
vt 0.9059 0.6598 0.0000
vt 0.2946 0.7181 0.0000
vt 0.2952 0.7203 0.0000
vt 0.2903 0.7218 0.0000
vt 0.2895 0.7196 0.0000
vt 0.2888 0.7171 0.0000
vt 0.2942 0.7158 0.0000
vt 0.5391 0.8556 0.0000
vt 0.5396 0.8530 0.0000
vt 0.5435 0.8531 0.0000
vt 0.5432 0.8557 0.0000
vt 0.2842 0.7213 0.0000
vt 0.2834 0.7187 0.0000
vt 0.5477 0.8530 0.0000
vt 0.5473 0.8556 0.0000
vt 0.2789 0.7232 0.0000
vt 0.2780 0.7205 0.0000
vt 0.2798 0.7253 0.0000
vt 0.2744 0.7274 0.0000
vt 0.2734 0.7251 0.0000
vt 0.2724 0.7225 0.0000
vt 0.6251 0.4712 0.0000
vt 0.6252 0.4684 0.0000
vt 0.6292 0.4677 0.0000
vt 0.6297 0.4705 0.0000
vt 0.6305 0.4732 0.0000
vt 0.6261 0.4738 0.0000
vt 0.6334 0.4669 0.0000
vt 0.6381 0.4661 0.0000
vt 0.6429 0.4650 0.0000
vt 0.2510 0.7349 0.0000
vt 0.2523 0.7370 0.0000
vt 0.2467 0.7400 0.0000
vt 0.2451 0.7378 0.0000
vt 0.6476 0.4636 0.0000
vt 0.6527 0.4619 0.0000
vt 0.6578 0.4599 0.0000
vt 0.6629 0.4573 0.0000
vt 0.6683 0.4544 0.0000
vt 0.6739 0.4510 0.0000
vt 0.6795 0.4472 0.0000
vt 0.8994 0.5817 0.0000
vt 0.8997 0.5848 0.0000
vt 0.8990 0.5794 0.0000
vt 0.9001 0.5881 0.0000
vt 0.9005 0.5916 0.0000
vt 0.9008 0.5952 0.0000
vt 0.9010 0.5989 0.0000
vt 0.9012 0.6027 0.0000
vt 0.9014 0.6066 0.0000
vt 0.9015 0.6106 0.0000
vt 0.9016 0.6145 0.0000
vt 0.9017 0.6187 0.0000
vt 0.9017 0.6228 0.0000
vt 0.9019 0.6271 0.0000
vt 0.9018 0.6313 0.0000
vt 0.9022 0.6353 0.0000
vt 0.9028 0.6394 0.0000
vt 0.9036 0.6434 0.0000
vt 0.9049 0.6469 0.0000
vt 0.9066 0.6500 0.0000
vt 0.9087 0.6530 0.0000
vt 0.3000 0.7192 0.0000
vt 0.3003 0.7205 0.0000
vt 0.2958 0.7221 0.0000
vt 0.2910 0.7238 0.0000
vt 0.2860 0.7256 0.0000
vt 0.2851 0.7235 0.0000
vt 0.9001 0.5815 0.0000
vt 0.9006 0.5846 0.0000
vt 0.8995 0.5793 0.0000
vt 0.9009 0.5878 0.0000
vt 0.9015 0.5913 0.0000
vt 0.9019 0.5950 0.0000
vt 0.9021 0.5987 0.0000
vt 0.9025 0.6025 0.0000
vt 0.9026 0.6064 0.0000
vt 0.9028 0.6104 0.0000
vt 0.9030 0.6144 0.0000
vt 0.9121 0.9538 0.0000
vt 0.9120 0.9545 0.0000
vt 0.9090 0.9540 0.0000
vt 0.9091 0.9529 0.0000
vt 0.9143 0.9546 0.0000
vt 0.9142 0.9552 0.0000
vt 0.9056 0.9535 0.0000
vt 0.9057 0.9525 0.0000
vt 0.9015 0.5874 0.0000
vt 0.9023 0.5910 0.0000
vt 0.9029 0.5947 0.0000
vt 0.9030 0.5984 0.0000
vt 0.8948 0.9500 0.0000
vt 0.8945 0.9511 0.0000
vt 0.8907 0.9501 0.0000
vt 0.8910 0.9489 0.0000
vt 0.9638 0.1775 0.0000
vt 0.9631 0.1786 0.0000
vt 0.9627 0.1784 0.0000
vt 0.9633 0.1773 0.0000
vt 0.9641 0.1778 0.0000
vt 0.9633 0.1788 0.0000
vt 0.9636 0.1754 0.0000
vt 0.9643 0.1756 0.0000
vt 0.9639 0.1728 0.0000
vt 0.9646 0.1731 0.0000
vt 0.9089 0.9549 0.0000
vt 0.9055 0.9545 0.0000
vt 0.9023 0.5870 0.0000
vt 0.9030 0.5906 0.0000
vt 0.9020 0.9528 0.0000
vt 0.9018 0.9538 0.0000
vt 0.8981 0.9531 0.0000
vt 0.8983 0.9519 0.0000
vt 0.8943 0.9522 0.0000
vt 0.8905 0.9513 0.0000
vt 0.8866 0.9504 0.0000
vt 0.8869 0.9491 0.0000
vt 0.8872 0.9479 0.0000
vt 0.8826 0.9493 0.0000
vt 0.8829 0.9480 0.0000
vt 0.9036 0.6061 0.0000
vt 0.9041 0.6102 0.0000
vt 0.9615 0.1811 0.0000
vt 0.9612 0.1797 0.0000
vt 0.9643 0.1797 0.0000
vt 0.9645 0.1812 0.0000
vt 0.9042 0.6142 0.0000
vt 0.8790 0.9467 0.0000
vt 0.8786 0.9482 0.0000
vt 0.8746 0.9468 0.0000
vt 0.8750 0.9454 0.0000
vt 0.9044 0.6184 0.0000
vt 0.9031 0.6186 0.0000
vt 0.8705 0.9452 0.0000
vt 0.8710 0.9438 0.0000
vt 0.9045 0.6227 0.0000
vt 0.9032 0.6228 0.0000
vt 0.8666 0.9436 0.0000
vt 0.8672 0.9421 0.0000
vt 0.9046 0.6269 0.0000
vt 0.9034 0.6270 0.0000
vt 0.8627 0.9418 0.0000
vt 0.8634 0.9403 0.0000
vt 0.9047 0.6311 0.0000
vt 0.9035 0.6312 0.0000
vt 0.1384 0.6028 0.0000
vt 0.1398 0.6035 0.0000
vt 0.1389 0.6066 0.0000
vt 0.1375 0.6058 0.0000
vt 0.9051 0.6352 0.0000
vt 0.9037 0.6353 0.0000
vt 0.1377 0.6097 0.0000
vt 0.1363 0.6088 0.0000
vt 0.9057 0.6393 0.0000
vt 0.9043 0.6393 0.0000
vt 0.9064 0.6431 0.0000
vt 0.9052 0.6431 0.0000
vt 0.1359 0.6128 0.0000
vt 0.1346 0.6117 0.0000
vt 0.1323 0.6148 0.0000
vt 0.1311 0.6135 0.0000
vt 0.1337 0.6107 0.0000
vt 0.1337 0.6160 0.0000
vt 0.1295 0.6178 0.0000
vt 0.1284 0.6164 0.0000
vt 0.1310 0.6192 0.0000
vt 0.1263 0.6207 0.0000
vt 0.1253 0.6194 0.0000
vt 0.1277 0.6222 0.0000
vt 0.1226 0.6236 0.0000
vt 0.1214 0.6221 0.0000
vt 0.1240 0.6253 0.0000
vt 0.1185 0.6265 0.0000
vt 0.1173 0.6249 0.0000
vt 0.1200 0.6285 0.0000
vt 0.1141 0.6296 0.0000
vt 0.1129 0.6279 0.0000
vt 0.1157 0.6317 0.0000
vt 0.1097 0.6329 0.0000
vt 0.1085 0.6311 0.0000
vt 0.1111 0.6349 0.0000
vt 0.1049 0.6360 0.0000
vt 0.1036 0.6340 0.0000
vt 0.1064 0.6380 0.0000
vt 0.1002 0.6392 0.0000
vt 0.0987 0.6372 0.0000
vt 0.1017 0.6413 0.0000
vt 0.9622 0.1783 0.0000
vt 0.9626 0.1771 0.0000
vt 0.9628 0.1754 0.0000
vt 0.9630 0.1726 0.0000
vt 0.9631 0.1696 0.0000
vt 0.9641 0.1698 0.0000
vt 0.9633 0.1665 0.0000
vt 0.9643 0.1667 0.0000
vt 0.9633 0.1633 0.0000
vt 0.9644 0.1637 0.0000
vt 0.9635 0.1605 0.0000
vt 0.9647 0.1605 0.0000
vt 0.9635 0.1575 0.0000
vt 0.9646 0.1576 0.0000
vt 0.9636 0.1542 0.0000
vt 0.9648 0.1544 0.0000
vt 0.9637 0.1510 0.0000
vt 0.9651 0.1513 0.0000
vt 0.8824 0.9506 0.0000
vt 0.8783 0.9496 0.0000
vt 0.8742 0.9482 0.0000
vt 0.9674 0.1730 0.0000
vt 0.9659 0.1732 0.0000
vt 0.9657 0.1701 0.0000
vt 0.9674 0.1699 0.0000
vt 0.9659 0.1666 0.0000
vt 0.9675 0.1668 0.0000
vt 0.1404 0.6004 0.0000
vt 0.1419 0.6006 0.0000
vt 0.1414 0.6041 0.0000
vt 0.1405 0.6073 0.0000
vt 0.1392 0.6104 0.0000
vt 0.1374 0.6137 0.0000
vt 0.1352 0.6171 0.0000
vt 0.1325 0.6206 0.0000
vt 0.1291 0.6237 0.0000
vt 0.1254 0.6270 0.0000
vt 0.1215 0.6303 0.0000
vt 0.1172 0.6336 0.0000
vt 0.1125 0.6368 0.0000
vt 0.1080 0.6402 0.0000
vt 0.1034 0.6435 0.0000
vt 0.0989 0.6470 0.0000
vt 0.0973 0.6448 0.0000
vt 0.0956 0.6426 0.0000
vt 0.0944 0.6505 0.0000
vt 0.0929 0.6485 0.0000
vt 0.0911 0.6465 0.0000
vt 0.0904 0.6544 0.0000
vt 0.0885 0.6522 0.0000
vt 0.0867 0.6500 0.0000
vt 0.0863 0.6582 0.0000
vt 0.0845 0.6560 0.0000
vt 0.0824 0.6538 0.0000
vt 0.0825 0.6623 0.0000
vt 0.0804 0.6600 0.0000
vt 0.0782 0.6575 0.0000
vt 0.0788 0.6665 0.0000
vt 0.0766 0.6642 0.0000
vt 0.0742 0.6619 0.0000
vt 0.0755 0.6708 0.0000
vt 0.0732 0.6683 0.0000
vt 0.0705 0.6662 0.0000
vt 0.0723 0.6750 0.0000
vt 0.0702 0.6725 0.0000
vt 0.0673 0.6704 0.0000
vt 0.0695 0.6792 0.0000
vt 0.0674 0.6768 0.0000
vt 0.0645 0.6748 0.0000
vt 0.0652 0.6809 0.0000
vt 0.0621 0.6792 0.0000
vt 0.3124 0.1435 0.0000
vt 0.3108 0.1466 0.0000
vt 0.3069 0.1431 0.0000
vt 0.3087 0.1400 0.0000
vt 0.0634 0.6852 0.0000
vt 0.0603 0.6834 0.0000
vt 0.3035 0.1398 0.0000
vt 0.3049 0.1366 0.0000
vt 0.9743 0.2165 0.0000
vt 0.9781 0.2116 0.0000
vt 0.9811 0.2139 0.0000
vt 0.9770 0.2190 0.0000
vt 0.9714 0.2145 0.0000
vt 0.9750 0.2095 0.0000
vt 0.0622 0.6896 0.0000
vt 0.0614 0.6943 0.0000
vt 0.0580 0.6929 0.0000
vt 0.0589 0.6879 0.0000
vt 0.9785 0.2044 0.0000
vt 0.9816 0.2063 0.0000
vt 0.0610 0.6991 0.0000
vt 0.0574 0.6983 0.0000
vt 0.8399 0.9357 0.0000
vt 0.8383 0.9380 0.0000
vt 0.8333 0.9341 0.0000
vt 0.8351 0.9313 0.0000
vt 0.0610 0.7046 0.0000
vt 0.0573 0.7038 0.0000
vt 0.8284 0.9300 0.0000
vt 0.8298 0.9274 0.0000
vt 0.9877 0.1945 0.0000
vt 0.9904 0.1882 0.0000
vt 0.9940 0.1895 0.0000
vt 0.9912 0.1961 0.0000
vt 0.9846 0.1932 0.0000
vt 0.9867 0.1871 0.0000
vt 0.9922 0.1815 0.0000
vt 0.9961 0.1825 0.0000
vt 0.9884 0.1806 0.0000
vt 0.9934 0.1745 0.0000
vt 0.9975 0.1752 0.0000
vt 0.9894 0.1740 0.0000
vt 0.9940 0.1674 0.0000
vt 0.9981 0.1678 0.0000
vt 0.9899 0.1672 0.0000
vt 0.9620 0.1771 0.0000
vt 0.9621 0.1753 0.0000
vt 0.9619 0.1781 0.0000
vt 0.9621 0.1728 0.0000
vt 0.9621 0.1697 0.0000
vt 0.9622 0.1665 0.0000
vt 0.9623 0.1636 0.0000
vt 0.9623 0.1606 0.0000
vt 0.9621 0.1508 0.0000
vt 0.9626 0.1479 0.0000
vt 0.9640 0.1476 0.0000
vt 0.9628 0.1445 0.0000
vt 0.9644 0.1445 0.0000
vt 0.4168 0.1801 0.0000
vt 0.4134 0.1828 0.0000
vt 0.4100 0.1856 0.0000
vt 0.1434 0.6008 0.0000
vt 0.1429 0.6039 0.0000
vt 0.4061 0.1876 0.0000
vt 0.4024 0.1896 0.0000
vt 0.3985 0.1912 0.0000
vt 0.1304 0.6247 0.0000
vt 0.1267 0.6284 0.0000
vt 0.1226 0.6318 0.0000
vt 0.1184 0.6353 0.0000
vt 0.1139 0.6387 0.0000
vt 0.1091 0.6418 0.0000
vt 0.1046 0.6453 0.0000
vt 0.3534 0.1749 0.0000
vt 0.3486 0.1720 0.0000
vt 0.1001 0.6488 0.0000
vt 0.0959 0.6525 0.0000
vt 0.0918 0.6564 0.0000
vt 0.0879 0.6604 0.0000
vt 0.0842 0.6645 0.0000
vt 0.0808 0.6689 0.0000
vt 0.0774 0.6732 0.0000
vt 0.0742 0.6775 0.0000
vt 0.8611 0.9565 0.0000
vt 0.8564 0.9535 0.0000
vt 0.8519 0.9501 0.0000
vt 0.8476 0.9461 0.0000
vt 0.8432 0.9419 0.0000
vt 0.8238 0.9260 0.0000
vt 0.8188 0.9222 0.0000
vt 0.8139 0.9186 0.0000
vt 0.8089 0.9153 0.0000
vt 0.8041 0.9124 0.0000
vt 0.9898 0.1603 0.0000
vt 0.9940 0.1602 0.0000
vt 0.7992 0.9096 0.0000
vt 0.0438 0.0324 0.0000
vt 0.0488 0.0313 0.0000
vt 0.0493 0.0355 0.0000
vt 0.0441 0.0367 0.0000
vt 0.0543 0.0297 0.0000
vt 0.0550 0.0341 0.0000
vt 0.0579 0.0236 0.0000
vt 0.0601 0.0279 0.0000
vt 0.0609 0.0324 0.0000
vt 0.0633 0.0214 0.0000
vt 0.0658 0.0258 0.0000
vt 0.0666 0.0305 0.0000
vt 0.0685 0.0191 0.0000
vt 0.0711 0.0234 0.0000
vt 0.9857 0.1307 0.0000
vt 0.9843 0.1227 0.0000
vt 0.9890 0.1219 0.0000
vt 0.9904 0.1300 0.0000
vt 0.1679 0.5584 0.0000
vt 0.1701 0.5526 0.0000
vt 0.9828 0.1145 0.0000
vt 0.9875 0.1136 0.0000
vt 0.1721 0.5466 0.0000
vt 0.9810 0.1062 0.0000
vt 0.9860 0.1051 0.0000
vt 0.1737 0.5399 0.0000
vt 0.9796 0.0977 0.0000
vt 0.9845 0.0966 0.0000
vt 0.1749 0.5327 0.0000
vt 0.9782 0.0893 0.0000
vt 0.9828 0.0880 0.0000
vt 0.9764 0.0809 0.0000
vt 0.9809 0.0795 0.0000
vt 0.1754 0.5253 0.0000
vt 0.1756 0.5178 0.0000
vt 0.1798 0.5165 0.0000
vt 0.1796 0.5242 0.0000
vt 0.9744 0.0724 0.0000
vt 0.9722 0.0639 0.0000
vt 0.9769 0.0623 0.0000
vt 0.9788 0.0709 0.0000
vt 0.1758 0.5102 0.0000
vt 0.1752 0.5026 0.0000
vt 0.1797 0.5008 0.0000
vt 0.1799 0.5087 0.0000
vt 0.1740 0.4948 0.0000
vt 0.1789 0.4929 0.0000
vt 0.1722 0.4868 0.0000
vt 0.1771 0.4848 0.0000
vt 0.1697 0.4786 0.0000
vt 0.1746 0.4763 0.0000
vt 0.1667 0.4702 0.0000
vt 0.1719 0.4676 0.0000
vt 0.1632 0.4621 0.0000
vt 0.1689 0.4590 0.0000
vt 0.9615 0.1773 0.0000
vt 0.9615 0.1756 0.0000
vt 0.9854 0.9255 0.0000
vt 0.9863 0.9251 0.0000
vt 0.9867 0.9253 0.0000
vt 0.9858 0.9258 0.0000
vt 0.9613 0.1730 0.0000
vt 0.9613 0.1700 0.0000
vt 0.9612 0.1669 0.0000
vt 0.4395 0.1625 0.0000
vt 0.4402 0.1633 0.0000
vt 0.4373 0.1658 0.0000
vt 0.4365 0.1649 0.0000
vt 0.9613 0.1639 0.0000
vt 0.9612 0.1607 0.0000
vt 0.4336 0.1675 0.0000
vt 0.4343 0.1683 0.0000
vt 0.4307 0.1702 0.0000
vt 0.1590 0.4540 0.0000
vt 0.1539 0.4459 0.0000
vt 0.1482 0.4378 0.0000
vt 0.1421 0.4300 0.0000
vt 0.1351 0.4223 0.0000
vt 0.1278 0.4146 0.0000
vt 0.1211 0.4066 0.0000
vt 0.1145 0.3981 0.0000
vt 0.1078 0.3885 0.0000
vt 0.1010 0.3777 0.0000
vt 0.0946 0.3669 0.0000
vt 0.0895 0.3568 0.0000
vt 0.0863 0.3473 0.0000
vt 0.0752 0.3409 0.0000
vt 0.0850 0.3380 0.0000
vt 0.0760 0.3305 0.0000
vt 0.0858 0.3286 0.0000
vt 0.5892 0.0338 0.0000
vt 0.5950 0.0245 0.0000
vt 0.5828 0.0430 0.0000
vt 0.6251 0.6167 0.0000
vt 0.6314 0.6108 0.0000
vt 0.6383 0.6191 0.0000
vt 0.6325 0.6248 0.0000
vt 0.6444 0.6132 0.0000
vt 0.3730 0.4082 0.0000
vt 0.3842 0.4138 0.0000
vt 0.9870 0.9256 0.0000
vt 0.9862 0.9261 0.0000
vt 0.5502 0.8548 0.0000
vt 0.5496 0.8549 0.0000
vt 0.5495 0.8545 0.0000
vt 0.5501 0.8544 0.0000
vt 0.9616 0.1783 0.0000
vt 0.9619 0.1787 0.0000
vt 0.9873 0.9258 0.0000
vt 0.9865 0.9264 0.0000
vt 0.3728 0.1335 0.0000
vt 0.3733 0.1334 0.0000
vt 0.3733 0.1337 0.0000
vt 0.3728 0.1338 0.0000
vt 0.3734 0.1330 0.0000
vt 0.3738 0.1330 0.0000
vt 0.3738 0.1333 0.0000
vt 0.9623 0.1790 0.0000
vt 0.9626 0.1791 0.0000
vt 0.3742 0.1330 0.0000
vt 0.3742 0.1333 0.0000
vt 0.4810 0.7097 0.0000
vt 0.4815 0.7005 0.0000
vt 0.4724 0.7071 0.0000
vt 0.4699 0.6981 0.0000
vt 0.4639 0.6840 0.0000
vt 0.4801 0.6875 0.0000
vt 0.7208 0.8773 0.0000
vt 0.7119 0.8764 0.0000
vt 0.7228 0.8619 0.0000
vt 0.3993 0.2876 0.0000
vt 0.3865 0.2860 0.0000
vt 0.3917 0.2755 0.0000
vt 0.4024 0.2772 0.0000
vt 0.7314 0.8795 0.0000
vt 0.7285 0.8972 0.0000
vt 0.7150 0.8895 0.0000
vt 0.7339 0.8604 0.0000
vt 0.7755 0.6893 0.0000
vt 0.7673 0.6948 0.0000
vt 0.6791 0.3446 0.0000
vt 0.6707 0.3433 0.0000
vt 0.6697 0.3344 0.0000
vt 0.6802 0.3351 0.0000
vt 0.6781 0.3544 0.0000
vt 0.6668 0.3515 0.0000
vt 0.7938 0.6794 0.0000
vt 0.7977 0.6704 0.0000
vt 0.9207 0.7051 0.0000
vt 0.9100 0.7005 0.0000
vt 0.9338 0.7089 0.0000
vt 0.8746 0.2294 0.0000
vt 0.7688 0.1606 0.0000
vt 0.7560 0.1575 0.0000
vt 0.7554 0.1434 0.0000
vt 0.7656 0.1439 0.0000
vt 0.0511 0.6236 0.0000
vt 0.0352 0.6160 0.0000
vt 0.0416 0.6066 0.0000
vt 0.0554 0.6134 0.0000
vt 0.7881 0.1628 0.0000
vt 0.7849 0.1791 0.0000
vt 0.7698 0.1739 0.0000
vt 0.7778 0.1416 0.0000
vt 0.7476 0.1536 0.0000
vt 0.7483 0.1412 0.0000
vt 0.7570 0.1698 0.0000
vt 0.7467 0.1660 0.0000
vt 0.0420 0.5388 0.0000
vt 0.0425 0.5462 0.0000
vt 0.0563 0.5347 0.0000
vt 0.0553 0.5438 0.0000
vt 0.0444 0.2573 0.0000
vt 0.0525 0.2679 0.0000
vt 0.0450 0.2677 0.0000
vt 0.3769 0.3942 0.0000
vt 0.3899 0.3981 0.0000
vt 0.3659 0.3917 0.0000
vt 0.3579 0.3904 0.0000
vt 0.3514 0.6256 0.0000
vt 0.3386 0.6249 0.0000
vt 0.3474 0.6145 0.0000
vt 0.3579 0.6164 0.0000
vt 0.3443 0.6387 0.0000
vt 0.3302 0.6401 0.0000
vt 0.1034 0.2370 0.0000
vt 0.1160 0.2445 0.0000
vt 0.0933 0.2316 0.0000
vt 0.3351 0.6101 0.0000
vt 0.3231 0.6025 0.0000
vt 0.3314 0.5961 0.0000
vt 0.3407 0.6028 0.0000
vt 0.3248 0.6203 0.0000
vt 0.3116 0.6121 0.0000
vt 0.3501 0.6067 0.0000
vt 0.3588 0.6086 0.0000
vt 0.2490 0.1675 0.0000
vt 0.2450 0.1744 0.0000
vt 0.2327 0.1707 0.0000
vt 0.2352 0.1644 0.0000
vt 0.4097 0.1962 0.0000
vt 0.4021 0.2032 0.0000
vt 0.4192 0.1923 0.0000
vt 0.3967 0.2136 0.0000
vt 0.4305 0.1922 0.0000
vt 0.4420 0.1995 0.0000
vt 0.4382 0.2047 0.0000
vt 0.3137 0.5929 0.0000
vt 0.3232 0.5880 0.0000
vt 0.7859 0.0083 0.0000
vt 0.7965 0.0079 0.0000
vt 0.7901 0.0222 0.0000
vt 0.7810 0.0220 0.0000
vt 0.4503 0.2139 0.0000
vt 0.4466 0.2170 0.0000
vt 0.4428 0.2212 0.0000
vt 0.2203 0.1631 0.0000
vt 0.2192 0.1687 0.0000
vt 0.2065 0.1688 0.0000
vt 0.2074 0.1618 0.0000
vt 0.3929 0.2251 0.0000
vt 0.3992 0.2267 0.0000
vt 0.3976 0.2358 0.0000
vt 0.3901 0.2347 0.0000
vt 0.4407 0.7548 0.0000
vt 0.4378 0.7556 0.0000
vt 0.1180 0.1394 0.0000
vt 0.1255 0.1395 0.0000
vt 0.3947 0.2987 0.0000
vt 0.3919 0.3088 0.0000
vt 0.1261 0.1283 0.0000
vt 0.1217 0.1239 0.0000
vt 0.1391 0.1625 0.0000
vt 0.5005 0.5595 0.0000
vt 0.5002 0.5506 0.0000
vt 0.5000 0.5677 0.0000
vt 0.4885 0.5497 0.0000
vt 0.4876 0.5332 0.0000
vt 0.5001 0.5408 0.0000
vt 0.4885 0.5613 0.0000
vt 0.7055 0.8767 0.0000
vt 0.3395 0.9583 0.0000
vt 0.3261 0.9591 0.0000
vt 0.3265 0.9535 0.0000
vt 0.3394 0.9523 0.0000
vt 0.7190 0.8445 0.0000
vt 0.3390 0.9471 0.0000
vt 0.3537 0.9528 0.0000
vt 0.3261 0.9484 0.0000
vt 0.1565 0.1014 0.0000
vt 0.1648 0.1057 0.0000
vt 0.1625 0.1134 0.0000
vt 0.1527 0.1109 0.0000
vt 0.1647 0.0893 0.0000
vt 0.1709 0.0969 0.0000
vt 0.7076 0.8977 0.0000
vt 0.7173 0.9043 0.0000
vt 0.3783 0.2822 0.0000
vt 0.3832 0.2736 0.0000
vt 0.3147 0.9600 0.0000
vt 0.3147 0.9549 0.0000
vt 0.1732 0.8455 0.0000
vt 0.1745 0.8372 0.0000
vt 0.1803 0.8358 0.0000
vt 0.1804 0.8463 0.0000
vt 0.1646 0.8446 0.0000
vt 0.1696 0.8327 0.0000
vt 0.1665 0.8556 0.0000
vt 0.2483 0.6031 0.0000
vt 0.2480 0.6048 0.0000
vt 0.2456 0.6039 0.0000
vt 0.2459 0.6032 0.0000
vt 0.2508 0.6030 0.0000
vt 0.2506 0.6056 0.0000
vt 0.5543 0.7504 0.0000
vt 0.5531 0.7500 0.0000
vt 0.5538 0.7473 0.0000
vt 0.5556 0.7482 0.0000
vt 0.5532 0.7526 0.0000
vt 0.5527 0.7525 0.0000
vt 0.5528 0.7554 0.0000
vt 0.5523 0.7552 0.0000
vt 0.8985 0.3382 0.0000
vt 0.8993 0.3377 0.0000
vt 0.9009 0.3398 0.0000
vt 0.8996 0.3405 0.0000
vt 0.5517 0.7554 0.0000
vt 0.5520 0.7524 0.0000
vt 0.9026 0.3421 0.0000
vt 0.9007 0.3430 0.0000
vt 0.7248 0.7952 0.0000
vt 0.7249 0.7965 0.0000
vt 0.7223 0.7973 0.0000
vt 0.7223 0.7953 0.0000
vt 0.7271 0.7951 0.0000
vt 0.7272 0.7960 0.0000
vt 0.1446 0.8238 0.0000
vt 0.1456 0.8228 0.0000
vt 0.1478 0.8242 0.0000
vt 0.1464 0.8258 0.0000
vt 0.1432 0.8216 0.0000
vt 0.1438 0.8212 0.0000
vt 0.7298 0.7951 0.0000
vt 0.7299 0.7956 0.0000
vt 0.5555 0.7405 0.0000
vt 0.5599 0.7439 0.0000
vt 0.5574 0.7459 0.0000
vt 0.5544 0.7442 0.0000
vt 0.5565 0.7355 0.0000
vt 0.5636 0.7416 0.0000
vt 0.7152 0.7920 0.0000
vt 0.7157 0.7965 0.0000
vt 0.7113 0.7973 0.0000
vt 0.7104 0.7900 0.0000
vt 0.7189 0.7929 0.0000
vt 0.7192 0.7958 0.0000
vt 0.7219 0.7938 0.0000
vt 0.7194 0.7985 0.0000
vt 0.7159 0.8001 0.0000
vt 0.1417 0.8188 0.0000
vt 0.1420 0.8185 0.0000
vt 0.7342 0.7951 0.0000
vt 0.7293 0.7947 0.0000
vt 0.7331 0.7942 0.0000
vt 0.7526 0.7929 0.0000
vt 0.7539 0.7967 0.0000
vt 0.7428 0.7955 0.0000
vt 0.7405 0.7938 0.0000
vt 0.8397 0.1099 0.0000
vt 0.8232 0.1084 0.0000
vt 0.8434 0.1155 0.0000
vt 0.8294 0.1174 0.0000
vt 0.3332 0.2405 0.0000
vt 0.3367 0.2470 0.0000
vt 0.3310 0.2497 0.0000
vt 0.3289 0.2448 0.0000
vt 0.3398 0.2353 0.0000
vt 0.3436 0.2447 0.0000
vt 0.1581 0.8381 0.0000
vt 0.1638 0.8285 0.0000
vt 0.1539 0.8342 0.0000
vt 0.1576 0.8280 0.0000
vt 0.5545 0.7271 0.0000
vt 0.5596 0.7252 0.0000
vt 0.5627 0.7329 0.0000
vt 0.5525 0.7203 0.0000
vt 0.5571 0.7182 0.0000
vt 0.7043 0.7928 0.0000
vt 0.7058 0.7992 0.0000
vt 0.6998 0.8006 0.0000
vt 0.6996 0.7947 0.0000
vt 0.2428 0.6041 0.0000
vt 0.2433 0.6034 0.0000
vt 0.7297 0.7958 0.0000
vt 0.2969 0.7335 0.0000
vt 0.3023 0.7378 0.0000
vt 0.2967 0.7378 0.0000
vt 0.2960 0.7335 0.0000
vt 0.6685 0.3019 0.0000
vt 0.6572 0.3027 0.0000
vt 0.6554 0.2952 0.0000
vt 0.6658 0.2946 0.0000
vt 0.5070 0.5270 0.0000
vt 0.5024 0.5326 0.0000
vt 0.4959 0.5229 0.0000
vt 0.5028 0.5192 0.0000
vt 0.5110 0.5324 0.0000
vt 0.5146 0.5240 0.0000
vt 0.5241 0.5201 0.0000
vt 0.0672 0.9031 0.0000
vt 0.0566 0.9050 0.0000
vt 0.0506 0.8948 0.0000
vt 0.0607 0.8923 0.0000
vt 0.6929 0.8000 0.0000
vt 0.6934 0.7952 0.0000
vt 0.5514 0.7123 0.0000
vt 0.5549 0.7112 0.0000
vt 0.1587 0.8497 0.0000
vt 0.1624 0.8569 0.0000
vt 0.3227 0.9167 0.0000
vt 0.3171 0.9128 0.0000
vt 0.3172 0.9099 0.0000
vt 0.3246 0.9135 0.0000
vt 0.5453 0.6854 0.0000
vt 0.5498 0.6850 0.0000
vt 0.5512 0.6943 0.0000
vt 0.5473 0.6949 0.0000
vt 0.5418 0.6763 0.0000
vt 0.5485 0.6766 0.0000
vt 0.3328 0.9181 0.0000
vt 0.3289 0.9215 0.0000
vt 0.1696 0.8733 0.0000
vt 0.1680 0.8642 0.0000
vt 0.3666 0.2388 0.0000
vt 0.3669 0.2427 0.0000
vt 0.3580 0.2429 0.0000
vt 0.3579 0.2384 0.0000
vt 0.3763 0.2388 0.0000
vt 0.3766 0.2434 0.0000
vt 0.1769 0.8797 0.0000
vt 0.1710 0.8831 0.0000
vt 0.5568 0.6859 0.0000
vt 0.5568 0.6941 0.0000
vt 0.5572 0.6786 0.0000
vt 0.6872 0.7965 0.0000
vt 0.6864 0.7995 0.0000
vt 0.5500 0.7040 0.0000
vt 0.5529 0.7033 0.0000
vt 0.3579 0.2457 0.0000
vt 0.3670 0.2455 0.0000
vt 0.3504 0.2434 0.0000
vt 0.3498 0.2375 0.0000
vt 0.3129 0.9218 0.0000
vt 0.3131 0.9276 0.0000
vt 0.3019 0.9269 0.0000
vt 0.3023 0.9213 0.0000
vt 0.3221 0.9222 0.0000
vt 0.3240 0.9280 0.0000
vt 0.5663 0.6824 0.0000
vt 0.5650 0.6884 0.0000
vt 0.5741 0.6876 0.0000
vt 0.5721 0.6926 0.0000
vt 0.2913 0.9266 0.0000
vt 0.2921 0.9211 0.0000
vt 0.9180 0.4049 0.0000
vt 0.9089 0.4039 0.0000
vt 0.9099 0.3972 0.0000
vt 0.9184 0.3982 0.0000
vt 0.2820 0.9269 0.0000
vt 0.2829 0.9214 0.0000
vt 0.9010 0.4020 0.0000
vt 0.9021 0.3952 0.0000
vt 0.5772 0.6985 0.0000
vt 0.5734 0.7036 0.0000
vt 0.5690 0.6984 0.0000
vt 0.9032 0.3883 0.0000
vt 0.9108 0.3902 0.0000
vt 0.8342 0.8077 0.0000
vt 0.8342 0.7964 0.0000
vt 0.8404 0.7960 0.0000
vt 0.8403 0.8074 0.0000
vt 0.8254 0.8081 0.0000
vt 0.8251 0.7972 0.0000
vt 0.8402 0.8211 0.0000
vt 0.8450 0.8074 0.0000
vt 0.8444 0.8214 0.0000
vt 0.8453 0.7959 0.0000
vt 0.6614 0.0712 0.0000
vt 0.6617 0.0661 0.0000
vt 0.6744 0.0715 0.0000
vt 0.6736 0.0765 0.0000
vt 0.6514 0.0670 0.0000
vt 0.6515 0.0617 0.0000
vt 0.8398 0.7863 0.0000
vt 0.8446 0.7863 0.0000
vt 0.8335 0.7869 0.0000
vt 0.0063 0.6620 0.0000
vt 0.0084 0.6715 0.0000
vt 0.0027 0.6734 0.0000
vt 0.0005 0.6640 0.0000
vt 0.6437 0.0578 0.0000
vt 0.6445 0.0527 0.0000
vt 0.6522 0.0559 0.0000
vt 0.6627 0.0600 0.0000
vt 0.6454 0.0476 0.0000
vt 0.6533 0.0501 0.0000
vt 0.6641 0.0533 0.0000
vt 0.6543 0.0443 0.0000
vt 0.6654 0.0467 0.0000
vt 0.6468 0.0429 0.0000
vt 0.6557 0.0391 0.0000
vt 0.6666 0.0409 0.0000
vt 0.6482 0.0383 0.0000
vt 0.0104 0.6797 0.0000
vt 0.0051 0.6814 0.0000
vt 0.8382 0.7782 0.0000
vt 0.8429 0.7783 0.0000
vt 0.6375 0.0544 0.0000
vt 0.6385 0.0499 0.0000
vt 0.6397 0.0457 0.0000
vt 0.6414 0.0418 0.0000
vt 0.0818 0.4368 0.0000
vt 0.0854 0.4313 0.0000
vt 0.0893 0.4335 0.0000
vt 0.0866 0.4390 0.0000
vt 0.0945 0.4343 0.0000
vt 0.0928 0.4404 0.0000
vt 0.0901 0.4479 0.0000
vt 0.0833 0.4464 0.0000
vt 0.3610 0.6768 0.0000
vt 0.3649 0.6725 0.0000
vt 0.2639 0.3306 0.0000
vt 0.2622 0.3354 0.0000
vt 0.2580 0.3341 0.0000
vt 0.2592 0.3292 0.0000
vt 0.0124 0.6864 0.0000
vt 0.0077 0.6879 0.0000
vt 0.2542 0.3338 0.0000
vt 0.2548 0.3289 0.0000
vt 0.2506 0.3342 0.0000
vt 0.2507 0.3299 0.0000
vt 0.0893 0.4272 0.0000
vt 0.0911 0.4298 0.0000
vt 0.2601 0.3402 0.0000
vt 0.2565 0.3392 0.0000
vt 0.2529 0.3388 0.0000
vt 0.2493 0.3388 0.0000
vt 0.1709 0.1081 0.0000
vt 0.1718 0.1134 0.0000
vt 0.3049 0.9619 0.0000
vt 0.2961 0.9651 0.0000
vt 0.2941 0.9616 0.0000
vt 0.3041 0.9576 0.0000
vt 0.3029 0.9528 0.0000
vt 0.3140 0.9501 0.0000
vt 0.2610 0.6087 0.0000
vt 0.2570 0.6074 0.0000
vt 0.2568 0.6007 0.0000
vt 0.2607 0.6009 0.0000
vt 0.1508 0.8311 0.0000
vt 0.1535 0.8270 0.0000
vt 0.2671 0.5999 0.0000
vt 0.2666 0.6107 0.0000
vt 0.3596 0.0565 0.0000
vt 0.3506 0.0581 0.0000
vt 0.3500 0.0485 0.0000
vt 0.3587 0.0470 0.0000
vt 0.3141 0.8412 0.0000
vt 0.3257 0.7018 0.0000
vt 0.3280 0.6936 0.0000
vt 0.3313 0.6842 0.0000
vt 0.3402 0.6878 0.0000
vt 0.3484 0.6891 0.0000
vt 0.3366 0.6745 0.0000
vt 0.3421 0.6811 0.0000
vt 0.3479 0.6798 0.0000
vt 0.2954 0.8776 0.0000
vt 0.2970 0.8721 0.0000
vt 0.1874 0.8467 0.0000
vt 0.1882 0.8322 0.0000
vt 0.7586 0.0504 0.0000
vt 0.7474 0.0630 0.0000
vt 0.7469 0.0515 0.0000
vt 0.7456 0.0442 0.0000
vt 0.7561 0.0436 0.0000
vt 0.7674 0.0413 0.0000
vt 0.4209 0.7746 0.0000
vt 0.4129 0.7687 0.0000
vt 0.4148 0.7637 0.0000
vt 0.4221 0.7691 0.0000
vt 0.4299 0.7731 0.0000
vt 0.4302 0.7796 0.0000
vt 0.7349 0.0615 0.0000
vt 0.7355 0.0513 0.0000
vt 0.7350 0.0446 0.0000
vt 0.4057 0.7616 0.0000
vt 0.4078 0.7570 0.0000
vt 0.4642 0.6720 0.0000
vt 0.4793 0.6751 0.0000
vt 0.4645 0.6653 0.0000
vt 0.4788 0.6669 0.0000
vt 0.4900 0.6685 0.0000
vt 0.8757 0.0688 0.0000
vt 0.8828 0.0656 0.0000
vt 0.1760 0.8280 0.0000
vt 0.1700 0.8211 0.0000
vt 0.1737 0.8157 0.0000
vt 0.1812 0.8224 0.0000
vt 0.4989 0.6643 0.0000
vt 0.3938 0.9320 0.0000
vt 0.3797 0.9307 0.0000
vt 0.3840 0.9267 0.0000
vt 0.4896 0.6629 0.0000
vt 0.4785 0.6622 0.0000
vt 0.2664 0.3467 0.0000
vt 0.2677 0.3522 0.0000
vt 0.2630 0.3549 0.0000
vt 0.2624 0.3495 0.0000
vt 0.8335 0.7673 0.0000
vt 0.8361 0.7718 0.0000
vt 0.8294 0.7734 0.0000
vt 0.8268 0.7694 0.0000
vt 0.2637 0.3423 0.0000
vt 0.2661 0.3382 0.0000
vt 0.2694 0.3427 0.0000
vt 0.2616 0.3456 0.0000
vt 0.8320 0.7791 0.0000
vt 0.8245 0.7886 0.0000
vt 0.8230 0.7821 0.0000
vt 0.8205 0.7774 0.0000
vt 0.8179 0.7747 0.0000
vt 0.8111 0.8084 0.0000
vt 0.8103 0.7984 0.0000
vt 0.8099 0.7917 0.0000
vt 0.8087 0.7871 0.0000
vt 0.8065 0.7838 0.0000
vt 0.0204 0.0084 0.0000
vt 0.0289 0.0212 0.0000
vt 0.0256 0.0249 0.0000
vt 0.0165 0.0122 0.0000
vt 0.7914 0.8118 0.0000
vt 0.7882 0.8035 0.0000
vt 0.7968 0.8249 0.0000
vt 0.7872 0.7981 0.0000
vt 0.7859 0.7945 0.0000
vt 0.7841 0.7918 0.0000
vt 0.7675 0.8155 0.0000
vt 0.7625 0.8103 0.0000
vt 0.7755 0.8218 0.0000
vt 0.7597 0.8049 0.0000
vt 0.7584 0.8015 0.0000
vt 0.7455 0.8273 0.0000
vt 0.7406 0.8170 0.0000
vt 0.7572 0.8299 0.0000
vt 0.7411 0.8497 0.0000
vt 0.7338 0.8358 0.0000
vt 0.7477 0.8437 0.0000
vt 0.7265 0.8413 0.0000
vt 0.7475 0.8577 0.0000
vt 0.7433 0.8664 0.0000
vt 0.7518 0.8528 0.0000
vt 0.1272 0.1158 0.0000
vt 0.1320 0.1118 0.0000
vt 0.7409 0.8802 0.0000
vt 0.7211 0.8288 0.0000
vt 0.7287 0.8245 0.0000
vt 0.7153 0.8324 0.0000
vt 0.8046 0.8552 0.0000
vt 0.8112 0.8549 0.0000
vt 0.8112 0.8659 0.0000
vt 0.7980 0.8571 0.0000
vt 0.7925 0.8441 0.0000
vt 0.8014 0.8407 0.0000
vt 0.7846 0.8313 0.0000
vt 0.7923 0.8604 0.0000
vt 0.7860 0.8493 0.0000
vt 0.7880 0.8644 0.0000
vt 0.7816 0.8553 0.0000
vt 0.0299 0.5841 0.0000
vt 0.0337 0.5810 0.0000
vt 0.0396 0.5848 0.0000
vt 0.0355 0.5915 0.0000
vt 0.4600 0.2908 0.0000
vt 0.4568 0.2834 0.0000
vt 0.4613 0.2799 0.0000
vt 0.4647 0.2876 0.0000
vt 0.7270 0.8186 0.0000
vt 0.7188 0.8230 0.0000
vt 0.7391 0.8116 0.0000
vt 0.4696 0.2984 0.0000
vt 0.4652 0.3015 0.0000
vt 0.4039 0.9689 0.0000
vt 0.3974 0.9648 0.0000
vt 0.4012 0.9604 0.0000
vt 0.4085 0.9647 0.0000
vt 0.4178 0.9703 0.0000
vt 0.4131 0.9749 0.0000
vt 0.4122 0.9592 0.0000
vt 0.4221 0.9645 0.0000
vt 0.4535 0.2775 0.0000
vt 0.4571 0.2734 0.0000
vt 0.3909 0.9608 0.0000
vt 0.3939 0.9566 0.0000
vt 0.0483 0.5899 0.0000
vt 0.0439 0.5989 0.0000
vt 0.0568 0.5942 0.0000
vt 0.0529 0.6045 0.0000
vt 0.7742 0.8480 0.0000
vt 0.7780 0.8397 0.0000
vt 0.7680 0.8335 0.0000
vt 0.7656 0.8434 0.0000
vt 0.7563 0.8421 0.0000
vt 0.9210 0.0368 0.0000
vt 0.9289 0.0323 0.0000
vt 0.9341 0.0386 0.0000
vt 0.9263 0.0436 0.0000
vt 0.9175 0.0302 0.0000
vt 0.9256 0.0259 0.0000
vt 0.9134 0.0412 0.0000
vt 0.9097 0.0344 0.0000
vt 0.9191 0.0484 0.0000
vt 0.9075 0.0440 0.0000
vt 0.9039 0.0377 0.0000
vt 0.0698 0.8103 0.0000
vt 0.0622 0.8114 0.0000
vt 0.0594 0.8035 0.0000
vt 0.0665 0.8027 0.0000
vt 0.9338 0.0510 0.0000
vt 0.9268 0.0563 0.0000
vt 0.9411 0.0456 0.0000
vt 0.2536 0.3570 0.0000
vt 0.2586 0.3659 0.0000
vt 0.2500 0.3668 0.0000
vt 0.2454 0.3581 0.0000
vt 0.9422 0.0581 0.0000
vt 0.9355 0.0640 0.0000
vt 0.9493 0.0523 0.0000
vt 0.2633 0.3765 0.0000
vt 0.2541 0.3771 0.0000
vt 0.9199 0.0586 0.0000
vt 0.9279 0.0661 0.0000
vt 0.9195 0.0693 0.0000
vt 0.9117 0.0622 0.0000
vt 0.9047 0.0547 0.0000
vt 0.9126 0.0508 0.0000
vt 0.2551 0.0357 0.0000
vt 0.2544 0.0264 0.0000
vt 0.2446 0.0390 0.0000
vt 0.2440 0.0299 0.0000
vt 0.9569 0.0577 0.0000
vt 0.9499 0.0637 0.0000
vt 0.9431 0.0708 0.0000
vt 0.2664 0.3870 0.0000
vt 0.2571 0.3869 0.0000
vt 0.2477 0.3862 0.0000
vt 0.2452 0.3765 0.0000
vt 0.9121 0.0756 0.0000
vt 0.9039 0.0678 0.0000
vt 0.9264 0.0749 0.0000
vt 0.9195 0.0816 0.0000
vt 0.0343 0.8378 0.0000
vt 0.0256 0.8411 0.0000
vt 0.0223 0.8311 0.0000
vt 0.0314 0.8281 0.0000
vt 0.9565 0.0672 0.0000
vt 0.9502 0.0755 0.0000
vt 0.2996 0.8395 0.0000
vt 0.9323 0.0219 0.0000
vt 0.9358 0.0285 0.0000
vt 0.9231 0.0195 0.0000
vt 0.9300 0.0152 0.0000
vt 0.9152 0.0237 0.0000
vt 0.9078 0.0276 0.0000
vt 0.9411 0.0356 0.0000
vt 0.2358 0.0426 0.0000
vt 0.2355 0.0341 0.0000
vt 0.7125 0.8272 0.0000
vt 0.3876 0.9643 0.0000
vt 0.3713 0.9409 0.0000
vt 0.3754 0.9356 0.0000
vt 0.3738 0.1354 0.0000
vt 0.3734 0.1376 0.0000
vt 0.3725 0.1374 0.0000
vt 0.3732 0.1353 0.0000
vt 0.3744 0.1353 0.0000
vt 0.3740 0.1375 0.0000
vt 0.3738 0.1342 0.0000
vt 0.3742 0.1342 0.0000
vt 0.3733 0.1342 0.0000
vt 0.3742 0.1336 0.0000
vt 0.3737 0.1337 0.0000
vt 0.3747 0.1333 0.0000
vt 0.3748 0.1337 0.0000
vt 0.2387 0.4040 0.0000
vt 0.2387 0.4043 0.0000
vt 0.2381 0.4042 0.0000
vt 0.2382 0.4040 0.0000
vt 0.3748 0.1342 0.0000
vt 0.3748 0.1353 0.0000
vt 0.8989 0.5781 0.0000
vt 0.8985 0.5783 0.0000
vt 0.8981 0.5786 0.0000
vt 0.4054 0.4340 0.0000
vt 0.3946 0.4230 0.0000
vt 0.4045 0.4048 0.0000
vt 0.4184 0.4158 0.0000
vt 0.4160 0.4409 0.0000
vt 0.4048 0.4604 0.0000
vt 0.4286 0.4243 0.0000
vt 0.2396 0.1471 0.0000
vt 0.2254 0.1501 0.0000
vt 0.2193 0.1437 0.0000
vt 0.2582 0.1465 0.0000
vt 0.8687 0.5818 0.0000
vt 0.8693 0.5818 0.0000
vt 0.8691 0.5847 0.0000
vt 0.8684 0.5846 0.0000
vt 0.8692 0.5797 0.0000
vt 0.8695 0.5796 0.0000
vt 0.3831 0.1732 0.0000
vt 0.3830 0.1726 0.0000
vt 0.3848 0.1729 0.0000
vt 0.3850 0.1733 0.0000
vt 0.3023 0.0733 0.0000
vt 0.3052 0.0737 0.0000
vt 0.3051 0.0745 0.0000
vt 0.3023 0.0739 0.0000
vt 0.8687 0.5881 0.0000
vt 0.8680 0.5879 0.0000
vt 0.3086 0.0741 0.0000
vt 0.3085 0.0751 0.0000
vt 0.8689 0.5915 0.0000
vt 0.8680 0.5915 0.0000
vt 0.3122 0.0746 0.0000
vt 0.3121 0.0756 0.0000
vt 0.8691 0.5952 0.0000
vt 0.8681 0.5952 0.0000
vt 0.3160 0.0749 0.0000
vt 0.3159 0.0760 0.0000
vt 0.3197 0.0753 0.0000
vt 0.3196 0.0764 0.0000
vt 0.8692 0.5989 0.0000
vt 0.8684 0.5988 0.0000
vt 0.3235 0.0756 0.0000
vt 0.3233 0.0767 0.0000
vt 0.8696 0.6025 0.0000
vt 0.8686 0.6026 0.0000
vt 0.3272 0.0760 0.0000
vt 0.3272 0.0772 0.0000
vt 0.8699 0.6063 0.0000
vt 0.8690 0.6062 0.0000
vt 0.3311 0.0760 0.0000
vt 0.3311 0.0774 0.0000
vt 0.8702 0.6101 0.0000
vt 0.8689 0.6102 0.0000
vt 0.3352 0.0759 0.0000
vt 0.3353 0.0773 0.0000
vt 0.8707 0.6141 0.0000
vt 0.8693 0.6142 0.0000
vt 0.3393 0.0757 0.0000
vt 0.3394 0.0771 0.0000
vt 0.8713 0.6182 0.0000
vt 0.8699 0.6183 0.0000
vt 0.3433 0.0756 0.0000
vt 0.3435 0.0769 0.0000
vt 0.8719 0.6222 0.0000
vt 0.8705 0.6224 0.0000
vt 0.3474 0.0750 0.0000
vt 0.3476 0.0764 0.0000
vt 0.8724 0.6263 0.0000
vt 0.8712 0.6265 0.0000
vt 0.3515 0.0742 0.0000
vt 0.3518 0.0757 0.0000
vt 0.8729 0.6305 0.0000
vt 0.8715 0.6306 0.0000
vt 0.3556 0.0735 0.0000
vt 0.3559 0.0748 0.0000
vt 0.8732 0.6347 0.0000
vt 0.8718 0.6348 0.0000
vt 0.5320 0.2646 0.0000
vt 0.5353 0.2639 0.0000
vt 0.5360 0.2652 0.0000
vt 0.5325 0.2658 0.0000
vt 0.8732 0.6388 0.0000
vt 0.8717 0.6389 0.0000
vt 0.5385 0.2632 0.0000
vt 0.5394 0.2644 0.0000
vt 0.8729 0.6427 0.0000
vt 0.8717 0.6430 0.0000
vt 0.5419 0.2615 0.0000
vt 0.5429 0.2627 0.0000
vt 0.5376 0.2623 0.0000
vt 0.5409 0.2604 0.0000
vt 0.5455 0.2595 0.0000
vt 0.5465 0.2607 0.0000
vt 0.5443 0.2583 0.0000
vt 0.5490 0.2568 0.0000
vt 0.5502 0.2582 0.0000
vt 0.5478 0.2555 0.0000
vt 0.5526 0.2537 0.0000
vt 0.5539 0.2551 0.0000
vt 0.5514 0.2524 0.0000
vt 0.5564 0.2503 0.0000
vt 0.5576 0.2517 0.0000
vt 0.5551 0.2489 0.0000
vt 0.5603 0.2467 0.0000
vt 0.5617 0.2483 0.0000
vt 0.5590 0.2453 0.0000
vt 0.8721 0.6463 0.0000
vt 0.8710 0.6498 0.0000
vt 0.8694 0.6529 0.0000
vt 0.8673 0.6559 0.0000
vt 0.3737 0.1456 0.0000
vt 0.3689 0.1438 0.0000
vt 0.3632 0.1440 0.0000
vt 0.3639 0.1420 0.0000
vt 0.3587 0.1401 0.0000
vt 0.5630 0.2414 0.0000
vt 0.5643 0.2430 0.0000
vt 0.3534 0.1381 0.0000
vt 0.5671 0.2375 0.0000
vt 0.5683 0.2390 0.0000
vt 0.8826 0.5791 0.0000
vt 0.8851 0.5781 0.0000
vt 0.8875 0.5835 0.0000
vt 0.8847 0.5846 0.0000
vt 0.8821 0.5856 0.0000
vt 0.8802 0.5800 0.0000
vt 0.8893 0.5893 0.0000
vt 0.8867 0.5903 0.0000
vt 0.8841 0.5912 0.0000
vt 0.3426 0.1333 0.0000
vt 0.3371 0.1307 0.0000
vt 0.8886 0.5961 0.0000
vt 0.8861 0.5968 0.0000
vt 0.3304 0.1298 0.0000
vt 0.3316 0.1278 0.0000
vt 0.5799 0.2251 0.0000
vt 0.5843 0.2209 0.0000
vt 0.5857 0.2229 0.0000
vt 0.5808 0.2265 0.0000
vt 0.3247 0.1268 0.0000
vt 0.3260 0.1252 0.0000
vt 0.5894 0.2172 0.0000
vt 0.5903 0.2191 0.0000
vt 0.8917 0.6081 0.0000
vt 0.8945 0.6076 0.0000
vt 0.8955 0.6141 0.0000
vt 0.8926 0.6145 0.0000
vt 0.8898 0.6148 0.0000
vt 0.8890 0.6086 0.0000
vt 0.3206 0.1220 0.0000
vt 0.3191 0.1235 0.0000
vt 0.3136 0.1200 0.0000
vt 0.3153 0.1184 0.0000
vt 0.8931 0.6210 0.0000
vt 0.8901 0.6211 0.0000
vt 0.3083 0.1161 0.0000
vt 0.3103 0.1146 0.0000
vt 0.8931 0.6275 0.0000
vt 0.8901 0.6274 0.0000
vt 0.3028 0.2417 0.0000
vt 0.3059 0.2417 0.0000
vt 0.3060 0.2465 0.0000
vt 0.3027 0.2464 0.0000
vt 0.6045 0.2068 0.0000
vt 0.6097 0.2041 0.0000
vt 0.6101 0.2070 0.0000
vt 0.6051 0.2094 0.0000
vt 0.3054 0.2518 0.0000
vt 0.3019 0.2513 0.0000
vt 0.6152 0.2021 0.0000
vt 0.6151 0.2051 0.0000
vt 0.3041 0.2570 0.0000
vt 0.3004 0.2563 0.0000
vt 0.2971 0.2558 0.0000
vt 0.2986 0.2514 0.0000
vt 0.3017 0.2620 0.0000
vt 0.2982 0.2608 0.0000
vt 0.8893 0.6468 0.0000
vt 0.8865 0.6532 0.0000
vt 0.8833 0.6517 0.0000
vt 0.8861 0.6457 0.0000
vt 0.2990 0.2671 0.0000
vt 0.2955 0.2657 0.0000
vt 0.8833 0.6596 0.0000
vt 0.8800 0.6577 0.0000
vt 0.2957 0.2725 0.0000
vt 0.2922 0.2708 0.0000
vt 0.2890 0.2701 0.0000
vt 0.2920 0.2649 0.0000
vt 0.2917 0.2779 0.0000
vt 0.2884 0.2760 0.0000
vt 0.6367 0.1984 0.0000
vt 0.6423 0.1989 0.0000
vt 0.6412 0.2025 0.0000
vt 0.6357 0.2018 0.0000
vt 0.7428 0.2986 0.0000
vt 0.7374 0.2933 0.0000
vt 0.6481 0.2001 0.0000
vt 0.6467 0.2036 0.0000
vt 0.2840 0.2814 0.0000
vt 0.2873 0.2835 0.0000
vt 0.2825 0.2892 0.0000
vt 0.2794 0.2872 0.0000
vt 0.6541 0.2020 0.0000
vt 0.6523 0.2053 0.0000
vt 0.6600 0.2046 0.0000
vt 0.6580 0.2078 0.0000
vt 0.6563 0.1991 0.0000
vt 0.6623 0.2017 0.0000
vt 0.6659 0.2078 0.0000
vt 0.6637 0.2111 0.0000
vt 0.6683 0.2050 0.0000
vt 0.6717 0.2116 0.0000
vt 0.6695 0.2150 0.0000
vt 0.6774 0.2159 0.0000
vt 0.6752 0.2193 0.0000
vt 0.6833 0.2205 0.0000
vt 0.6808 0.2238 0.0000
vt 0.6860 0.2177 0.0000
vt 0.6890 0.2252 0.0000
vt 0.6862 0.2287 0.0000
vt 0.6947 0.2300 0.0000
vt 0.6916 0.2337 0.0000
vt 0.7004 0.2351 0.0000
vt 0.6972 0.2389 0.0000
vt 0.7064 0.2402 0.0000
vt 0.7030 0.2443 0.0000
vt 0.7125 0.2457 0.0000
vt 0.7091 0.2499 0.0000
vt 0.7189 0.2511 0.0000
vt 0.7156 0.2555 0.0000
vt 0.7258 0.2564 0.0000
vt 0.7224 0.2610 0.0000
vt 0.7330 0.2616 0.0000
vt 0.7296 0.2663 0.0000
vt 0.7403 0.2667 0.0000
vt 0.7371 0.2715 0.0000
vt 0.7479 0.2718 0.0000
vt 0.7447 0.2767 0.0000
vt 0.7556 0.2770 0.0000
vt 0.7526 0.2819 0.0000
vt 0.7636 0.2820 0.0000
vt 0.7606 0.2871 0.0000
vt 0.7717 0.2869 0.0000
vt 0.7688 0.2922 0.0000
vt 0.7798 0.2918 0.0000
vt 0.7883 0.2966 0.0000
vt 0.7975 0.3011 0.0000
vt 0.8068 0.3055 0.0000
vt 0.8159 0.3094 0.0000
vt 0.8257 0.3062 0.0000
vt 0.8245 0.3130 0.0000
vt 0.8344 0.3095 0.0000
vt 0.8335 0.3165 0.0000
vt 0.8434 0.3122 0.0000
vt 0.8432 0.3198 0.0000
vt 0.8509 0.3217 0.0000
vt 0.8597 0.3235 0.0000
vt 0.8678 0.3166 0.0000
vt 0.8679 0.3252 0.0000
vt 0.7546 0.6270 0.0000
vt 0.7536 0.6344 0.0000
vt 0.8791 0.7975 0.0000
vt 0.8679 0.7973 0.0000
vt 0.8720 0.7923 0.0000
vt 0.8644 0.8032 0.0000
vt 0.8619 0.8097 0.0000
vt 0.8600 0.8167 0.0000
vt 0.8591 0.8232 0.0000
vt 0.8585 0.8297 0.0000
vt 0.8576 0.8364 0.0000
vt 0.8564 0.8444 0.0000
vt 0.8567 0.8536 0.0000
vt 0.8567 0.8617 0.0000
vt 0.8586 0.8714 0.0000
vt 0.8606 0.8800 0.0000
vt 0.8620 0.8873 0.0000
vt 0.8637 0.8951 0.0000
vt 0.8654 0.9021 0.0000
vt 0.5990 0.1856 0.0000
vt 0.5945 0.1925 0.0000
vt 0.5846 0.1884 0.0000
vt 0.5897 0.1819 0.0000
vt 0.0784 0.1002 0.0000
vt 0.0801 0.1081 0.0000
vt 0.0775 0.0934 0.0000
vt 0.6344 0.3885 0.0000
vt 0.6274 0.3947 0.0000
vt 0.4961 0.9303 0.0000
vt 0.4954 0.9235 0.0000
vt 0.5080 0.9222 0.0000
vt 0.5087 0.9294 0.0000
vt 0.4950 0.9178 0.0000
vt 0.5078 0.9171 0.0000
vt 0.6497 0.3732 0.0000
vt 0.6442 0.3767 0.0000
vt 0.5611 0.2208 0.0000
vt 0.5566 0.2279 0.0000
vt 0.5487 0.2214 0.0000
vt 0.5531 0.2156 0.0000
vt 0.6497 0.3582 0.0000
vt 0.6579 0.3542 0.0000
vt 0.6630 0.3667 0.0000
vt 0.6561 0.3701 0.0000
vt 0.7522 0.6971 0.0000
vt 0.7454 0.6931 0.0000
vt 0.4100 0.3901 0.0000
vt 0.4278 0.4046 0.0000
vt 0.3949 0.7377 0.0000
vt 0.4015 0.7484 0.0000
vt 0.3992 0.7527 0.0000
vt 0.3924 0.7420 0.0000
vt 0.3985 0.7338 0.0000
vt 0.4043 0.7446 0.0000
vt 0.3881 0.7240 0.0000
vt 0.3940 0.7193 0.0000
vt 0.3848 0.7292 0.0000
vt 0.3771 0.7142 0.0000
vt 0.3818 0.7075 0.0000
vt 0.3941 0.6990 0.0000
vt 0.7530 0.5200 0.0000
vt 0.7634 0.5230 0.0000
vt 0.7732 0.5271 0.0000
vt 0.7824 0.5305 0.0000
vt 0.5888 0.9515 0.0000
vt 0.5997 0.9442 0.0000
vt 0.4462 0.5867 0.0000
vt 0.4444 0.5795 0.0000
vt 0.4594 0.5755 0.0000
vt 0.4598 0.5834 0.0000
vt 0.4741 0.5729 0.0000
vt 0.4736 0.5804 0.0000
vt 0.6259 0.9310 0.0000
vt 0.6391 0.9276 0.0000
vt 0.6397 0.9380 0.0000
vt 0.4865 0.5778 0.0000
vt 0.4876 0.5702 0.0000
vt 0.4989 0.5752 0.0000
vt 0.5111 0.5733 0.0000
vt 0.7899 0.5250 0.0000
vt 0.7978 0.5320 0.0000
vt 0.3334 0.4496 0.0000
vt 0.3360 0.4599 0.0000
vt 0.3389 0.4714 0.0000
vt 0.4052 0.5860 0.0000
vt 0.4023 0.5776 0.0000
vt 0.4158 0.5753 0.0000
vt 0.4175 0.5838 0.0000
vt 0.4291 0.5732 0.0000
vt 0.4306 0.5817 0.0000
vt 0.4437 0.5705 0.0000
vt 0.4595 0.5666 0.0000
vt 0.4749 0.5639 0.0000
vt 0.3869 0.6317 0.0000
vt 0.3826 0.6234 0.0000
vt 0.3793 0.6388 0.0000
vt 0.3747 0.6303 0.0000
vt 0.3718 0.6460 0.0000
vt 0.3670 0.6374 0.0000
vt 0.3643 0.6533 0.0000
vt 0.3592 0.6447 0.0000
vt 0.3725 0.5809 0.0000
vt 0.3716 0.5711 0.0000
vt 0.3806 0.5704 0.0000
vt 0.3817 0.5800 0.0000
vt 0.3907 0.5695 0.0000
vt 0.3916 0.5786 0.0000
vt 0.4018 0.5681 0.0000
vt 0.4158 0.5662 0.0000
vt 0.4289 0.5635 0.0000
vt 0.4158 0.6208 0.0000
vt 0.4076 0.6262 0.0000
vt 0.4651 0.6317 0.0000
vt 0.4563 0.6315 0.0000
vt 0.4554 0.6238 0.0000
vt 0.4642 0.6238 0.0000
vt 0.3999 0.6320 0.0000
vt 0.3925 0.6388 0.0000
vt 0.3852 0.6458 0.0000
vt 0.9455 0.4721 0.0000
vt 0.2973 0.7572 0.0000
vt 0.3072 0.7575 0.0000
vt 0.3086 0.7632 0.0000
vt 0.2985 0.7639 0.0000
vt 0.3107 0.7697 0.0000
vt 0.3006 0.7710 0.0000
vt 0.9270 0.4574 0.0000
vt 0.3062 0.6505 0.0000
vt 0.3003 0.6623 0.0000
vt 0.2841 0.6485 0.0000
vt 0.2899 0.6388 0.0000
vt 0.3259 0.6605 0.0000
vt 0.3170 0.6779 0.0000
vt 0.3143 0.6347 0.0000
vt 0.2992 0.6253 0.0000
vt 0.2710 0.6385 0.0000
vt 0.2776 0.6288 0.0000
vt 0.2878 0.6153 0.0000
vt 0.2626 0.6329 0.0000
vt 0.2695 0.6224 0.0000
vt 0.2795 0.6084 0.0000
vt 0.8301 0.0143 0.0000
vt 0.8277 0.0256 0.0000
vt 0.8116 0.0111 0.0000
vt 0.3011 0.6021 0.0000
vt 0.8447 0.0281 0.0000
vt 0.8446 0.0393 0.0000
vt 0.8288 0.0394 0.0000
vt 0.8568 0.0306 0.0000
vt 0.8566 0.0404 0.0000
vt 0.4805 0.9300 0.0000
vt 0.4803 0.9260 0.0000
vt 0.4800 0.9216 0.0000
vt 0.8154 0.8661 0.0000
vt 0.8130 0.8742 0.0000
vt 0.4720 0.9288 0.0000
vt 0.4712 0.9241 0.0000
vt 0.8162 0.8555 0.0000
vt 0.1583 0.8060 0.0000
vt 0.1611 0.7996 0.0000
vt 0.1697 0.8033 0.0000
vt 0.1665 0.8102 0.0000
vt 0.1485 0.8041 0.0000
vt 0.1511 0.7972 0.0000
vt 0.0011 0.7265 0.0000
vt 0.0005 0.7207 0.0000
vt 0.0104 0.7185 0.0000
vt 0.0098 0.7262 0.0000
vt 0.3562 0.0961 0.0000
vt 0.3654 0.0957 0.0000
vt 0.3658 0.1014 0.0000
vt 0.3566 0.1012 0.0000
vt 0.7778 0.1190 0.0000
vt 0.7690 0.1247 0.0000
vt 0.7889 0.1131 0.0000
vt 0.8005 0.1286 0.0000
vt 0.7892 0.1357 0.0000
vt 0.1786 0.0788 0.0000
vt 0.1814 0.0903 0.0000
vt 0.3834 0.1706 0.0000
vt 0.3809 0.1694 0.0000
vt 0.3814 0.1686 0.0000
vt 0.3837 0.1701 0.0000
vt 0.3831 0.1713 0.0000
vt 0.3806 0.1703 0.0000
vt 0.3849 0.1716 0.0000
vt 0.3845 0.1719 0.0000
vt 0.3852 0.1712 0.0000
vt 0.6389 0.8827 0.0000
vt 0.6367 0.8815 0.0000
vt 0.6372 0.8809 0.0000
vt 0.6393 0.8824 0.0000
vt 0.3842 0.1696 0.0000
vt 0.3856 0.1707 0.0000
vt 0.6378 0.8801 0.0000
vt 0.6398 0.8818 0.0000
vt 0.6411 0.8831 0.0000
vt 0.6407 0.8834 0.0000
vt 0.6382 0.8793 0.0000
vt 0.6401 0.8812 0.0000
vt 0.6415 0.8827 0.0000
vt 0.6387 0.8785 0.0000
vt 0.6404 0.8806 0.0000
vt 0.6419 0.8822 0.0000
vt 0.9661 0.1616 0.0000
vt 0.9663 0.1591 0.0000
vt 0.9674 0.1592 0.0000
vt 0.9668 0.1615 0.0000
vt 0.6406 0.8801 0.0000
vt 0.6421 0.8815 0.0000
vt 0.3782 0.1683 0.0000
vt 0.3787 0.1674 0.0000
vt 0.3779 0.1693 0.0000
vt 0.6340 0.8795 0.0000
vt 0.6347 0.8787 0.0000
vt 0.6353 0.8778 0.0000
vt 0.6359 0.8769 0.0000
vt 0.6363 0.8760 0.0000
vt 0.5188 0.8608 0.0000
vt 0.5221 0.8595 0.0000
vt 0.5225 0.8605 0.0000
vt 0.5193 0.8617 0.0000
vt 0.3754 0.1672 0.0000
vt 0.3759 0.1663 0.0000
vt 0.3749 0.1681 0.0000
vt 0.6315 0.8770 0.0000
vt 0.6321 0.8762 0.0000
vt 0.6328 0.8753 0.0000
vt 0.6334 0.8744 0.0000
vt 0.6339 0.8735 0.0000
vt 0.6344 0.8727 0.0000
vt 0.6369 0.8752 0.0000
vt 0.3726 0.1660 0.0000
vt 0.3732 0.1651 0.0000
vt 0.3722 0.1670 0.0000
vt 0.6289 0.8745 0.0000
vt 0.6296 0.8737 0.0000
vt 0.6303 0.8728 0.0000
vt 0.6310 0.8718 0.0000
vt 0.6315 0.8709 0.0000
vt 0.6319 0.8702 0.0000
vt 0.6890 0.1096 0.0000
vt 0.6863 0.1068 0.0000
vt 0.6870 0.1059 0.0000
vt 0.6897 0.1087 0.0000
vt 0.3695 0.1659 0.0000
vt 0.3698 0.1648 0.0000
vt 0.6263 0.8718 0.0000
vt 0.6271 0.8710 0.0000
vt 0.6278 0.8701 0.0000
vt 0.6284 0.8692 0.0000
vt 0.6291 0.8682 0.0000
vt 0.5288 0.8566 0.0000
vt 0.5323 0.8552 0.0000
vt 0.5327 0.8562 0.0000
vt 0.5293 0.8577 0.0000
vt 0.6838 0.1038 0.0000
vt 0.6844 0.1030 0.0000
vt 0.3670 0.1648 0.0000
vt 0.3672 0.1637 0.0000
vt 0.6237 0.8691 0.0000
vt 0.6245 0.8682 0.0000
vt 0.6252 0.8673 0.0000
vt 0.6260 0.8664 0.0000
vt 0.6265 0.8656 0.0000
vt 0.5359 0.8537 0.0000
vt 0.5363 0.8549 0.0000
vt 0.3642 0.1625 0.0000
vt 0.3648 0.1616 0.0000
vt 0.3676 0.1629 0.0000
vt 0.3637 0.1636 0.0000
vt 0.6211 0.8664 0.0000
vt 0.6219 0.8655 0.0000
vt 0.6228 0.8645 0.0000
vt 0.6236 0.8635 0.0000
vt 0.6243 0.8625 0.0000
vt 0.3053 0.7411 0.0000
vt 0.3022 0.7419 0.0000
vt 0.3018 0.7407 0.0000
vt 0.3048 0.7401 0.0000
vt 0.6809 0.1010 0.0000
vt 0.6779 0.0981 0.0000
vt 0.6788 0.0970 0.0000
vt 0.6817 0.1000 0.0000
vt 0.3604 0.1626 0.0000
vt 0.3612 0.1616 0.0000
vt 0.6184 0.8633 0.0000
vt 0.6192 0.8626 0.0000
vt 0.6201 0.8615 0.0000
vt 0.6210 0.8604 0.0000
vt 0.6218 0.8594 0.0000
vt 0.2991 0.7424 0.0000
vt 0.2988 0.7411 0.0000
vt 0.6176 0.8640 0.0000
vt 0.6147 0.8610 0.0000
vt 0.6156 0.8602 0.0000
vt 0.6770 0.0992 0.0000
vt 0.6740 0.0962 0.0000
vt 0.6749 0.0951 0.0000
vt 0.6164 0.8593 0.0000
vt 0.6174 0.8583 0.0000
vt 0.6183 0.8573 0.0000
vt 0.6190 0.8563 0.0000
vt 0.5435 0.8511 0.0000
vt 0.5475 0.8499 0.0000
vt 0.5478 0.8513 0.0000
vt 0.5438 0.8524 0.0000
vt 0.6120 0.8576 0.0000
vt 0.6128 0.8568 0.0000
vt 0.6709 0.0933 0.0000
vt 0.6718 0.0922 0.0000
vt 0.6137 0.8560 0.0000
vt 0.6145 0.8551 0.0000
vt 0.6153 0.8540 0.0000
vt 0.6162 0.8531 0.0000
vt 0.6170 0.8525 0.0000
vt 0.6196 0.8557 0.0000
vt 0.6091 0.8544 0.0000
vt 0.6099 0.8536 0.0000
vt 0.6678 0.0903 0.0000
vt 0.6687 0.0892 0.0000
vt 0.6109 0.8527 0.0000
vt 0.6119 0.8515 0.0000
vt 0.6130 0.8504 0.0000
vt 0.6140 0.8494 0.0000
vt 0.6150 0.8487 0.0000
vt 0.6655 0.0862 0.0000
vt 0.6662 0.0850 0.0000
vt 0.6695 0.0880 0.0000
vt 0.6647 0.0875 0.0000
vt 0.6068 0.8505 0.0000
vt 0.6079 0.8492 0.0000
vt 0.6090 0.8480 0.0000
vt 0.6101 0.8468 0.0000
vt 0.6110 0.8458 0.0000
vt 0.6121 0.8451 0.0000
vt 0.6618 0.0836 0.0000
vt 0.6626 0.0823 0.0000
vt 0.5262 0.2698 0.0000
vt 0.5266 0.2686 0.0000
vt 0.5300 0.2688 0.0000
vt 0.5297 0.2702 0.0000
vt 0.6037 0.8470 0.0000
vt 0.6048 0.8457 0.0000
vt 0.6058 0.8444 0.0000
vt 0.6069 0.8431 0.0000
vt 0.6078 0.8422 0.0000
vt 0.6088 0.8415 0.0000
vt 0.6030 0.8480 0.0000
vt 0.5996 0.8449 0.0000
vt 0.6003 0.8437 0.0000
vt 0.5330 0.2688 0.0000
vt 0.5333 0.2702 0.0000
vt 0.6013 0.8423 0.0000
vt 0.6023 0.8408 0.0000
vt 0.6032 0.8395 0.0000
vt 0.6041 0.8386 0.0000
vt 0.6052 0.8378 0.0000
vt 0.5962 0.8418 0.0000
vt 0.5966 0.8406 0.0000
vt 0.5368 0.2682 0.0000
vt 0.5369 0.2698 0.0000
vt 0.5975 0.8390 0.0000
vt 0.5983 0.8375 0.0000
vt 0.5993 0.8359 0.0000
vt 0.6004 0.8347 0.0000
vt 0.6016 0.8339 0.0000
vt 0.6541 0.0791 0.0000
vt 0.6498 0.0776 0.0000
vt 0.6500 0.0758 0.0000
vt 0.6545 0.0775 0.0000
vt 0.5405 0.2673 0.0000
vt 0.5408 0.2689 0.0000
vt 0.5926 0.8379 0.0000
vt 0.5931 0.8362 0.0000
vt 0.5939 0.8343 0.0000
vt 0.5949 0.8326 0.0000
vt 0.5960 0.8313 0.0000
vt 0.6451 0.0769 0.0000
vt 0.6451 0.0749 0.0000
vt 0.5444 0.2658 0.0000
vt 0.5450 0.2675 0.0000
vt 0.5885 0.8354 0.0000
vt 0.5886 0.8337 0.0000
vt 0.5895 0.8318 0.0000
vt 0.5903 0.8299 0.0000
vt 0.5915 0.8284 0.0000
vt 0.6403 0.0768 0.0000
vt 0.6400 0.0747 0.0000
vt 0.5484 0.2638 0.0000
vt 0.5492 0.2654 0.0000
vt 0.5841 0.8336 0.0000
vt 0.5840 0.8316 0.0000
vt 0.5847 0.8296 0.0000
vt 0.5856 0.8277 0.0000
vt 0.5868 0.8261 0.0000
vt 0.6354 0.0775 0.0000
vt 0.6348 0.0753 0.0000
vt 0.5525 0.2613 0.0000
vt 0.5535 0.2629 0.0000
vt 0.5796 0.8323 0.0000
vt 0.5794 0.8302 0.0000
vt 0.5799 0.8279 0.0000
vt 0.5807 0.8259 0.0000
vt 0.9306 0.5364 0.0000
vt 0.9262 0.5330 0.0000
vt 0.9277 0.5316 0.0000
vt 0.9319 0.5356 0.0000
vt 0.6304 0.0788 0.0000
vt 0.6296 0.0765 0.0000
vt 0.5566 0.2585 0.0000
vt 0.5578 0.2599 0.0000
vt 0.5751 0.8315 0.0000
vt 0.5749 0.8291 0.0000
vt 0.5752 0.8268 0.0000
vt 0.5760 0.8247 0.0000
vt 0.9221 0.5287 0.0000
vt 0.9237 0.5274 0.0000
vt 0.6254 0.0806 0.0000
vt 0.6243 0.0782 0.0000
vt 0.5609 0.2554 0.0000
vt 0.5621 0.2567 0.0000
vt 0.5706 0.8310 0.0000
vt 0.5705 0.8285 0.0000
vt 0.5704 0.8260 0.0000
vt 0.2801 0.0826 0.0000
vt 0.2849 0.0859 0.0000
vt 0.2835 0.0881 0.0000
vt 0.2788 0.0845 0.0000
vt 0.9182 0.5243 0.0000
vt 0.9197 0.5231 0.0000
vt 0.6203 0.0827 0.0000
vt 0.6192 0.0803 0.0000
vt 0.5650 0.2519 0.0000
vt 0.5664 0.2533 0.0000
vt 0.5663 0.8308 0.0000
vt 0.5657 0.8282 0.0000
vt 0.5660 0.8257 0.0000
vt 0.2897 0.0893 0.0000
vt 0.2883 0.0916 0.0000
vt 0.2868 0.0936 0.0000
vt 0.2820 0.0900 0.0000
vt 0.6152 0.0851 0.0000
vt 0.6140 0.0826 0.0000
vt 0.5692 0.2481 0.0000
vt 0.5708 0.2496 0.0000
vt 0.5618 0.8307 0.0000
vt 0.5611 0.8280 0.0000
vt 0.5612 0.8254 0.0000
vt 0.5620 0.8230 0.0000
vt 0.5669 0.8236 0.0000
vt 0.9144 0.5197 0.0000
vt 0.9102 0.5155 0.0000
vt 0.9119 0.5140 0.0000
vt 0.9156 0.5188 0.0000
vt 0.6100 0.0876 0.0000
vt 0.6086 0.0850 0.0000
vt 0.5736 0.2444 0.0000
vt 0.5751 0.2456 0.0000
vt 0.5572 0.8309 0.0000
vt 0.5567 0.8281 0.0000
vt 0.5567 0.8252 0.0000
vt 0.2947 0.0926 0.0000
vt 0.2996 0.0959 0.0000
vt 0.2983 0.0983 0.0000
vt 0.2933 0.0950 0.0000
vt 0.9063 0.5108 0.0000
vt 0.9079 0.5095 0.0000
vt 0.6047 0.0901 0.0000
vt 0.6034 0.0875 0.0000
vt 0.5779 0.2405 0.0000
vt 0.5797 0.2421 0.0000
vt 0.5529 0.8309 0.0000
vt 0.5521 0.8281 0.0000
vt 0.5519 0.8252 0.0000
vt 0.3047 0.0990 0.0000
vt 0.3034 0.1014 0.0000
vt 0.9025 0.5061 0.0000
vt 0.9039 0.5048 0.0000
vt 0.5996 0.0926 0.0000
vt 0.5981 0.0899 0.0000
vt 0.5822 0.2366 0.0000
vt 0.5841 0.2383 0.0000
vt 0.5482 0.8311 0.0000
vt 0.5471 0.8282 0.0000
vt 0.5474 0.8255 0.0000
vt 0.3099 0.1020 0.0000
vt 0.3087 0.1047 0.0000
vt 0.8981 0.5017 0.0000
vt 0.9001 0.5001 0.0000
vt 0.5944 0.0952 0.0000
vt 0.5928 0.0925 0.0000
vt 0.5865 0.2328 0.0000
vt 0.5885 0.2346 0.0000
vt 0.5436 0.8315 0.0000
vt 0.5426 0.8287 0.0000
vt 0.5423 0.8258 0.0000
vt 0.3153 0.1047 0.0000
vt 0.3140 0.1074 0.0000
vt 0.8944 0.4969 0.0000
vt 0.8958 0.4955 0.0000
vt 0.5450 0.8342 0.0000
vt 0.5405 0.8348 0.0000
vt 0.5391 0.8321 0.0000
vt 0.5910 0.2293 0.0000
vt 0.5930 0.2312 0.0000
vt 0.5378 0.8294 0.0000
vt 0.5377 0.8264 0.0000
vt 0.3206 0.1074 0.0000
vt 0.3195 0.1102 0.0000
vt 0.8901 0.4926 0.0000
vt 0.8919 0.4907 0.0000
vt 0.5358 0.8356 0.0000
vt 0.5341 0.8332 0.0000
vt 0.5956 0.2261 0.0000
vt 0.5976 0.2279 0.0000
vt 0.5331 0.8301 0.0000
vt 0.5327 0.8272 0.0000
vt 0.3261 0.1097 0.0000
vt 0.3252 0.1126 0.0000
vt 0.8860 0.4880 0.0000
vt 0.8874 0.4864 0.0000
vt 0.5309 0.8369 0.0000
vt 0.5292 0.8343 0.0000
vt 0.6004 0.2231 0.0000
vt 0.6024 0.2251 0.0000
vt 0.5280 0.8313 0.0000
vt 0.5275 0.8282 0.0000
vt 0.3319 0.1116 0.0000
vt 0.3310 0.1148 0.0000
vt 0.3298 0.1176 0.0000
vt 0.3238 0.1152 0.0000
vt 0.5258 0.8386 0.0000
vt 0.5240 0.8357 0.0000
vt 0.6052 0.2205 0.0000
vt 0.6073 0.2228 0.0000
vt 0.5227 0.8326 0.0000
vt 0.5219 0.8294 0.0000
vt 0.3379 0.1131 0.0000
vt 0.3372 0.1165 0.0000
vt 0.5208 0.8404 0.0000
vt 0.5189 0.8375 0.0000
vt 0.6101 0.2182 0.0000
vt 0.6123 0.2203 0.0000
vt 0.5174 0.8342 0.0000
vt 0.5163 0.8309 0.0000
vt 0.3442 0.1145 0.0000
vt 0.3437 0.1180 0.0000
vt 0.5158 0.8423 0.0000
vt 0.5136 0.8397 0.0000
vt 0.5228 0.8426 0.0000
vt 0.5179 0.8448 0.0000
vt 0.5120 0.8363 0.0000
vt 0.5105 0.8328 0.0000
vt 0.3506 0.1154 0.0000
vt 0.3503 0.1189 0.0000
vt 0.5109 0.8449 0.0000
vt 0.5087 0.8419 0.0000
vt 0.5130 0.8471 0.0000
vt 0.5065 0.8388 0.0000
vt 0.5053 0.8359 0.0000
vt 0.3570 0.1155 0.0000
vt 0.3571 0.1191 0.0000
vt 0.5061 0.8481 0.0000
vt 0.5037 0.8451 0.0000
vt 0.5082 0.8501 0.0000
vt 0.5015 0.8420 0.0000
vt 0.4999 0.8390 0.0000
vt 0.4989 0.8364 0.0000
vt 0.5045 0.8329 0.0000
vt 0.5014 0.8515 0.0000
vt 0.4989 0.8485 0.0000
vt 0.5035 0.8538 0.0000
vt 0.4965 0.8454 0.0000
vt 0.4944 0.8424 0.0000
vt 0.4933 0.8401 0.0000
vt 0.4966 0.8551 0.0000
vt 0.4941 0.8521 0.0000
vt 0.4988 0.8578 0.0000
vt 0.4915 0.8490 0.0000
vt 0.4892 0.8460 0.0000
vt 0.3697 0.1136 0.0000
vt 0.3758 0.1118 0.0000
vt 0.3769 0.1156 0.0000
vt 0.3705 0.1173 0.0000
vt 0.4916 0.8588 0.0000
vt 0.4891 0.8557 0.0000
vt 0.4938 0.8618 0.0000
vt 0.4866 0.8526 0.0000
vt 0.4842 0.8497 0.0000
vt 0.3817 0.1097 0.0000
vt 0.3830 0.1135 0.0000
vt 0.4866 0.8624 0.0000
vt 0.4843 0.8591 0.0000
vt 0.4887 0.8655 0.0000
vt 0.4817 0.8561 0.0000
vt 0.4792 0.8531 0.0000
vt 0.3873 0.1075 0.0000
vt 0.3889 0.1110 0.0000
vt 0.4816 0.8659 0.0000
vt 0.4795 0.8624 0.0000
vt 0.4834 0.8691 0.0000
vt 0.4769 0.8593 0.0000
vt 0.4744 0.8566 0.0000
vt 0.3927 0.1048 0.0000
vt 0.3944 0.1082 0.0000
vt 0.4767 0.8693 0.0000
vt 0.4745 0.8655 0.0000
vt 0.4782 0.8726 0.0000
vt 0.4721 0.8625 0.0000
vt 0.4696 0.8602 0.0000
vt 0.3980 0.1019 0.0000
vt 0.3996 0.1054 0.0000
vt 0.4718 0.8723 0.0000
vt 0.4698 0.8684 0.0000
vt 0.4731 0.8759 0.0000
vt 0.4674 0.8651 0.0000
vt 0.4649 0.8623 0.0000
vt 0.8277 0.4672 0.0000
vt 0.8227 0.4697 0.0000
vt 0.8209 0.4662 0.0000
vt 0.8259 0.4645 0.0000
vt 0.4668 0.8752 0.0000
vt 0.4650 0.8713 0.0000
vt 0.4678 0.8789 0.0000
vt 0.4625 0.8679 0.0000
vt 0.4599 0.8650 0.0000
vt 0.8174 0.4719 0.0000
vt 0.8155 0.4685 0.0000
vt 0.4617 0.8780 0.0000
vt 0.4599 0.8741 0.0000
vt 0.4626 0.8817 0.0000
vt 0.4576 0.8708 0.0000
vt 0.4550 0.8681 0.0000
vt 0.8122 0.4741 0.0000
vt 0.8103 0.4708 0.0000
vt 0.4566 0.8807 0.0000
vt 0.4550 0.8769 0.0000
vt 0.4575 0.8844 0.0000
vt 0.4528 0.8734 0.0000
vt 0.4502 0.8708 0.0000
vt 0.8071 0.4768 0.0000
vt 0.8050 0.4736 0.0000
vt 0.4520 0.8833 0.0000
vt 0.4502 0.8794 0.0000
vt 0.5741 0.6131 0.0000
vt 0.5781 0.6131 0.0000
vt 0.5790 0.6183 0.0000
vt 0.5749 0.6185 0.0000
vt 0.4481 0.8756 0.0000
vt 0.4144 0.0848 0.0000
vt 0.4184 0.0809 0.0000
vt 0.4202 0.0844 0.0000
vt 0.4161 0.0880 0.0000
vt 0.4469 0.8856 0.0000
vt 0.4458 0.8814 0.0000
vt 0.5794 0.6244 0.0000
vt 0.5753 0.6240 0.0000
vt 0.6189 0.6447 0.0000
vt 0.6242 0.6399 0.0000
vt 0.6273 0.6433 0.0000
vt 0.6219 0.6478 0.0000
vt 0.8043 0.4823 0.0000
vt 0.7989 0.4860 0.0000
vt 0.7963 0.4838 0.0000
vt 0.8018 0.4801 0.0000
vt 0.6213 0.6370 0.0000
vt 0.6268 0.6317 0.0000
vt 0.6299 0.6352 0.0000
vt 0.5799 0.6304 0.0000
vt 0.5753 0.6303 0.0000
vt 0.6329 0.6389 0.0000
vt 0.7935 0.4903 0.0000
vt 0.7908 0.4878 0.0000
vt 0.8519 0.2574 0.0000
vt 0.8460 0.2583 0.0000
vt 0.8456 0.2533 0.0000
vt 0.8509 0.2527 0.0000
vt 0.5801 0.6363 0.0000
vt 0.5752 0.6360 0.0000
vt 0.6361 0.6306 0.0000
vt 0.6391 0.6346 0.0000
vt 0.6416 0.6386 0.0000
vt 0.6356 0.6427 0.0000
vt 0.8400 0.2590 0.0000
vt 0.8395 0.2537 0.0000
vt 0.5801 0.6423 0.0000
vt 0.5750 0.6418 0.0000
vt 0.8382 0.2489 0.0000
vt 0.8439 0.2487 0.0000
vt 0.7874 0.4943 0.0000
vt 0.7810 0.4984 0.0000
vt 0.7786 0.4955 0.0000
vt 0.7849 0.4916 0.0000
vt 0.8339 0.2595 0.0000
vt 0.8335 0.2539 0.0000
vt 0.5798 0.6487 0.0000
vt 0.5746 0.6477 0.0000
vt 0.6427 0.6262 0.0000
vt 0.6496 0.6219 0.0000
vt 0.6526 0.6266 0.0000
vt 0.6456 0.6305 0.0000
vt 0.7744 0.5026 0.0000
vt 0.7721 0.4995 0.0000
vt 0.8276 0.2598 0.0000
vt 0.8270 0.2538 0.0000
vt 0.8335 0.2648 0.0000
vt 0.8265 0.2648 0.0000
vt 0.8262 0.2481 0.0000
vt 0.8323 0.2485 0.0000
vt 0.7676 0.5066 0.0000
vt 0.7655 0.5033 0.0000
vt 0.8208 0.2593 0.0000
vt 0.8208 0.2533 0.0000
vt 0.8201 0.2647 0.0000
vt 0.8200 0.2475 0.0000
vt 0.7607 0.5104 0.0000
vt 0.7586 0.5067 0.0000
vt 0.8138 0.2586 0.0000
vt 0.8139 0.2527 0.0000
vt 0.8129 0.2639 0.0000
vt 0.8131 0.2469 0.0000
vt 0.6667 0.6194 0.0000
vt 0.6740 0.6163 0.0000
vt 0.6758 0.6216 0.0000
vt 0.6687 0.6246 0.0000
vt 0.8065 0.2574 0.0000
vt 0.8068 0.2515 0.0000
vt 0.8054 0.2624 0.0000
vt 0.8065 0.2457 0.0000
vt 0.6816 0.6135 0.0000
vt 0.6831 0.6189 0.0000
vt 0.7993 0.2556 0.0000
vt 0.7999 0.2498 0.0000
vt 0.7981 0.2609 0.0000
vt 0.7998 0.2439 0.0000
vt 0.6894 0.6112 0.0000
vt 0.6907 0.6171 0.0000
vt 0.7923 0.2536 0.0000
vt 0.7930 0.2475 0.0000
vt 0.7904 0.2588 0.0000
vt 0.7933 0.2415 0.0000
vt 0.6973 0.6094 0.0000
vt 0.6982 0.6154 0.0000
vt 0.7853 0.2509 0.0000
vt 0.7865 0.2446 0.0000
vt 0.7830 0.2564 0.0000
vt 0.6959 0.6030 0.0000
vt 0.7043 0.6014 0.0000
vt 0.7053 0.6082 0.0000
vt 0.7058 0.6142 0.0000
vt 0.7782 0.2476 0.0000
vt 0.7800 0.2412 0.0000
vt 0.7757 0.2533 0.0000
vt 0.7811 0.2353 0.0000
vt 0.7871 0.2386 0.0000
vt 0.7133 0.6074 0.0000
vt 0.7135 0.6135 0.0000
vt 0.7714 0.2434 0.0000
vt 0.7737 0.2371 0.0000
vt 0.7683 0.2491 0.0000
vt 0.7127 0.6005 0.0000
vt 0.7212 0.6004 0.0000
vt 0.7213 0.6073 0.0000
vt 0.7211 0.6132 0.0000
vt 0.7646 0.2384 0.0000
vt 0.7676 0.2321 0.0000
vt 0.7609 0.2442 0.0000
vt 0.7696 0.2267 0.0000
vt 0.7754 0.2313 0.0000
vt 0.7295 0.6079 0.0000
vt 0.7288 0.6137 0.0000
vt 0.7580 0.2329 0.0000
vt 0.7618 0.2266 0.0000
vt 0.7538 0.2390 0.0000
vt 0.7300 0.6009 0.0000
vt 0.7389 0.6020 0.0000
vt 0.7379 0.6091 0.0000
vt 0.7519 0.2270 0.0000
vt 0.7563 0.2205 0.0000
vt 0.7469 0.2334 0.0000
vt 0.7478 0.6035 0.0000
vt 0.7461 0.6110 0.0000
vt 0.7461 0.2205 0.0000
vt 0.7509 0.2140 0.0000
vt 0.7405 0.2270 0.0000
vt 0.7567 0.6057 0.0000
vt 0.7546 0.6131 0.0000
vt 0.7402 0.2134 0.0000
vt 0.7455 0.2070 0.0000
vt 0.7340 0.2199 0.0000
vt 0.7658 0.6083 0.0000
vt 0.7632 0.6159 0.0000
vt 0.7345 0.2057 0.0000
vt 0.7402 0.1993 0.0000
vt 0.7277 0.2123 0.0000
vt 0.7750 0.6115 0.0000
vt 0.7718 0.6194 0.0000
vt 0.7288 0.1976 0.0000
vt 0.7351 0.1911 0.0000
vt 0.7216 0.2043 0.0000
vt 0.7842 0.6155 0.0000
vt 0.7805 0.6236 0.0000
vt 0.7233 0.1889 0.0000
vt 0.7298 0.1824 0.0000
vt 0.7158 0.1955 0.0000
vt 0.7936 0.6200 0.0000
vt 0.7893 0.6284 0.0000
vt 0.7174 0.1798 0.0000
vt 0.7242 0.1733 0.0000
vt 0.7100 0.1866 0.0000
vt 0.8032 0.6251 0.0000
vt 0.7982 0.6338 0.0000
vt 0.7110 0.1708 0.0000
vt 0.7180 0.1642 0.0000
vt 0.7035 0.1778 0.0000
vt 0.8129 0.6306 0.0000
vt 0.8073 0.6396 0.0000
vt 0.7036 0.1618 0.0000
vt 0.7110 0.1551 0.0000
vt 0.6964 0.1687 0.0000
vt 0.7174 0.1506 0.0000
vt 0.7240 0.1596 0.0000
vt 0.6956 0.1525 0.0000
vt 0.7034 0.1461 0.0000
vt 0.6884 0.1594 0.0000
vt 0.7101 0.1417 0.0000
vt 0.6873 0.1434 0.0000
vt 0.6954 0.1372 0.0000
vt 0.6798 0.1503 0.0000
vt 0.8324 0.6426 0.0000
vt 0.8417 0.6495 0.0000
vt 0.8352 0.6582 0.0000
vt 0.8260 0.6518 0.0000
vt 0.6789 0.1347 0.0000
vt 0.6869 0.1285 0.0000
vt 0.6713 0.1418 0.0000
vt 0.5612 0.3653 0.0000
vt 0.5511 0.3699 0.0000
vt 0.5496 0.3610 0.0000
vt 0.5597 0.3561 0.0000
vt 0.6701 0.1269 0.0000
vt 0.6774 0.1209 0.0000
vt 0.6630 0.1346 0.0000
vt 0.5392 0.3738 0.0000
vt 0.5377 0.3655 0.0000
vt 0.5398 0.3822 0.0000
vt 0.5276 0.3854 0.0000
vt 0.5262 0.3776 0.0000
vt 0.6543 0.1295 0.0000
vt 0.6604 0.1212 0.0000
vt 0.5243 0.3698 0.0000
vt 0.6448 0.1265 0.0000
vt 0.6497 0.1180 0.0000
vt 0.5147 0.3884 0.0000
vt 0.5126 0.3811 0.0000
vt 0.5425 0.1007 0.0000
vt 0.5341 0.1070 0.0000
vt 0.5261 0.0983 0.0000
vt 0.5339 0.0909 0.0000
vt 0.5019 0.3910 0.0000
vt 0.4994 0.3839 0.0000
vt 0.5176 0.0903 0.0000
vt 0.5251 0.0820 0.0000
vt 0.4898 0.3927 0.0000
vt 0.4869 0.3852 0.0000
vt 0.5092 0.0824 0.0000
vt 0.5164 0.0737 0.0000
vt 0.4783 0.3940 0.0000
vt 0.4752 0.3858 0.0000
vt 0.3556 0.5678 0.0000
vt 0.3538 0.5793 0.0000
vt 0.3459 0.5771 0.0000
vt 0.3472 0.5655 0.0000
vt 0.4672 0.3946 0.0000
vt 0.4639 0.3857 0.0000
vt 0.3375 0.5749 0.0000
vt 0.3384 0.5632 0.0000
vt 0.4561 0.3946 0.0000
vt 0.4530 0.3851 0.0000
vt 0.3283 0.5728 0.0000
vt 0.3287 0.5610 0.0000
vt 0.4994 0.0574 0.0000
vt 0.4914 0.0492 0.0000
vt 0.4999 0.0407 0.0000
vt 0.5077 0.0490 0.0000
vt 0.3187 0.5709 0.0000
vt 0.3192 0.5588 0.0000
vt 0.3177 0.5474 0.0000
vt 0.3273 0.5498 0.0000
vt 0.3094 0.5694 0.0000
vt 0.3096 0.5569 0.0000
vt 0.3081 0.5453 0.0000
vt 0.3006 0.5683 0.0000
vt 0.3003 0.5552 0.0000
vt 0.2985 0.5435 0.0000
vt 0.2919 0.5679 0.0000
vt 0.2910 0.5543 0.0000
vt 0.2885 0.5425 0.0000
vt 0.2834 0.5680 0.0000
vt 0.2816 0.5542 0.0000
vt 0.2784 0.5420 0.0000
vt 0.2746 0.5686 0.0000
vt 0.2719 0.5546 0.0000
vt 0.2682 0.5419 0.0000
vt 0.2659 0.5697 0.0000
vt 0.2624 0.5554 0.0000
vt 0.2581 0.5422 0.0000
vt 0.2573 0.5714 0.0000
vt 0.2531 0.5568 0.0000
vt 0.2477 0.5436 0.0000
vt 0.7324 0.0737 0.0000
vt 0.7198 0.0699 0.0000
vt 0.7225 0.0591 0.0000
vt 0.7237 0.0503 0.0000
vt 0.7238 0.0445 0.0000
vt 0.7111 0.0487 0.0000
vt 0.7115 0.0433 0.0000
vt 0.7095 0.0565 0.0000
vt 0.6951 0.0533 0.0000
vt 0.6967 0.0464 0.0000
vt 0.6973 0.0412 0.0000
vt 0.6811 0.0437 0.0000
vt 0.6817 0.0385 0.0000
vt 0.0813 0.4706 0.0000
vt 0.0747 0.4694 0.0000
vt 0.0791 0.4565 0.0000
vt 0.0863 0.4578 0.0000
vt 0.7795 0.0351 0.0000
vt 0.0760 0.5474 0.0000
vt 0.0812 0.5439 0.0000
vt 0.0882 0.5527 0.0000
vt 0.0839 0.5589 0.0000
vt 0.3544 0.9350 0.0000
vt 0.3631 0.9282 0.0000
vt 0.5046 0.1783 0.0000
vt 0.4986 0.1771 0.0000
vt 0.1940 0.7452 0.0000
vt 0.4603 0.7696 0.0000
vt 0.4610 0.7752 0.0000
vt 0.4907 0.1941 0.0000
vt 0.4872 0.1857 0.0000
vt 0.4636 0.7821 0.0000
vt 0.7471 0.1308 0.0000
vt 0.8029 0.1512 0.0000
vt 0.2725 0.9433 0.0000
vt 0.2718 0.9528 0.0000
vt 0.2724 0.9618 0.0000
vt 0.2736 0.9349 0.0000
vt 0.2815 0.9341 0.0000
vt 0.2811 0.9430 0.0000
vt 0.2808 0.9523 0.0000
vt 0.2686 0.9272 0.0000
vt 0.2747 0.9281 0.0000
vt 0.2634 0.9226 0.0000
vt 0.2907 0.9335 0.0000
vt 0.2904 0.9416 0.0000
vt 0.3859 0.1719 0.0000
vt 0.3855 0.1722 0.0000
vt 0.3863 0.1724 0.0000
vt 0.3858 0.1727 0.0000
vt 0.3862 0.1716 0.0000
vt 0.3865 0.1720 0.0000
vt 0.7014 0.1205 0.0000
vt 0.7009 0.1196 0.0000
vt 0.7013 0.1192 0.0000
vt 0.7017 0.1203 0.0000
vt 0.7018 0.1210 0.0000
vt 0.7016 0.1211 0.0000
vt 0.5488 0.8539 0.0000
vt 0.5483 0.8539 0.0000
vt 0.5484 0.8530 0.0000
vt 0.5489 0.8531 0.0000
vt 0.5489 0.8551 0.0000
vt 0.5483 0.8552 0.0000
vt 0.4890 0.7887 0.0000
vt 0.4950 0.7841 0.0000
vt 0.4816 0.7947 0.0000
vt 0.4735 0.7881 0.0000
vt 0.2214 0.5976 0.0000
vt 0.2189 0.6048 0.0000
vt 0.2051 0.5942 0.0000
vt 0.2085 0.5861 0.0000
vt 0.3685 0.0099 0.0000
vt 0.3741 0.0264 0.0000
vt 0.3662 0.0294 0.0000
vt 0.3599 0.0132 0.0000
vt 0.3771 0.0077 0.0000
vt 0.3817 0.0240 0.0000
vt 0.2130 0.5788 0.0000
vt 0.2249 0.5912 0.0000
vt 0.5031 0.2100 0.0000
vt 0.5090 0.2051 0.0000
vt 0.5196 0.2137 0.0000
vt 0.5140 0.2189 0.0000
vt 0.5085 0.2243 0.0000
vt 0.4970 0.2153 0.0000
vt 0.5033 0.2291 0.0000
vt 0.4907 0.2197 0.0000
vt 0.5431 0.4621 0.0000
vt 0.5365 0.4639 0.0000
vt 0.5326 0.4469 0.0000
vt 0.5392 0.4452 0.0000
vt 0.5295 0.4662 0.0000
vt 0.5255 0.4491 0.0000
vt 0.4969 0.2343 0.0000
vt 0.4839 0.2247 0.0000
vt 0.5188 0.2350 0.0000
vt 0.5150 0.2406 0.0000
vt 0.5243 0.2292 0.0000
vt 0.4896 0.2403 0.0000
vt 0.4767 0.2301 0.0000
vt 0.5138 0.4710 0.0000
vt 0.5220 0.4684 0.0000
vt 0.5317 0.2388 0.0000
vt 0.5254 0.2448 0.0000
vt 0.1506 0.3228 0.0000
vt 0.1427 0.3155 0.0000
vt 0.1489 0.3080 0.0000
vt 0.1568 0.3160 0.0000
vt 0.5217 0.2511 0.0000
vt 0.7659 0.7054 0.0000
vt 0.5361 0.2474 0.0000
vt 0.5286 0.2532 0.0000
vt 0.5303 0.2233 0.0000
vt 0.5384 0.2329 0.0000
vt 0.7591 0.7009 0.0000
vt 0.6057 0.1130 0.0000
vt 0.6050 0.1251 0.0000
vt 0.5974 0.1236 0.0000
vt 0.5901 0.1240 0.0000
vt 0.5985 0.1348 0.0000
vt 0.5915 0.1332 0.0000
vt 0.6057 0.1354 0.0000
vt 0.7512 0.7802 0.0000
vt 0.7551 0.7698 0.0000
vt 0.7600 0.7747 0.0000
vt 0.7561 0.7838 0.0000
vt 0.7458 0.7777 0.0000
vt 0.7483 0.7663 0.0000
vt 0.6143 0.1164 0.0000
vt 0.6119 0.1281 0.0000
vt 0.7476 0.7869 0.0000
vt 0.7391 0.7854 0.0000
vt 0.7376 0.7758 0.0000
vt 0.7383 0.7641 0.0000
vt 0.1427 0.9356 0.0000
vt 0.1443 0.9267 0.0000
vt 0.1552 0.9248 0.0000
vt 0.1540 0.9332 0.0000
vt 0.1544 0.9413 0.0000
vt 0.1436 0.9441 0.0000
vt 0.1677 0.9234 0.0000
vt 0.1666 0.9308 0.0000
vt 0.1665 0.9385 0.0000
vt 0.1763 0.9266 0.0000
vt 0.1768 0.9353 0.0000
vt 0.6993 0.0175 0.0000
vt 0.7076 0.0193 0.0000
vt 0.7087 0.0304 0.0000
vt 0.7005 0.0278 0.0000
vt 0.1857 0.9233 0.0000
vt 0.1856 0.9326 0.0000
vt 0.1760 0.9180 0.0000
vt 0.1864 0.9143 0.0000
vt 0.7316 0.3647 0.0000
vt 0.7345 0.3541 0.0000
vt 0.7461 0.3560 0.0000
vt 0.7438 0.3654 0.0000
vt 0.7293 0.7850 0.0000
vt 0.7280 0.7748 0.0000
vt 0.7275 0.7627 0.0000
vt 0.7640 0.3712 0.0000
vt 0.7667 0.3609 0.0000
vt 0.7787 0.3638 0.0000
vt 0.7760 0.3736 0.0000
vt 0.7910 0.3659 0.0000
vt 0.7890 0.3749 0.0000
vt 0.7169 0.0197 0.0000
vt 0.7186 0.0315 0.0000
vt 0.7206 0.0412 0.0000
vt 0.7104 0.0399 0.0000
vt 0.1880 0.9059 0.0000
vt 0.2014 0.9079 0.0000
vt 0.1994 0.9147 0.0000
vt 0.1982 0.9227 0.0000
vt 0.8250 0.3806 0.0000
vt 0.8268 0.3709 0.0000
vt 0.8404 0.3732 0.0000
vt 0.8385 0.3830 0.0000
vt 0.2125 0.9141 0.0000
vt 0.2110 0.9218 0.0000
vt 0.1286 0.1052 0.0000
vt 0.1283 0.0933 0.0000
vt 0.1381 0.0955 0.0000
vt 0.1378 0.1067 0.0000
vt 0.1185 0.1049 0.0000
vt 0.1167 0.0933 0.0000
vt 0.7378 0.3430 0.0000
vt 0.7496 0.3462 0.0000
vt 0.7190 0.7851 0.0000
vt 0.7177 0.7749 0.0000
vt 0.7160 0.7633 0.0000
vt 0.7705 0.3500 0.0000
vt 0.7820 0.3534 0.0000
vt 0.7935 0.3563 0.0000
vt 0.7267 0.0186 0.0000
vt 0.7298 0.0297 0.0000
vt 0.7320 0.0392 0.0000
vt 0.6355 0.7783 0.0000
vt 0.6306 0.7862 0.0000
vt 0.6209 0.7767 0.0000
vt 0.6257 0.7695 0.0000
vt 0.8287 0.3604 0.0000
vt 0.8424 0.3625 0.0000
vt 0.7577 0.4361 0.0000
vt 0.7663 0.4324 0.0000
vt 0.7699 0.4433 0.0000
vt 0.7619 0.4468 0.0000
vt 0.7091 0.7867 0.0000
vt 0.7074 0.7765 0.0000
vt 0.7044 0.7652 0.0000
vt 0.0156 0.1111 0.0000
vt 0.0110 0.1022 0.0000
vt 0.0218 0.0997 0.0000
vt 0.0260 0.1087 0.0000
vt 0.0319 0.0964 0.0000
vt 0.0364 0.1042 0.0000
vt 0.7369 0.0164 0.0000
vt 0.7411 0.0263 0.0000
vt 0.7432 0.0350 0.0000
vt 0.6226 0.7939 0.0000
vt 0.6138 0.7840 0.0000
vt 0.6070 0.7743 0.0000
vt 0.6141 0.7667 0.0000
vt 0.7766 0.4296 0.0000
vt 0.7788 0.4410 0.0000
vt 0.7006 0.7894 0.0000
vt 0.6988 0.7796 0.0000
vt 0.6942 0.7691 0.0000
vt 0.0079 0.0913 0.0000
vt 0.0187 0.0892 0.0000
vt 0.0284 0.0868 0.0000
vt 0.7461 0.0125 0.0000
vt 0.7513 0.0214 0.0000
vt 0.6272 0.8024 0.0000
vt 0.6175 0.8089 0.0000
vt 0.6127 0.8007 0.0000
vt 0.6048 0.7904 0.0000
vt 0.7882 0.4292 0.0000
vt 0.7888 0.4401 0.0000
vt 0.7896 0.4482 0.0000
vt 0.7794 0.4497 0.0000
vt 0.6921 0.7845 0.0000
vt 0.6864 0.7746 0.0000
vt 0.0067 0.0790 0.0000
vt 0.0170 0.0780 0.0000
vt 0.0265 0.0760 0.0000
vt 0.7528 0.0067 0.0000
vt 0.7584 0.0143 0.0000
vt 0.6061 0.8136 0.0000
vt 0.6014 0.8057 0.0000
vt 0.8003 0.4413 0.0000
vt 0.9046 0.7413 0.0000
vt 0.9156 0.7441 0.0000
vt 0.9131 0.7544 0.0000
vt 0.9016 0.7519 0.0000
vt 0.9263 0.2027 0.0000
vt 0.9176 0.2017 0.0000
vt 0.9150 0.1918 0.0000
vt 0.9252 0.1910 0.0000
vt 0.0078 0.0668 0.0000
vt 0.0174 0.0659 0.0000
vt 0.0260 0.0638 0.0000
vt 0.0681 0.2290 0.0000
vt 0.0603 0.2198 0.0000
vt 0.0667 0.2121 0.0000
vt 0.0751 0.2220 0.0000
vt 0.8143 0.4445 0.0000
vt 0.9208 0.2113 0.0000
vt 0.9082 0.2108 0.0000
vt 0.9053 0.2021 0.0000
vt 0.9020 0.1931 0.0000
vt 0.0105 0.0525 0.0000
vt 0.0194 0.0516 0.0000
vt 0.0274 0.0494 0.0000
vt 0.8287 0.4421 0.0000
vt 0.8282 0.4492 0.0000
vt 0.8938 0.2124 0.0000
vt 0.8907 0.2047 0.0000
vt 0.8873 0.1966 0.0000
vt 0.0147 0.0382 0.0000
vt 0.0231 0.0376 0.0000
vt 0.8811 0.2168 0.0000
vt 0.8776 0.2095 0.0000
vt 0.8737 0.2020 0.0000
vt 0.8715 0.2228 0.0000
vt 0.8675 0.2158 0.0000
vt 0.1588 0.6407 0.0000
vt 0.1696 0.6388 0.0000
vt 0.1694 0.6462 0.0000
vt 0.1582 0.6479 0.0000
vt 0.4233 0.7315 0.0000
vt 0.4284 0.7278 0.0000
vt 0.4230 0.7438 0.0000
vt 0.4185 0.7356 0.0000
vt 0.4274 0.7502 0.0000
vt 0.4340 0.7254 0.0000
vt 0.4394 0.7244 0.0000
vt 0.4166 0.7198 0.0000
vt 0.4239 0.7140 0.0000
vt 0.4122 0.7267 0.0000
vt 0.4322 0.7114 0.0000
vt 0.4393 0.7117 0.0000
vt 0.4030 0.7202 0.0000
vt 0.4068 0.7075 0.0000
vt 0.4177 0.6983 0.0000
vt 0.4307 0.6956 0.0000
vt 0.4102 0.6860 0.0000
vt 0.4183 0.7463 0.0000
vt 0.4139 0.7391 0.0000
vt 0.2892 0.5096 0.0000
vt 0.2969 0.5137 0.0000
vt 0.2955 0.5195 0.0000
vt 0.2874 0.5162 0.0000
vt 0.4102 0.7323 0.0000
vt 0.4043 0.7318 0.0000
vt 0.2584 0.3451 0.0000
vt 0.2582 0.3507 0.0000
vt 0.2543 0.3510 0.0000
vt 0.2550 0.3450 0.0000
vt 0.2505 0.3506 0.0000
vt 0.2515 0.3447 0.0000
vt 0.3611 0.2801 0.0000
vt 0.3589 0.2745 0.0000
vt 0.3683 0.2697 0.0000
vt 0.3690 0.2749 0.0000
vt 0.2751 0.9694 0.0000
vt 0.2819 0.9602 0.0000
vt 0.2843 0.9660 0.0000
vt 0.2923 0.9566 0.0000
vt 0.3866 0.1726 0.0000
vt 0.3869 0.1721 0.0000
vt 0.3872 0.1722 0.0000
vt 0.3870 0.1728 0.0000
vt 0.3861 0.1730 0.0000
vt 0.3864 0.1733 0.0000
vt 0.3853 0.1737 0.0000
vt 0.5503 0.8537 0.0000
vt 0.5495 0.8537 0.0000
vt 0.5495 0.8530 0.0000
vt 0.5503 0.8532 0.0000
vt 0.8698 0.5784 0.0000
vt 0.8704 0.5785 0.0000
vt 0.2261 0.9603 0.0000
vt 0.2422 0.9694 0.0000
vt 0.2298 0.9694 0.0000
vt 0.2234 0.9498 0.0000
vt 0.2153 0.9602 0.0000
vt 0.2125 0.9500 0.0000
vt 0.4298 0.5044 0.0000
vt 0.4261 0.4952 0.0000
vt 0.4380 0.4936 0.0000
vt 0.4419 0.5017 0.0000
vt 0.2553 0.9696 0.0000
vt 0.2062 0.2913 0.0000
vt 0.2144 0.2869 0.0000
vt 0.2193 0.2961 0.0000
vt 0.2107 0.3000 0.0000
vt 0.2028 0.2847 0.0000
vt 0.2106 0.2786 0.0000
vt 0.5836 0.1330 0.0000
vt 0.5839 0.1264 0.0000
vt 0.5737 0.1337 0.0000
vt 0.5760 0.1258 0.0000
vt 0.1485 0.9615 0.0000
vt 0.1586 0.9591 0.0000
vt 0.1625 0.9685 0.0000
vt 0.1535 0.9704 0.0000
vt 0.1454 0.9527 0.0000
vt 0.1559 0.9498 0.0000
vt 0.1704 0.9565 0.0000
vt 0.1737 0.9658 0.0000
vt 0.1679 0.9471 0.0000
vt 0.1783 0.9445 0.0000
vt 0.1807 0.9546 0.0000
vt 0.1841 0.9643 0.0000
vt 0.1872 0.9427 0.0000
vt 0.1894 0.9534 0.0000
vt 0.2479 0.2766 0.0000
vt 0.2589 0.2720 0.0000
vt 0.2626 0.2827 0.0000
vt 0.2513 0.2865 0.0000
vt 0.1988 0.9409 0.0000
vt 0.2012 0.9511 0.0000
vt 0.2044 0.9615 0.0000
vt 0.1932 0.9637 0.0000
vt 0.2108 0.9399 0.0000
vt 0.1980 0.9315 0.0000
vt 0.2104 0.9305 0.0000
vt 0.2228 0.9097 0.0000
vt 0.2382 0.9101 0.0000
vt 0.8708 0.5781 0.0000
vt 0.8716 0.5793 0.0000
vt 0.9664 0.1660 0.0000
vt 0.9660 0.1655 0.0000
vt 0.9665 0.1651 0.0000
vt 0.9669 0.1657 0.0000
vt 0.9675 0.1641 0.0000
vt 0.9680 0.1648 0.0000
vt 0.9657 0.1647 0.0000
vt 0.9660 0.1644 0.0000
vt 0.9668 0.1634 0.0000
vt 0.9657 0.1633 0.0000
vt 0.9663 0.1628 0.0000
vt 0.6426 0.8830 0.0000
vt 0.6421 0.8834 0.0000
vt 0.2287 0.7157 0.0000
vt 0.2388 0.7148 0.0000
vt 0.2375 0.7243 0.0000
vt 0.2282 0.7253 0.0000
vt 0.2291 0.7029 0.0000
vt 0.2384 0.7024 0.0000
vt 0.4767 0.1998 0.0000
vt 0.4775 0.1911 0.0000
vt 0.8751 0.6095 0.0000
vt 0.8759 0.6134 0.0000
vt 0.8743 0.6058 0.0000
vt 0.3874 0.1538 0.0000
vt 0.3876 0.1557 0.0000
vt 0.3824 0.1562 0.0000
vt 0.3825 0.1541 0.0000
vt 0.3921 0.1527 0.0000
vt 0.3925 0.1545 0.0000
vt 0.3771 0.1557 0.0000
vt 0.3716 0.1551 0.0000
vt 0.9307 0.5224 0.0000
vt 0.9294 0.5235 0.0000
vt 0.9259 0.5191 0.0000
vt 0.9273 0.5180 0.0000
vt 0.3660 0.1541 0.0000
vt 0.9087 0.5019 0.0000
vt 0.9047 0.4971 0.0000
vt 0.9125 0.5066 0.0000
vt 0.9008 0.4922 0.0000
vt 0.8967 0.4873 0.0000
vt 0.8923 0.4824 0.0000
vt 0.8875 0.4777 0.0000
vt 0.8823 0.4731 0.0000
vt 0.8769 0.4684 0.0000
vt 0.8633 0.4641 0.0000
vt 0.8577 0.4611 0.0000
vt 0.8688 0.4674 0.0000
vt 0.8521 0.4586 0.0000
vt 0.8540 0.4552 0.0000
vt 0.8464 0.4568 0.0000
vt 0.8483 0.4533 0.0000
vt 0.8412 0.4557 0.0000
vt 0.8425 0.4519 0.0000
vt 0.4257 0.0151 0.0000
vt 0.4321 0.0178 0.0000
vt 0.3645 0.1371 0.0000
vt 0.3606 0.1376 0.0000
vt 0.3604 0.1322 0.0000
vt 0.3643 0.1320 0.0000
vt 0.4381 0.0203 0.0000
vt 0.4446 0.0215 0.0000
vt 0.8258 0.4534 0.0000
vt 0.8250 0.4569 0.0000
vt 0.8196 0.4584 0.0000
vt 0.8196 0.4545 0.0000
vt 0.8196 0.4623 0.0000
vt 0.8143 0.4644 0.0000
vt 0.8137 0.4603 0.0000
vt 0.8253 0.4607 0.0000
vt 0.4510 0.0226 0.0000
vt 0.4576 0.0227 0.0000
vt 0.8089 0.4668 0.0000
vt 0.8080 0.4628 0.0000
vt 0.4641 0.0227 0.0000
vt 0.8034 0.4696 0.0000
vt 0.4706 0.0223 0.0000
vt 0.7978 0.4726 0.0000
vt 0.7920 0.4758 0.0000
vt 0.7861 0.4792 0.0000
vt 0.7801 0.4827 0.0000
vt 0.7738 0.4864 0.0000
vt 0.7674 0.4900 0.0000
vt 0.7698 0.4950 0.0000
vt 0.7632 0.4985 0.0000
vt 0.7610 0.4934 0.0000
vt 0.7762 0.4913 0.0000
vt 0.7565 0.5018 0.0000
vt 0.7544 0.4966 0.0000
vt 0.7497 0.5049 0.0000
vt 0.7476 0.4998 0.0000
vt 0.7428 0.5079 0.0000
vt 0.7409 0.5028 0.0000
vt 0.7357 0.5106 0.0000
vt 0.7289 0.5135 0.0000
vt 0.7218 0.5162 0.0000
vt 0.7148 0.5188 0.0000
vt 0.7160 0.5241 0.0000
vt 0.7091 0.5267 0.0000
vt 0.7082 0.5213 0.0000
vt 0.7228 0.5212 0.0000
vt 0.7024 0.5291 0.0000
vt 0.7017 0.5236 0.0000
vt 0.6957 0.5313 0.0000
vt 0.6954 0.5257 0.0000
vt 0.6893 0.5335 0.0000
vt 0.6889 0.5275 0.0000
vt 0.6825 0.5353 0.0000
vt 0.6823 0.5291 0.0000
vt 0.6758 0.5304 0.0000
vt 0.6757 0.5370 0.0000
vt 0.6696 0.5314 0.0000
vt 0.6684 0.5247 0.0000
vt 0.6690 0.5382 0.0000
vt 0.5761 0.4272 0.0000
vt 0.5828 0.4326 0.0000
vt 0.7668 0.6305 0.0000
vt 0.7689 0.6257 0.0000
vt 0.7769 0.6301 0.0000
vt 0.7744 0.6351 0.0000
vt 0.7852 0.6351 0.0000
vt 0.7824 0.6400 0.0000
vt 0.7937 0.6404 0.0000
vt 0.7906 0.6451 0.0000
vt 0.8022 0.6464 0.0000
vt 0.7988 0.6509 0.0000
vt 0.8166 0.6456 0.0000
vt 0.8113 0.6522 0.0000
vt 0.5773 0.3308 0.0000
vt 0.5714 0.3368 0.0000
vt 0.5750 0.3445 0.0000
vt 0.5681 0.3505 0.0000
vt 0.5648 0.3425 0.0000
vt 0.5567 0.3485 0.0000
vt 0.5469 0.3538 0.0000
vt 0.5353 0.3583 0.0000
vt 0.5222 0.3625 0.0000
vt 0.5107 0.3733 0.0000
vt 0.5090 0.3656 0.0000
vt 0.4976 0.3756 0.0000
vt 0.4964 0.3672 0.0000
vt 0.4852 0.3766 0.0000
vt 0.4845 0.3675 0.0000
vt 0.4736 0.3768 0.0000
vt 0.4623 0.3764 0.0000
vt 0.4514 0.3754 0.0000
vt 0.4405 0.3744 0.0000
vt 0.4421 0.3841 0.0000
vt 0.4297 0.3731 0.0000
vt 0.4314 0.3829 0.0000
vt 0.4192 0.3717 0.0000
vt 0.4208 0.3817 0.0000
vt 0.4104 0.3808 0.0000
vt 0.4089 0.3705 0.0000
vt 0.4004 0.3798 0.0000
vt 0.3988 0.3693 0.0000
vt 0.3906 0.3790 0.0000
vt 0.3890 0.3681 0.0000
vt 0.3812 0.3781 0.0000
vt 0.3791 0.3670 0.0000
vt 0.3719 0.3776 0.0000
vt 0.3691 0.3664 0.0000
vt 0.1313 0.2649 0.0000
vt 0.1209 0.2713 0.0000
vt 0.1254 0.2555 0.0000
vt 0.3593 0.3664 0.0000
vt 0.3592 0.3558 0.0000
vt 0.1107 0.2788 0.0000
vt 0.2440 0.5590 0.0000
vt 0.2372 0.5460 0.0000
vt 0.2269 0.5505 0.0000
vt 0.2186 0.5432 0.0000
vt 0.2299 0.5385 0.0000
vt 0.2351 0.5624 0.0000
vt 0.2171 0.5558 0.0000
vt 0.2080 0.5494 0.0000
vt 0.2266 0.5668 0.0000
vt 0.2351 0.5810 0.0000
vt 0.2293 0.5857 0.0000
vt 0.2191 0.5723 0.0000
vt 0.2418 0.5769 0.0000
vt 0.2083 0.5621 0.0000
vt 0.1985 0.5563 0.0000
vt 0.2011 0.5696 0.0000
vt 0.1904 0.5649 0.0000
vt 0.1951 0.5782 0.0000
vt 0.1834 0.5745 0.0000
vt 0.1908 0.5869 0.0000
vt 0.1880 0.5960 0.0000
vt 0.2029 0.6027 0.0000
vt 0.1860 0.6050 0.0000
vt 0.2015 0.6114 0.0000
vt 0.2009 0.6201 0.0000
vt 0.1848 0.6139 0.0000
vt 0.1842 0.6228 0.0000
vt 0.1842 0.6316 0.0000
vt 0.1842 0.6400 0.0000
vt 0.3830 0.1720 0.0000
vt 0.3847 0.1724 0.0000
vt 0.2858 0.6744 0.0000
vt 0.2938 0.6694 0.0000
vt 0.3053 0.6854 0.0000
vt 0.2942 0.6901 0.0000
vt 0.2732 0.6597 0.0000
vt 0.2791 0.6550 0.0000
vt 0.2770 0.6784 0.0000
vt 0.2666 0.6634 0.0000
vt 0.2830 0.6933 0.0000
vt 0.2607 0.6491 0.0000
vt 0.2659 0.6448 0.0000
vt 0.2548 0.6524 0.0000
vt 0.4450 0.6760 0.0000
vt 0.4440 0.6857 0.0000
vt 0.4284 0.6827 0.0000
vt 0.4240 0.6747 0.0000
vt 0.4443 0.6689 0.0000
vt 0.4202 0.6699 0.0000
vt 0.4034 0.6788 0.0000
vt 0.3984 0.6743 0.0000
vt 0.3969 0.6701 0.0000
vt 0.4199 0.6668 0.0000
vt 0.3697 0.6680 0.0000
vt 0.3653 0.6656 0.0000
vt 0.3651 0.6629 0.0000
vt 0.3719 0.6638 0.0000
vt 0.3621 0.6686 0.0000
vt 0.3814 0.6657 0.0000
vt 0.2582 0.3561 0.0000
vt 0.2537 0.3564 0.0000
vt 0.1180 0.2463 0.0000
vt 0.1205 0.2391 0.0000
vt 0.1246 0.2405 0.0000
vt 0.1214 0.2472 0.0000
vt 0.0105 0.0040 0.0000
vt 0.0129 0.0159 0.0000
vt 0.0067 0.0077 0.0000
vt 0.1671 0.3693 0.0000
vt 0.1668 0.3777 0.0000
vt 0.1619 0.3772 0.0000
vt 0.1624 0.3688 0.0000
vt 0.1570 0.3768 0.0000
vt 0.1579 0.3687 0.0000
vt 0.0221 0.0281 0.0000
vt 0.1670 0.3896 0.0000
vt 0.1616 0.3889 0.0000
vt 0.0418 0.0414 0.0000
vt 0.0384 0.0442 0.0000
vt 0.0344 0.0467 0.0000
vt 0.0564 0.0648 0.0000
vt 0.0513 0.0671 0.0000
vt 0.5704 0.7383 0.0000
vt 0.3653 0.1369 0.0000
vt 0.3677 0.1360 0.0000
vt 0.3681 0.1368 0.0000
vt 0.3659 0.1376 0.0000
vt 0.3652 0.1361 0.0000
vt 0.3675 0.1352 0.0000
vt 0.3702 0.1351 0.0000
vt 0.3706 0.1360 0.0000
vt 0.3699 0.1343 0.0000
vt 0.2424 0.3768 0.0000
vt 0.2417 0.3804 0.0000
vt 0.2407 0.3801 0.0000
vt 0.2415 0.3766 0.0000
vt 0.3533 0.7542 0.0000
vt 0.3525 0.7545 0.0000
vt 0.3505 0.7518 0.0000
vt 0.3515 0.7515 0.0000
vt 0.2410 0.3840 0.0000
vt 0.2400 0.3837 0.0000
vt 0.2823 0.7378 0.0000
vt 0.2819 0.7369 0.0000
vt 0.2845 0.7357 0.0000
vt 0.2848 0.7367 0.0000
vt 0.2876 0.7354 0.0000
vt 0.2880 0.7364 0.0000
vt 0.2855 0.7374 0.0000
vt 0.2871 0.7344 0.0000
vt 0.2901 0.7342 0.0000
vt 0.2908 0.7350 0.0000
vt 0.4295 0.6244 0.0000
vt 0.4296 0.6234 0.0000
vt 0.4325 0.6243 0.0000
vt 0.4322 0.6254 0.0000
vt 0.4352 0.6264 0.0000
vt 0.4349 0.6275 0.0000
vt 0.4317 0.6264 0.0000
vt 0.4354 0.6252 0.0000
vt 0.4383 0.6274 0.0000
vt 0.4381 0.6285 0.0000
vt 0.4385 0.6262 0.0000
vt 0.4414 0.6282 0.0000
vt 0.4411 0.6295 0.0000
vt 0.3414 0.7371 0.0000
vt 0.3403 0.7374 0.0000
vt 0.3380 0.7343 0.0000
vt 0.3391 0.7339 0.0000
vt 0.4444 0.6290 0.0000
vt 0.4442 0.6303 0.0000
vt 0.3355 0.7312 0.0000
vt 0.3365 0.7309 0.0000
vt 0.4478 0.6296 0.0000
vt 0.4475 0.6310 0.0000
vt 0.3328 0.7283 0.0000
vt 0.3339 0.7275 0.0000
vt 0.4512 0.6301 0.0000
vt 0.4509 0.6314 0.0000
vt 0.3299 0.7250 0.0000
vt 0.3311 0.7242 0.0000
vt 0.4548 0.6303 0.0000
vt 0.4543 0.6317 0.0000
vt 0.3268 0.7220 0.0000
vt 0.3279 0.7208 0.0000
vt 0.0812 0.1821 0.0000
vt 0.0812 0.1781 0.0000
vt 0.0828 0.1780 0.0000
vt 0.0827 0.1820 0.0000
vt 0.3232 0.7191 0.0000
vt 0.3240 0.7184 0.0000
vt 0.2386 0.4263 0.0000
vt 0.2398 0.4312 0.0000
vt 0.2382 0.4316 0.0000
vt 0.2370 0.4265 0.0000
vt 0.3191 0.7168 0.0000
vt 0.3200 0.7154 0.0000
vt 0.6272 0.9099 0.0000
vt 0.6232 0.9113 0.0000
vt 0.6227 0.9095 0.0000
vt 0.6270 0.9082 0.0000
vt 0.3145 0.7147 0.0000
vt 0.3153 0.7132 0.0000
vt 0.6189 0.9133 0.0000
vt 0.6184 0.9114 0.0000
vt 0.3097 0.7132 0.0000
vt 0.3103 0.7117 0.0000
vt 0.6143 0.9157 0.0000
vt 0.6136 0.9139 0.0000
vt 0.6192 0.9150 0.0000
vt 0.6150 0.9175 0.0000
vt 0.6099 0.9188 0.0000
vt 0.6090 0.9170 0.0000
vt 0.6107 0.9205 0.0000
vt 0.6058 0.9225 0.0000
vt 0.6045 0.9206 0.0000
vt 0.6066 0.9240 0.0000
vt 0.6015 0.9263 0.0000
vt 0.6001 0.9244 0.0000
vt 0.6025 0.9278 0.0000
vt 0.5971 0.9301 0.0000
vt 0.5957 0.9282 0.0000
vt 0.5984 0.9318 0.0000
vt 0.5927 0.9341 0.0000
vt 0.5912 0.9322 0.0000
vt 0.5941 0.9358 0.0000
vt 0.5883 0.9381 0.0000
vt 0.5868 0.9362 0.0000
vt 0.5898 0.9399 0.0000
vt 0.5837 0.9421 0.0000
vt 0.5823 0.9403 0.0000
vt 0.5852 0.9439 0.0000
vt 0.5792 0.9463 0.0000
vt 0.5776 0.9443 0.0000
vt 0.5806 0.9479 0.0000
vt 0.5745 0.9504 0.0000
vt 0.5728 0.9483 0.0000
vt 0.5760 0.9522 0.0000
vt 0.5695 0.9546 0.0000
vt 0.5679 0.9525 0.0000
vt 0.5712 0.9565 0.0000
vt 0.5643 0.9586 0.0000
vt 0.5626 0.9564 0.0000
vt 0.5661 0.9606 0.0000
vt 0.5588 0.9625 0.0000
vt 0.5571 0.9601 0.0000
vt 0.5607 0.9647 0.0000
vt 0.5531 0.9664 0.0000
vt 0.5513 0.9638 0.0000
vt 0.5550 0.9686 0.0000
vt 0.5472 0.9700 0.0000
vt 0.5453 0.9671 0.0000
vt 0.5491 0.9724 0.0000
vt 0.5411 0.9732 0.0000
vt 0.5392 0.9703 0.0000
vt 0.5430 0.9757 0.0000
vt 0.5348 0.9758 0.0000
vt 0.5331 0.9727 0.0000
vt 0.6756 0.4665 0.0000
vt 0.6818 0.4632 0.0000
vt 0.3651 0.1352 0.0000
vt 0.3674 0.1343 0.0000
vt 0.3557 0.7593 0.0000
vt 0.3570 0.7614 0.0000
vt 0.3698 0.1333 0.0000
vt 0.3516 0.7550 0.0000
vt 0.3497 0.7524 0.0000
vt 0.3476 0.7497 0.0000
vt 0.3485 0.7492 0.0000
vt 0.2841 0.7346 0.0000
vt 0.2867 0.7333 0.0000
vt 0.3465 0.7466 0.0000
vt 0.3455 0.7470 0.0000
vt 0.3435 0.7442 0.0000
vt 0.3445 0.7436 0.0000
vt 0.3414 0.7412 0.0000
vt 0.3425 0.7406 0.0000
vt 0.3392 0.7382 0.0000
vt 0.3368 0.7352 0.0000
vt 0.8963 0.6142 0.0000
vt 0.8963 0.6184 0.0000
vt 0.3344 0.7321 0.0000
vt 0.3317 0.7292 0.0000
vt 0.3287 0.7261 0.0000
vt 0.3256 0.7231 0.0000
vt 0.8962 0.6317 0.0000
vt 0.8961 0.6363 0.0000
vt 0.3222 0.7204 0.0000
vt 0.3182 0.7182 0.0000
vt 0.3139 0.7163 0.0000
vt 0.3093 0.7152 0.0000
vt 0.3044 0.7148 0.0000
vt 0.3046 0.7128 0.0000
vt 0.2994 0.7150 0.0000
vt 0.2994 0.7130 0.0000
vt 0.2940 0.7137 0.0000
vt 0.2884 0.7148 0.0000
vt 0.2828 0.7162 0.0000
vt 0.2773 0.7180 0.0000
vt 0.2716 0.7199 0.0000
vt 0.6880 0.4591 0.0000
vt 0.6941 0.4545 0.0000
vt 0.7004 0.4504 0.0000
vt 0.7061 0.4452 0.0000
vt 0.7120 0.4403 0.0000
vt 0.7177 0.4353 0.0000
vt 0.7234 0.4306 0.0000
vt 0.7291 0.4263 0.0000
vt 0.7347 0.4225 0.0000
vt 0.7402 0.4189 0.0000
vt 0.7456 0.4156 0.0000
vt 0.7513 0.4127 0.0000
vt 0.7571 0.4101 0.0000
vt 0.7630 0.4079 0.0000
vt 0.7687 0.4059 0.0000
vt 0.7743 0.3996 0.0000
vt 0.7745 0.4043 0.0000
vt 0.7726 0.3948 0.0000
vt 0.9366 0.1936 0.0000
vt 0.9364 0.1860 0.0000
vt 0.9415 0.1861 0.0000
vt 0.9415 0.1934 0.0000
vt 0.7784 0.3931 0.0000
vt 0.7799 0.3980 0.0000
vt 0.7798 0.4029 0.0000
vt 0.8637 0.4012 0.0000
vt 0.8613 0.4078 0.0000
vt 0.8715 0.4052 0.0000
vt 0.8686 0.4122 0.0000
vt 0.8792 0.4099 0.0000
vt 0.8757 0.4169 0.0000
vt 0.8869 0.4149 0.0000
vt 0.8945 0.4200 0.0000
vt 0.9017 0.4252 0.0000
vt 0.9087 0.4304 0.0000
vt 0.9156 0.4356 0.0000
vt 0.9213 0.4410 0.0000
vt 0.9265 0.4459 0.0000
vt 0.9319 0.4496 0.0000
vt 0.9321 0.4604 0.0000
vt 0.9368 0.4530 0.0000
vt 0.7703 0.3901 0.0000
vt 0.7761 0.3883 0.0000
vt 0.7822 0.3868 0.0000
vt 0.7887 0.3850 0.0000
vt 0.7952 0.3844 0.0000
vt 0.8022 0.3840 0.0000
vt 0.8093 0.3841 0.0000
vt 0.8170 0.3840 0.0000
vt 0.8249 0.3839 0.0000
vt 0.8324 0.3852 0.0000
vt 0.9385 0.1228 0.0000
vt 0.9343 0.1203 0.0000
vt 0.9370 0.1121 0.0000
vt 0.9416 0.1151 0.0000
vt 0.9407 0.1041 0.0000
vt 0.9450 0.1075 0.0000
vt 0.8478 0.3895 0.0000
vt 0.8561 0.3921 0.0000
vt 0.8647 0.3949 0.0000
vt 0.8730 0.3986 0.0000
vt 0.8812 0.4032 0.0000
vt 0.8893 0.4082 0.0000
vt 0.8975 0.4131 0.0000
vt 0.9050 0.4186 0.0000
vt 0.9126 0.4241 0.0000
vt 0.9203 0.4291 0.0000
vt 0.9894 0.0529 0.0000
vt 0.9850 0.0437 0.0000
vt 0.9914 0.0404 0.0000
vt 0.9947 0.0494 0.0000
vt 0.9963 0.0376 0.0000
vt 0.9995 0.0463 0.0000
vt 0.4508 0.1039 0.0000
vt 0.4572 0.0965 0.0000
vt 0.4621 0.1013 0.0000
vt 0.4555 0.1086 0.0000
vt 0.9364 0.4442 0.0000
vt 0.9414 0.4477 0.0000
vt 0.0067 0.1560 0.0000
vt 0.0144 0.1547 0.0000
vt 0.0161 0.1597 0.0000
vt 0.0081 0.1609 0.0000
vt 0.9413 0.4545 0.0000
vt 0.9370 0.4623 0.0000
vt 0.0174 0.1644 0.0000
vt 0.0092 0.1657 0.0000
vt 0.9453 0.4553 0.0000
vt 0.9420 0.4632 0.0000
vt 0.0179 0.1695 0.0000
vt 0.0100 0.1710 0.0000
vt 0.3120 0.5231 0.0000
vt 0.3101 0.5181 0.0000
vt 0.3189 0.5139 0.0000
vt 0.3211 0.5197 0.0000
vt 0.3241 0.7488 0.0000
vt 0.3269 0.7535 0.0000
vt 0.3184 0.7594 0.0000
vt 0.3167 0.7543 0.0000
vt 0.0177 0.1748 0.0000
vt 0.0093 0.1768 0.0000
vt 0.3294 0.7590 0.0000
vt 0.3208 0.7653 0.0000
vt 0.0173 0.1820 0.0000
vt 0.0093 0.1846 0.0000
vt 0.3316 0.7652 0.0000
vt 0.3233 0.7718 0.0000
vt 0.0181 0.1909 0.0000
vt 0.0093 0.1931 0.0000
vt 0.6851 0.4428 0.0000
vt 0.6908 0.4382 0.0000
vt 0.6965 0.4334 0.0000
vt 0.7023 0.4285 0.0000
vt 0.7082 0.4235 0.0000
vt 0.7141 0.4185 0.0000
vt 0.7202 0.4138 0.0000
vt 0.7262 0.4093 0.0000
vt 0.7321 0.4056 0.0000
vt 0.0502 0.7338 0.0000
vt 0.0527 0.7315 0.0000
vt 0.0556 0.7381 0.0000
vt 0.0532 0.7405 0.0000
vt 0.7380 0.4023 0.0000
vt 0.7439 0.3988 0.0000
vt 0.2513 0.0825 0.0000
vt 0.2493 0.0789 0.0000
vt 0.2564 0.0751 0.0000
vt 0.2585 0.0789 0.0000
vt 0.0594 0.7539 0.0000
vt 0.0618 0.7514 0.0000
vt 0.0652 0.7581 0.0000
vt 0.0622 0.7608 0.0000
vt 0.0686 0.7647 0.0000
vt 0.0658 0.7674 0.0000
vt 0.0727 0.7714 0.0000
vt 0.0695 0.7741 0.0000
vt 0.0767 0.7782 0.0000
vt 0.0734 0.7808 0.0000
vt 0.0802 0.7854 0.0000
vt 0.0769 0.7878 0.0000
vt 0.0837 0.7927 0.0000
vt 0.0799 0.7951 0.0000
vt 0.0870 0.8005 0.0000
vt 0.0835 0.8026 0.0000
vt 0.0906 0.8085 0.0000
vt 0.0867 0.8104 0.0000
vt 0.0939 0.8168 0.0000
vt 0.0900 0.8183 0.0000
vt 0.0968 0.8253 0.0000
vt 0.0926 0.8267 0.0000
vt 0.0995 0.8340 0.0000
vt 0.0947 0.8352 0.0000
vt 0.1023 0.8427 0.0000
vt 0.0977 0.8435 0.0000
vt 0.1054 0.8512 0.0000
vt 0.1002 0.8521 0.0000
vt 0.1080 0.8601 0.0000
vt 0.1030 0.8604 0.0000
vt 0.1104 0.8693 0.0000
vt 0.1051 0.8693 0.0000
vt 0.1124 0.8790 0.0000
vt 0.1068 0.8785 0.0000
vt 0.3891 0.0572 0.0000
vt 0.3905 0.0500 0.0000
vt 0.4002 0.0521 0.0000
vt 0.3982 0.0598 0.0000
vt 0.4095 0.0555 0.0000
vt 0.4070 0.0632 0.0000
vt 0.4187 0.0591 0.0000
vt 0.4156 0.0671 0.0000
vt 0.4281 0.0630 0.0000
vt 0.4242 0.0712 0.0000
vt 0.4364 0.0678 0.0000
vt 0.4321 0.0757 0.0000
vt 0.4442 0.0731 0.0000
vt 0.4397 0.0807 0.0000
vt 0.1115 0.9285 0.0000
vt 0.1187 0.9320 0.0000
vt 0.1173 0.9408 0.0000
vt 0.1100 0.9360 0.0000
vt 0.2389 0.3518 0.0000
vt 0.2426 0.3605 0.0000
vt 0.2352 0.3608 0.0000
vt 0.2325 0.3521 0.0000
vt 0.4523 0.0913 0.0000
vt 0.4583 0.0841 0.0000
vt 0.4633 0.0897 0.0000
vt 0.0085 0.1452 0.0000
vt 0.0167 0.1416 0.0000
vt 0.0202 0.1469 0.0000
vt 0.0117 0.1503 0.0000
vt 0.0229 0.1518 0.0000
vt 0.0249 0.1575 0.0000
vt 0.0263 0.1629 0.0000
vt 0.0269 0.1681 0.0000
vt 0.0273 0.1735 0.0000
vt 0.0278 0.1805 0.0000
vt 0.0283 0.1897 0.0000
vt 0.0283 0.1979 0.0000
vt 0.0175 0.1992 0.0000
vt 0.0082 0.2015 0.0000
vt 0.0279 0.2064 0.0000
vt 0.0169 0.2074 0.0000
vt 0.0075 0.2101 0.0000
vt 0.0270 0.2146 0.0000
vt 0.0160 0.2152 0.0000
vt 0.0068 0.2181 0.0000
vt 0.3469 0.7764 0.0000
vt 0.3519 0.7825 0.0000
vt 0.3464 0.7916 0.0000
vt 0.3412 0.7849 0.0000
vt 0.0256 0.2214 0.0000
vt 0.0144 0.2220 0.0000
vt 0.3572 0.7890 0.0000
vt 0.3514 0.7983 0.0000
vt 0.0243 0.2286 0.0000
vt 0.0131 0.2299 0.0000
vt 0.3621 0.7955 0.0000
vt 0.3568 0.8050 0.0000
vt 0.0231 0.2369 0.0000
vt 0.0119 0.2378 0.0000
vt 0.2808 0.7275 0.0000
vt 0.2754 0.7294 0.0000
vt 0.2700 0.7317 0.0000
vt 0.2690 0.7298 0.0000
vt 0.2645 0.7340 0.0000
vt 0.2636 0.7322 0.0000
vt 0.2591 0.7366 0.0000
vt 0.2580 0.7345 0.0000
vt 0.6381 0.4634 0.0000
vt 0.6430 0.4623 0.0000
vt 0.2537 0.7390 0.0000
vt 0.2483 0.7421 0.0000
vt 0.6475 0.4608 0.0000
vt 0.6525 0.4591 0.0000
vt 0.2411 0.7431 0.0000
vt 0.2428 0.7450 0.0000
vt 0.2374 0.7481 0.0000
vt 0.2355 0.7464 0.0000
vt 0.9784 0.1527 0.0000
vt 0.9753 0.1526 0.0000
vt 0.9754 0.1462 0.0000
vt 0.9787 0.1459 0.0000
vt 0.9747 0.1397 0.0000
vt 0.9783 0.1391 0.0000
vt 0.9734 0.1333 0.0000
vt 0.9770 0.1324 0.0000
vt 0.9715 0.1268 0.0000
vt 0.9751 0.1256 0.0000
vt 0.9690 0.1204 0.0000
vt 0.9725 0.1188 0.0000
vt 0.9658 0.1142 0.0000
vt 0.9694 0.1123 0.0000
vt 0.1927 0.1094 0.0000
vt 0.1922 0.1055 0.0000
vt 0.1972 0.1033 0.0000
vt 0.1980 0.1071 0.0000
vt 0.2026 0.1007 0.0000
vt 0.2035 0.1044 0.0000
vt 0.2083 0.0977 0.0000
vt 0.2093 0.1013 0.0000
vt 0.2142 0.0943 0.0000
vt 0.2154 0.0978 0.0000
vt 0.2204 0.0906 0.0000
vt 0.2219 0.0941 0.0000
vt 0.2269 0.0869 0.0000
vt 0.2285 0.0903 0.0000
vt 0.0502 0.7249 0.0000
vt 0.0532 0.7227 0.0000
vt 0.0557 0.7293 0.0000
vt 0.0584 0.7359 0.0000
vt 0.0617 0.7425 0.0000
vt 0.0585 0.7447 0.0000
vt 0.0653 0.7490 0.0000
vt 0.0687 0.7553 0.0000
vt 0.0726 0.7618 0.0000
vt 0.0767 0.7685 0.0000
vt 0.0808 0.7754 0.0000
vt 0.0845 0.7826 0.0000
vt 0.0882 0.7902 0.0000
vt 0.0918 0.7982 0.0000
vt 0.0953 0.8064 0.0000
vt 0.0987 0.8148 0.0000
vt 0.1019 0.8234 0.0000
vt 0.1049 0.8322 0.0000
vt 0.1078 0.8411 0.0000
vt 0.1108 0.8500 0.0000
vt 0.1136 0.8591 0.0000
vt 0.1161 0.8685 0.0000
vt 0.1185 0.8783 0.0000
vt 0.1206 0.8883 0.0000
vt 0.1143 0.8885 0.0000
vt 0.1226 0.8976 0.0000
vt 0.1161 0.8975 0.0000
vt 0.1242 0.9070 0.0000
vt 0.1174 0.9066 0.0000
vt 0.1254 0.9171 0.0000
vt 0.1180 0.9159 0.0000
vt 0.1260 0.9254 0.0000
vt 0.1187 0.9241 0.0000
vt 0.1260 0.9334 0.0000
vt 0.1257 0.9427 0.0000
vt 0.2432 0.3693 0.0000
vt 0.2356 0.3692 0.0000
vt 0.2294 0.3685 0.0000
vt 0.2294 0.3599 0.0000
vt 0.0237 0.1366 0.0000
vt 0.0280 0.1420 0.0000
vt 0.0313 0.1480 0.0000
vt 0.0337 0.1544 0.0000
vt 0.0352 0.1608 0.0000
vt 0.0361 0.1668 0.0000
vt 0.0370 0.1728 0.0000
vt 0.0383 0.1797 0.0000
vt 0.0388 0.1891 0.0000
vt 0.0392 0.1981 0.0000
vt 0.0394 0.2067 0.0000
vt 0.0382 0.2158 0.0000
vt 0.0370 0.2231 0.0000
vt 0.0360 0.2302 0.0000
vt 0.0344 0.2380 0.0000
vt 0.7597 0.7237 0.0000
vt 0.7603 0.7351 0.0000
vt 0.7516 0.7351 0.0000
vt 0.7506 0.7232 0.0000
vt 0.7503 0.7117 0.0000
vt 0.7596 0.7129 0.0000
vt 0.7425 0.7354 0.0000
vt 0.7410 0.7234 0.0000
vt 0.7934 0.2177 0.0000
vt 0.8004 0.2185 0.0000
vt 0.8029 0.2304 0.0000
vt 0.7950 0.2296 0.0000
vt 0.8011 0.2064 0.0000
vt 0.8091 0.2076 0.0000
vt 0.8087 0.2188 0.0000
vt 0.8114 0.2301 0.0000
vt 0.3817 0.8036 0.0000
vt 0.3890 0.8077 0.0000
vt 0.3871 0.8182 0.0000
vt 0.3799 0.8134 0.0000
vt 0.7330 0.7244 0.0000
vt 0.7346 0.7355 0.0000
vt 0.7258 0.7365 0.0000
vt 0.7239 0.7250 0.0000
vt 0.7146 0.7259 0.0000
vt 0.7126 0.7152 0.0000
vt 0.7221 0.7141 0.0000
vt 0.3946 0.8022 0.0000
vt 0.4062 0.8013 0.0000
vt 0.4069 0.8077 0.0000
vt 0.3949 0.8091 0.0000
vt 0.7058 0.7263 0.0000
vt 0.7029 0.7155 0.0000
vt 0.4068 0.8145 0.0000
vt 0.3948 0.8156 0.0000
vt 0.9066 0.6464 0.0000
vt 0.9083 0.6495 0.0000
vt 0.9531 0.2225 0.0000
vt 0.9514 0.2216 0.0000
vt 0.9534 0.2179 0.0000
vt 0.9553 0.2188 0.0000
vt 0.9553 0.2136 0.0000
vt 0.9573 0.2144 0.0000
vt 0.1205 0.6208 0.0000
vt 0.1163 0.6236 0.0000
vt 0.9592 0.2097 0.0000
vt 0.9571 0.2088 0.0000
vt 0.9590 0.2039 0.0000
vt 0.9612 0.2048 0.0000
vt 0.1119 0.6266 0.0000
vt 0.1072 0.6297 0.0000
vt 0.9634 0.1996 0.0000
vt 0.9612 0.1988 0.0000
vt 0.9630 0.1934 0.0000
vt 0.9654 0.1943 0.0000
vt 0.9649 0.1878 0.0000
vt 0.9674 0.1887 0.0000
vt 0.9668 0.1823 0.0000
vt 0.9693 0.1831 0.0000
vt 0.0929 0.6397 0.0000
vt 0.0941 0.6408 0.0000
vt 0.0895 0.6446 0.0000
vt 0.0879 0.6429 0.0000
vt 0.0850 0.6480 0.0000
vt 0.0836 0.6469 0.0000
vt 0.0805 0.6520 0.0000
vt 0.0786 0.6505 0.0000
vt 0.0761 0.6559 0.0000
vt 0.0741 0.6546 0.0000
vt 0.0719 0.6600 0.0000
vt 0.0697 0.6590 0.0000
vt 0.9723 0.1526 0.0000
vt 0.9722 0.1464 0.0000
vt 0.9715 0.1402 0.0000
vt 0.9702 0.1341 0.0000
vt 0.9684 0.1280 0.0000
vt 0.9657 0.1220 0.0000
vt 0.9625 0.1161 0.0000
vt 0.9590 0.1102 0.0000
vt 0.9622 0.1081 0.0000
vt 0.9551 0.1045 0.0000
vt 0.9582 0.1021 0.0000
vt 0.0500 0.6983 0.0000
vt 0.0536 0.6976 0.0000
vt 0.0537 0.7032 0.0000
vt 0.0500 0.7041 0.0000
vt 0.0542 0.7093 0.0000
vt 0.0505 0.7102 0.0000
vt 0.0553 0.7153 0.0000
vt 0.0515 0.7163 0.0000
vt 0.0569 0.7213 0.0000
vt 0.0594 0.7278 0.0000
vt 0.0623 0.7343 0.0000
vt 0.0655 0.7407 0.0000
vt 0.0691 0.7468 0.0000
vt 0.0729 0.7530 0.0000
vt 0.0770 0.7593 0.0000
vt 0.0812 0.7658 0.0000
vt 0.0853 0.7728 0.0000
vt 0.0893 0.7802 0.0000
vt 0.0930 0.7879 0.0000
vt 0.0966 0.7960 0.0000
vt 0.1002 0.8043 0.0000
vt 0.1036 0.8128 0.0000
vt 0.1070 0.8215 0.0000
vt 0.1103 0.8304 0.0000
vt 0.1134 0.8394 0.0000
vt 0.1164 0.8484 0.0000
vt 0.1190 0.8577 0.0000
vt 0.1216 0.8672 0.0000
vt 0.1242 0.8772 0.0000
vt 0.1268 0.8871 0.0000
vt 0.1286 0.8965 0.0000
vt 0.1305 0.9061 0.0000
vt 0.1324 0.9165 0.0000
vt 0.1331 0.9249 0.0000
vt 0.1332 0.9327 0.0000
vt 0.1337 0.9417 0.0000
vt 0.6732 0.7958 0.0000
vt 0.6655 0.7928 0.0000
vt 0.6693 0.7834 0.0000
vt 0.6765 0.7866 0.0000
vt 0.6734 0.7746 0.0000
vt 0.6802 0.7789 0.0000
vt 0.0286 0.1304 0.0000
vt 0.0340 0.1364 0.0000
vt 0.0377 0.1433 0.0000
vt 0.0409 0.1509 0.0000
vt 0.0428 0.1585 0.0000
vt 0.0440 0.1657 0.0000
vt 0.0454 0.1728 0.0000
vt 0.0470 0.1805 0.0000
vt 0.0483 0.1897 0.0000
vt 0.0485 0.1993 0.0000
vt 0.0494 0.2085 0.0000
vt 0.0482 0.2180 0.0000
vt 0.0472 0.2263 0.0000
vt 0.0463 0.2340 0.0000
vt 0.0448 0.2416 0.0000
vt 0.1464 0.2995 0.0000
vt 0.1429 0.2896 0.0000
vt 0.1494 0.2858 0.0000
vt 0.1530 0.2961 0.0000
vt 0.1562 0.2819 0.0000
vt 0.1596 0.2923 0.0000
vt 0.8049 0.1956 0.0000
vt 0.8123 0.1972 0.0000
vt 0.1634 0.2876 0.0000
vt 0.1604 0.2779 0.0000
vt 0.1665 0.2741 0.0000
vt 0.1706 0.2839 0.0000
vt 0.1730 0.2695 0.0000
vt 0.1772 0.2793 0.0000
vt 0.4178 0.8099 0.0000
vt 0.4179 0.8161 0.0000
vt 0.1822 0.2750 0.0000
vt 0.1782 0.2654 0.0000
vt 0.1835 0.2618 0.0000
vt 0.1880 0.2718 0.0000
vt 0.7086 0.7382 0.0000
vt 0.7014 0.7390 0.0000
vt 0.6976 0.7272 0.0000
vt 0.1899 0.2591 0.0000
vt 0.1949 0.2692 0.0000
vt 0.6946 0.7405 0.0000
vt 0.6897 0.7287 0.0000
vt 0.1962 0.2561 0.0000
vt 0.2020 0.2659 0.0000
vt 0.6875 0.7427 0.0000
vt 0.6815 0.7314 0.0000
vt 0.6810 0.7455 0.0000
vt 0.6740 0.7351 0.0000
vt 0.2017 0.2534 0.0000
vt 0.2085 0.2623 0.0000
vt 0.4258 0.8142 0.0000
vt 0.4326 0.8113 0.0000
vt 0.4402 0.8202 0.0000
vt 0.4317 0.8234 0.0000
vt 0.2074 0.2508 0.0000
vt 0.2152 0.2602 0.0000
vt 0.6765 0.7488 0.0000
vt 0.6708 0.7535 0.0000
vt 0.6622 0.7440 0.0000
vt 0.6684 0.7383 0.0000
vt 0.2137 0.2470 0.0000
vt 0.2218 0.2559 0.0000
vt 0.8975 0.5795 0.0000
vt 0.0677 0.6639 0.0000
vt 0.0645 0.6684 0.0000
vt 0.0615 0.6729 0.0000
vt 0.0589 0.6775 0.0000
vt 0.0569 0.6822 0.0000
vt 0.0553 0.6870 0.0000
vt 0.0542 0.6921 0.0000
vt 0.0580 0.7091 0.0000
vt 0.0591 0.7150 0.0000
vt 0.0609 0.7209 0.0000
vt 0.0632 0.7271 0.0000
vt 0.0661 0.7332 0.0000
vt 0.0694 0.7394 0.0000
vt 0.0730 0.7455 0.0000
vt 0.0770 0.7514 0.0000
vt 0.0813 0.7574 0.0000
vt 0.0855 0.7641 0.0000
vt 0.0897 0.7710 0.0000
vt 0.0939 0.7784 0.0000
vt 0.0976 0.7861 0.0000
vt 0.1012 0.7943 0.0000
vt 0.1048 0.8027 0.0000
vt 0.1081 0.8114 0.0000
vt 0.1116 0.8200 0.0000
vt 0.1152 0.8288 0.0000
vt 0.1185 0.8377 0.0000
vt 0.1212 0.8469 0.0000
vt 0.1236 0.8561 0.0000
vt 0.1264 0.8657 0.0000
vt 0.1293 0.8754 0.0000
vt 0.1320 0.8852 0.0000
vt 0.1340 0.8948 0.0000
vt 0.1360 0.9042 0.0000
vt 0.1387 0.9141 0.0000
vt 0.6561 0.8223 0.0000
vt 0.6498 0.8197 0.0000
vt 0.6529 0.8088 0.0000
vt 0.6591 0.8116 0.0000
vt 0.6561 0.7989 0.0000
vt 0.6625 0.8020 0.0000
vt 0.1398 0.9307 0.0000
vt 0.1403 0.9390 0.0000
vt 0.6590 0.7895 0.0000
vt 0.6628 0.7799 0.0000
vt 0.6675 0.7705 0.0000
vt 0.6732 0.7614 0.0000
vt 0.6787 0.7668 0.0000
vt 0.6808 0.7538 0.0000
vt 0.6852 0.7601 0.0000
vt 0.6890 0.7480 0.0000
vt 0.6923 0.7552 0.0000
vt 0.6974 0.7444 0.0000
vt 0.6994 0.7521 0.0000
vt 0.7052 0.7426 0.0000
vt 0.7062 0.7508 0.0000
vt 0.8360 0.7334 0.0000
vt 0.8415 0.7388 0.0000
vt 0.8353 0.7419 0.0000
vt 0.8301 0.7359 0.0000
vt 0.1103 0.3369 0.0000
vt 0.1037 0.3322 0.0000
vt 0.1067 0.3248 0.0000
vt 0.1137 0.3304 0.0000
vt 0.1099 0.3171 0.0000
vt 0.1171 0.3231 0.0000
vt 0.7270 0.7532 0.0000
vt 0.7282 0.7434 0.0000
vt 0.7374 0.7450 0.0000
vt 0.7358 0.7548 0.0000
vt 0.1201 0.3163 0.0000
vt 0.1132 0.3097 0.0000
vt 0.1174 0.3024 0.0000
vt 0.1248 0.3092 0.0000
vt 0.7437 0.7572 0.0000
vt 0.7461 0.7471 0.0000
vt 0.7552 0.7498 0.0000
vt 0.7527 0.7596 0.0000
vt 0.7886 0.7457 0.0000
vt 0.7923 0.7533 0.0000
vt 0.7828 0.7541 0.0000
vt 0.7800 0.7460 0.0000
vt 0.1321 0.2984 0.0000
vt 0.1259 0.2901 0.0000
vt 0.1313 0.2848 0.0000
vt 0.1377 0.2938 0.0000
vt 0.1368 0.2804 0.0000
vt 0.1432 0.2760 0.0000
vt 0.1492 0.2717 0.0000
vt 0.7840 0.7817 0.0000
vt 0.7896 0.7709 0.0000
vt 0.7956 0.7750 0.0000
vt 0.7909 0.7854 0.0000
vt 0.1543 0.2677 0.0000
vt 0.1598 0.2638 0.0000
vt 0.1662 0.2593 0.0000
vt 0.1718 0.2552 0.0000
vt 0.1778 0.2513 0.0000
vt 0.1840 0.2480 0.0000
vt 0.1897 0.2447 0.0000
vt 0.1950 0.2418 0.0000
vt 0.2000 0.2389 0.0000
vt 0.2061 0.2351 0.0000
vt 0.2123 0.2315 0.0000
vt 0.2198 0.2434 0.0000
vt 0.2281 0.2519 0.0000
vt 0.2180 0.2291 0.0000
vt 0.2255 0.2418 0.0000
vt 0.4372 0.8004 0.0000
vt 0.4428 0.7954 0.0000
vt 0.4518 0.8016 0.0000
vt 0.4455 0.8066 0.0000
vt 0.1784 0.0573 0.0000
vt 0.1850 0.0440 0.0000
vt 0.1925 0.0477 0.0000
vt 0.1857 0.0624 0.0000
vt 0.4489 0.7889 0.0000
vt 0.4591 0.7955 0.0000
vt 0.2316 0.2409 0.0000
vt 0.2486 0.2421 0.0000
vt 0.2417 0.2487 0.0000
vt 0.4571 0.7878 0.0000
vt 0.4660 0.7934 0.0000
vt 0.9981 0.1604 0.0000
vt 0.9935 0.1530 0.0000
vt 0.9977 0.1528 0.0000
vt 0.9926 0.1455 0.0000
vt 0.9970 0.1452 0.0000
vt 0.0766 0.7446 0.0000
vt 0.0808 0.7504 0.0000
vt 0.0850 0.7566 0.0000
vt 0.9951 0.1295 0.0000
vt 0.9937 0.1214 0.0000
vt 0.9924 0.1130 0.0000
vt 0.0933 0.7701 0.0000
vt 0.0976 0.7773 0.0000
vt 0.1013 0.7851 0.0000
vt 0.1050 0.7932 0.0000
vt 0.1085 0.8015 0.0000
vt 0.1121 0.8101 0.0000
vt 0.1154 0.8188 0.0000
vt 0.1188 0.8276 0.0000
vt 0.1221 0.8363 0.0000
vt 0.1249 0.8453 0.0000
vt 0.1274 0.8545 0.0000
vt 0.1300 0.8639 0.0000
vt 0.1332 0.8734 0.0000
vt 0.1728 0.4562 0.0000
vt 0.1651 0.4504 0.0000
vt 0.1692 0.4472 0.0000
vt 0.1601 0.4418 0.0000
vt 0.1643 0.4382 0.0000
vt 0.1545 0.4332 0.0000
vt 0.1587 0.4295 0.0000
vt 0.1489 0.4248 0.0000
vt 0.1542 0.4203 0.0000
vt 0.1418 0.4168 0.0000
vt 0.1468 0.4121 0.0000
vt 0.1347 0.4090 0.0000
vt 0.1399 0.4043 0.0000
vt 0.1284 0.4011 0.0000
vt 0.1342 0.3963 0.0000
vt 0.1218 0.3930 0.0000
vt 0.1274 0.3886 0.0000
vt 0.1146 0.3843 0.0000
vt 0.1202 0.3808 0.0000
vt 0.1081 0.3742 0.0000
vt 0.1141 0.3718 0.0000
vt 0.1021 0.3642 0.0000
vt 0.1085 0.3628 0.0000
vt 0.0976 0.3544 0.0000
vt 0.1046 0.3541 0.0000
vt 0.0950 0.3457 0.0000
vt 0.1023 0.3465 0.0000
vt 0.0945 0.3372 0.0000
vt 0.1021 0.3392 0.0000
vt 0.0956 0.3292 0.0000
vt 0.0980 0.3211 0.0000
vt 0.1011 0.3127 0.0000
vt 0.1048 0.3050 0.0000
vt 0.1088 0.2975 0.0000
vt 0.1131 0.2906 0.0000
vt 0.1212 0.2960 0.0000
vt 0.1180 0.2843 0.0000
vt 0.1235 0.2783 0.0000
vt 0.1290 0.2731 0.0000
vt 0.1348 0.2682 0.0000
vt 0.1405 0.2636 0.0000
vt 0.1460 0.2592 0.0000
vt 0.1518 0.2549 0.0000
vt 0.1582 0.2502 0.0000
vt 0.1647 0.2458 0.0000
vt 0.1711 0.2417 0.0000
vt 0.1774 0.2375 0.0000
vt 0.1834 0.2337 0.0000
vt 0.1889 0.2303 0.0000
vt 0.1943 0.2266 0.0000
vt 0.2000 0.2225 0.0000
vt 0.2061 0.2186 0.0000
vt 0.2115 0.2148 0.0000
vt 0.0881 0.3198 0.0000
vt 0.0916 0.3113 0.0000
vt 0.0956 0.3030 0.0000
vt 0.5694 0.0464 0.0000
vt 0.5760 0.0523 0.0000
vt 0.5695 0.0616 0.0000
vt 0.5632 0.0553 0.0000
vt 0.6521 0.6188 0.0000
vt 0.6510 0.6069 0.0000
vt 0.6584 0.6127 0.0000
vt 0.6580 0.6006 0.0000
vt 0.6652 0.6066 0.0000
vt 0.6651 0.5947 0.0000
vt 0.6724 0.6013 0.0000
vt 0.6723 0.5893 0.0000
vt 0.6796 0.5964 0.0000
vt 0.6794 0.5846 0.0000
vt 0.6868 0.5923 0.0000
vt 0.6864 0.5807 0.0000
vt 0.6937 0.5887 0.0000
vt 0.6938 0.5769 0.0000
vt 0.7005 0.5849 0.0000
vt 0.7013 0.5738 0.0000
vt 0.7075 0.5818 0.0000
vt 0.1437 0.2487 0.0000
vt 0.1506 0.2437 0.0000
vt 0.1577 0.2388 0.0000
vt 0.1647 0.2341 0.0000
vt 0.1716 0.2293 0.0000
vt 0.1782 0.2250 0.0000
vt 0.1843 0.2206 0.0000
vt 0.1904 0.2162 0.0000
vt 0.1968 0.2118 0.0000
vt 0.4581 0.1207 0.0000
vt 0.4562 0.1350 0.0000
vt 0.4504 0.1192 0.0000
vt 0.4431 0.1165 0.0000
vt 0.7091 0.5716 0.0000
vt 0.7170 0.5699 0.0000
vt 0.7246 0.5689 0.0000
vt 0.7317 0.5688 0.0000
vt 0.7384 0.5697 0.0000
vt 0.7442 0.5716 0.0000
vt 0.7497 0.5745 0.0000
vt 0.4642 0.1356 0.0000
vt 0.4631 0.1505 0.0000
vt 0.4541 0.1502 0.0000
vt 0.9876 0.9263 0.0000
vt 0.9870 0.9268 0.0000
vt 0.3728 0.1342 0.0000
vt 0.3726 0.1352 0.0000
vt 0.2424 0.3700 0.0000
vt 0.2432 0.3701 0.0000
vt 0.2424 0.3732 0.0000
vt 0.2417 0.3730 0.0000
vt 0.3718 0.1370 0.0000
vt 0.3713 0.1365 0.0000
vt 0.3721 0.1352 0.0000
vt 0.2410 0.3728 0.0000
vt 0.2418 0.3699 0.0000
vt 0.2406 0.3763 0.0000
vt 0.9843 0.9310 0.0000
vt 0.9820 0.9332 0.0000
vt 0.9816 0.9324 0.0000
vt 0.9841 0.9304 0.0000
vt 0.2398 0.3798 0.0000
vt 0.9794 0.9355 0.0000
vt 0.9791 0.9347 0.0000
vt 0.2391 0.3834 0.0000
vt 0.2382 0.3832 0.0000
vt 0.2390 0.3796 0.0000
vt 0.2393 0.3874 0.0000
vt 0.2383 0.3871 0.0000
vt 0.2375 0.3869 0.0000
vt 0.2386 0.3912 0.0000
vt 0.2375 0.3910 0.0000
vt 0.9741 0.9403 0.0000
vt 0.9715 0.9429 0.0000
vt 0.9710 0.9422 0.0000
vt 0.9737 0.9395 0.0000
vt 0.4312 0.6274 0.0000
vt 0.4342 0.6284 0.0000
vt 0.9690 0.9458 0.0000
vt 0.9683 0.9449 0.0000
vt 0.4372 0.6295 0.0000
vt 0.9663 0.9489 0.0000
vt 0.9658 0.9480 0.0000
vt 0.2363 0.3990 0.0000
vt 0.2374 0.3991 0.0000
vt 0.2368 0.4034 0.0000
vt 0.2356 0.4032 0.0000
vt 0.9636 0.9520 0.0000
vt 0.9628 0.9511 0.0000
vt 0.2364 0.4077 0.0000
vt 0.2352 0.4076 0.0000
vt 0.9607 0.9552 0.0000
vt 0.9599 0.9541 0.0000
vt 0.9575 0.9583 0.0000
vt 0.9567 0.9573 0.0000
vt 0.2361 0.4121 0.0000
vt 0.2352 0.4120 0.0000
vt 0.9544 0.9617 0.0000
vt 0.9534 0.9607 0.0000
vt 0.9582 0.9592 0.0000
vt 0.9550 0.9626 0.0000
vt 0.9511 0.9652 0.0000
vt 0.9505 0.9645 0.0000
vt 0.2351 0.4167 0.0000
vt 0.2361 0.4167 0.0000
vt 0.2363 0.4215 0.0000
vt 0.2350 0.4215 0.0000
vt 0.2353 0.4267 0.0000
vt 0.2341 0.4267 0.0000
vt 0.2337 0.4215 0.0000
vt 0.9475 0.9689 0.0000
vt 0.9436 0.9725 0.0000
vt 0.9426 0.9713 0.0000
vt 0.9467 0.9680 0.0000
vt 0.2365 0.4318 0.0000
vt 0.9393 0.9759 0.0000
vt 0.9382 0.9745 0.0000
vt 0.6263 0.9066 0.0000
vt 0.6220 0.9076 0.0000
vt 0.9346 0.9780 0.0000
vt 0.9335 0.9768 0.0000
vt 0.6173 0.9100 0.0000
vt 0.6125 0.9121 0.0000
vt 0.6114 0.9106 0.0000
vt 0.6162 0.9087 0.0000
vt 0.6078 0.9152 0.0000
vt 0.6066 0.9136 0.0000
vt 0.6032 0.9188 0.0000
vt 0.6020 0.9171 0.0000
vt 0.5987 0.9225 0.0000
vt 0.5973 0.9209 0.0000
vt 0.5941 0.9263 0.0000
vt 0.5897 0.9303 0.0000
vt 0.5852 0.9343 0.0000
vt 0.5807 0.9382 0.0000
vt 0.5760 0.9422 0.0000
vt 0.5712 0.9461 0.0000
vt 0.5662 0.9500 0.0000
vt 0.5609 0.9538 0.0000
vt 0.5554 0.9573 0.0000
vt 0.5496 0.9607 0.0000
vt 0.5436 0.9637 0.0000
vt 0.5376 0.9666 0.0000
vt 0.5317 0.9690 0.0000
vt 0.5271 0.9746 0.0000
vt 0.5257 0.9711 0.0000
vt 0.5286 0.9777 0.0000
vt 0.5209 0.9762 0.0000
vt 0.5199 0.9727 0.0000
vt 0.5225 0.9791 0.0000
vt 0.5149 0.9771 0.0000
vt 0.5141 0.9736 0.0000
vt 0.9827 0.2825 0.0000
vt 0.9802 0.2852 0.0000
vt 0.9758 0.2807 0.0000
vt 0.9782 0.2779 0.0000
vt 0.5093 0.9773 0.0000
vt 0.5087 0.9738 0.0000
vt 0.9708 0.2755 0.0000
vt 0.9735 0.2730 0.0000
vt 0.9688 0.2677 0.0000
vt 0.9709 0.2654 0.0000
vt 0.9753 0.2705 0.0000
vt 0.9662 0.2701 0.0000
vt 0.9646 0.2620 0.0000
vt 0.9670 0.2599 0.0000
vt 0.9618 0.2642 0.0000
vt 0.9609 0.2560 0.0000
vt 0.9633 0.2542 0.0000
vt 0.9578 0.2579 0.0000
vt 0.4927 0.9736 0.0000
vt 0.4872 0.9713 0.0000
vt 0.9542 0.2514 0.0000
vt 0.9578 0.2497 0.0000
vt 0.9513 0.2447 0.0000
vt 0.9550 0.2432 0.0000
vt 0.9488 0.2378 0.0000
vt 0.9526 0.2365 0.0000
vt 0.9467 0.2306 0.0000
vt 0.9505 0.2296 0.0000
vt 0.9449 0.2234 0.0000
vt 0.9488 0.2225 0.0000
vt 0.9435 0.2160 0.0000
vt 0.9477 0.2153 0.0000
vt 0.9425 0.2085 0.0000
vt 0.9469 0.2080 0.0000
vt 0.9419 0.2010 0.0000
vt 0.9464 0.2007 0.0000
vt 0.9462 0.1934 0.0000
vt 0.9463 0.1861 0.0000
vt 0.9416 0.1786 0.0000
vt 0.9466 0.1787 0.0000
vt 0.9418 0.1712 0.0000
vt 0.9470 0.1714 0.0000
vt 0.9423 0.1637 0.0000
vt 0.9476 0.1640 0.0000
vt 0.9430 0.1563 0.0000
vt 0.9484 0.1567 0.0000
vt 0.8086 0.4044 0.0000
vt 0.8024 0.4045 0.0000
vt 0.8152 0.4052 0.0000
vt 0.3721 0.1347 0.0000
vt 0.9852 0.9275 0.0000
vt 0.9847 0.9270 0.0000
vt 0.9857 0.9280 0.0000
vt 0.9830 0.9290 0.0000
vt 0.9824 0.9284 0.0000
vt 0.9836 0.9297 0.0000
vt 0.9804 0.9308 0.0000
vt 0.9798 0.9302 0.0000
vt 0.9811 0.9316 0.0000
vt 0.9777 0.9329 0.0000
vt 0.9769 0.9321 0.0000
vt 0.9784 0.9338 0.0000
vt 0.9749 0.9352 0.0000
vt 0.9741 0.9344 0.0000
vt 0.9757 0.9361 0.0000
vt 0.9721 0.9378 0.0000
vt 0.9713 0.9370 0.0000
vt 0.9729 0.9387 0.0000
vt 0.9872 0.9273 0.0000
vt 0.9862 0.9286 0.0000
vt 0.9764 0.9370 0.0000
vt 0.9702 0.9413 0.0000
vt 0.9694 0.9405 0.0000
vt 0.9675 0.9440 0.0000
vt 0.9668 0.9431 0.0000
vt 0.9649 0.9470 0.0000
vt 0.9639 0.9461 0.0000
vt 0.9619 0.9500 0.0000
vt 0.9609 0.9490 0.0000
vt 0.9589 0.9531 0.0000
vt 0.9579 0.9521 0.0000
vt 0.9558 0.9563 0.0000
vt 0.9547 0.9553 0.0000
vt 0.9523 0.9596 0.0000
vt 0.9514 0.9586 0.0000
vt 0.9493 0.9632 0.0000
vt 0.9481 0.9621 0.0000
vt 0.9456 0.9667 0.0000
vt 0.9445 0.9654 0.0000
vt 0.9415 0.9701 0.0000
vt 0.9371 0.9731 0.0000
vt 0.9324 0.9757 0.0000
vt 0.9287 0.9793 0.0000
vt 0.9275 0.9777 0.0000
vt 0.2666 0.0822 0.0000
vt 0.2717 0.0797 0.0000
vt 0.2723 0.0815 0.0000
vt 0.2674 0.0841 0.0000
vt 0.2768 0.0771 0.0000
vt 0.2777 0.0792 0.0000
vt 0.2824 0.0749 0.0000
vt 0.2830 0.0769 0.0000
vt 0.5928 0.9247 0.0000
vt 0.5914 0.9232 0.0000
vt 0.5961 0.9196 0.0000
vt 0.5883 0.9286 0.0000
vt 0.5870 0.9271 0.0000
vt 0.5837 0.9324 0.0000
vt 0.5828 0.9313 0.0000
vt 0.2992 0.0691 0.0000
vt 0.3049 0.0675 0.0000
vt 0.5791 0.9362 0.0000
vt 0.5745 0.9401 0.0000
vt 0.5734 0.9385 0.0000
vt 0.5780 0.9347 0.0000
vt 0.5697 0.9440 0.0000
vt 0.5686 0.9422 0.0000
vt 0.5647 0.9477 0.0000
vt 0.5639 0.9460 0.0000
vt 0.5595 0.9512 0.0000
vt 0.5587 0.9493 0.0000
vt 0.5540 0.9546 0.0000
vt 0.5484 0.9577 0.0000
vt 0.5036 0.9731 0.0000
vt 0.4981 0.9720 0.0000
vt 0.4818 0.9684 0.0000
vt 0.9557 0.2352 0.0000
vt 0.9581 0.2417 0.0000
vt 0.9536 0.2286 0.0000
vt 0.4713 0.9613 0.0000
vt 0.4659 0.9573 0.0000
vt 0.4602 0.9533 0.0000
vt 0.4545 0.9491 0.0000
vt 0.9842 0.9267 0.0000
vt 0.9819 0.9279 0.0000
vt 0.9791 0.9296 0.0000
vt 0.9762 0.9316 0.0000
vt 0.9734 0.9340 0.0000
vt 0.9705 0.9363 0.0000
vt 0.9687 0.9396 0.0000
vt 0.9679 0.9392 0.0000
vt 0.9227 0.9791 0.0000
vt 0.9181 0.9798 0.0000
vt 0.9134 0.9806 0.0000
vt 0.9087 0.9811 0.0000
vt 0.9043 0.9811 0.0000
vt 0.5532 0.9522 0.0000
vt 0.5475 0.9550 0.0000
vt 0.8720 0.1369 0.0000
vt 0.8801 0.1475 0.0000
vt 0.8704 0.1521 0.0000
vt 0.8628 0.1432 0.0000
vt 0.0886 0.1757 0.0000
vt 0.1011 0.1835 0.0000
vt 0.0948 0.1952 0.0000
vt 0.0843 0.1883 0.0000
vt 0.5673 0.7886 0.0000
vt 0.5568 0.7806 0.0000
vt 0.5702 0.7731 0.0000
vt 0.5794 0.7814 0.0000
vt 0.0754 0.1705 0.0000
vt 0.0775 0.1577 0.0000
vt 0.0920 0.1639 0.0000
vt 0.0793 0.1438 0.0000
vt 0.0945 0.1527 0.0000
vt 0.5710 0.8024 0.0000
vt 0.5746 0.8099 0.0000
vt 0.5598 0.8101 0.0000
vt 0.5571 0.8031 0.0000
vt 0.5839 0.7997 0.0000
vt 0.5889 0.8086 0.0000
vt 0.8763 0.1597 0.0000
vt 0.8871 0.1568 0.0000
vt 0.8632 0.1640 0.0000
vt 0.8583 0.1581 0.0000
vt 0.8512 0.1516 0.0000
vt 0.8406 0.1439 0.0000
vt 0.8507 0.1357 0.0000
vt 0.8274 0.1335 0.0000
vt 0.8390 0.1270 0.0000
vt 0.8728 0.1760 0.0000
vt 0.8774 0.1840 0.0000
vt 0.8653 0.1892 0.0000
vt 0.8602 0.1814 0.0000
vt 0.8870 0.1720 0.0000
vt 0.8912 0.1803 0.0000
vt 0.8680 0.1692 0.0000
vt 0.8821 0.1652 0.0000
vt 0.8550 0.1747 0.0000
vt 0.8509 0.1703 0.0000
vt 0.8461 0.1658 0.0000
vt 0.8395 0.1606 0.0000
vt 0.8296 0.1533 0.0000
vt 0.8154 0.1420 0.0000
vt 0.8698 0.1959 0.0000
vt 0.8634 0.2087 0.0000
vt 0.8602 0.2024 0.0000
vt 0.8823 0.1910 0.0000
vt 0.8555 0.1958 0.0000
vt 0.8500 0.1891 0.0000
vt 0.8451 0.1832 0.0000
vt 0.8414 0.1788 0.0000
vt 0.8364 0.1749 0.0000
vt 0.8295 0.1706 0.0000
vt 0.8183 0.1633 0.0000
vt 0.8642 0.2300 0.0000
vt 0.8603 0.2233 0.0000
vt 0.0365 0.4035 0.0000
vt 0.0484 0.4069 0.0000
vt 0.0480 0.4150 0.0000
vt 0.0355 0.4119 0.0000
vt 0.1551 0.6606 0.0000
vt 0.1677 0.6594 0.0000
vt 0.1672 0.6660 0.0000
vt 0.1553 0.6680 0.0000
vt 0.8524 0.2102 0.0000
vt 0.8473 0.2040 0.0000
vt 0.8421 0.1978 0.0000
vt 0.8377 0.1923 0.0000
vt 0.8337 0.1878 0.0000
vt 0.8283 0.1844 0.0000
vt 0.8209 0.1801 0.0000
vt 0.8081 0.1742 0.0000
vt 0.1843 0.6477 0.0000
vt 0.1841 0.6546 0.0000
vt 0.1685 0.6528 0.0000
vt 0.1837 0.6611 0.0000
vt 0.1833 0.6673 0.0000
vt 0.0479 0.4230 0.0000
vt 0.0640 0.4254 0.0000
vt 0.0638 0.4342 0.0000
vt 0.0472 0.4315 0.0000
vt 0.0635 0.4429 0.0000
vt 0.0463 0.4399 0.0000
vt 0.0631 0.4509 0.0000
vt 0.0461 0.4474 0.0000
vt 0.0625 0.4580 0.0000
vt 0.0461 0.4539 0.0000
vt 0.4513 0.4212 0.0000
vt 0.4419 0.4316 0.0000
vt 0.4358 0.4290 0.0000
vt 0.4457 0.4187 0.0000
vt 0.4387 0.4141 0.0000
vt 0.4627 0.4316 0.0000
vt 0.4704 0.4315 0.0000
vt 0.4648 0.4480 0.0000
vt 0.4566 0.4487 0.0000
vt 0.4483 0.4490 0.0000
vt 0.4550 0.4317 0.0000
vt 0.4399 0.4489 0.0000
vt 0.4481 0.4321 0.0000
vt 0.4321 0.4479 0.0000
vt 0.4244 0.4453 0.0000
vt 0.8044 0.1093 0.0000
vt 0.8023 0.0958 0.0000
vt 0.8136 0.1218 0.0000
vt 0.1401 0.7962 0.0000
vt 0.1234 0.7853 0.0000
vt 0.1321 0.7862 0.0000
vt 0.1464 0.8092 0.0000
vt 0.1419 0.8145 0.0000
vt 0.1519 0.3773 0.0000
vt 0.1534 0.3691 0.0000
vt 0.1557 0.3884 0.0000
vt 0.1499 0.3889 0.0000
vt 0.1674 0.4056 0.0000
vt 0.1609 0.4047 0.0000
vt 0.1537 0.4042 0.0000
vt 0.1298 0.2157 0.0000
vt 0.1369 0.1951 0.0000
vt 0.1430 0.1969 0.0000
vt 0.1351 0.2177 0.0000
vt 0.0215 0.3434 0.0000
vt 0.0017 0.3447 0.0000
vt 0.0008 0.3386 0.0000
vt 0.0204 0.3381 0.0000
vt 0.0005 0.3312 0.0000
vt 0.0198 0.3315 0.0000
vt 0.0009 0.3232 0.0000
vt 0.0199 0.3242 0.0000
vt 0.0017 0.3158 0.0000
vt 0.0206 0.3174 0.0000
vt 0.1486 0.1980 0.0000
vt 0.1407 0.2195 0.0000
vt 0.0027 0.3097 0.0000
vt 0.0216 0.3117 0.0000
vt 0.0677 0.0831 0.0000
vt 0.0618 0.0851 0.0000
vt 0.4267 0.9828 0.0000
vt 0.4311 0.9780 0.0000
vt 0.4352 0.9719 0.0000
vt 0.4386 0.9647 0.0000
vt 0.4407 0.9574 0.0000
vt 0.1499 0.1734 0.0000
vt 0.1556 0.1543 0.0000
vt 0.1617 0.1556 0.0000
vt 0.1561 0.1745 0.0000
vt 0.5766 0.7097 0.0000
vt 0.5717 0.7154 0.0000
vt 0.5686 0.7095 0.0000
vt 0.5802 0.7148 0.0000
vt 0.5757 0.7211 0.0000
vt 0.8959 0.3936 0.0000
vt 0.8965 0.3869 0.0000
vt 0.5822 0.7099 0.0000
vt 0.5853 0.7050 0.0000
vt 0.5886 0.7069 0.0000
vt 0.5881 0.7108 0.0000
vt 0.8950 0.4005 0.0000
vt 0.5863 0.7162 0.0000
vt 0.5934 0.7565 0.0000
vt 0.6026 0.7657 0.0000
vt 0.5915 0.7737 0.0000
vt 0.5830 0.7651 0.0000
vt 0.6010 0.7479 0.0000
vt 0.6108 0.7574 0.0000
vt 0.5839 0.7488 0.0000
vt 0.5927 0.7396 0.0000
vt 0.5748 0.7590 0.0000
vt 0.5977 0.7813 0.0000
vt 0.5949 0.7958 0.0000
vt 0.5873 0.7878 0.0000
vt 0.8462 0.3414 0.0000
vt 0.8598 0.3406 0.0000
vt 0.8580 0.3518 0.0000
vt 0.8445 0.3515 0.0000
vt 0.5768 0.7936 0.0000
vt 0.0730 0.2052 0.0000
vt 0.0562 0.2022 0.0000
vt 0.0623 0.1960 0.0000
vt 0.5929 0.8154 0.0000
vt 0.8966 0.1873 0.0000
vt 0.9000 0.1697 0.0000
vt 0.9034 0.1789 0.0000
vt 0.3572 0.1068 0.0000
vt 0.3434 0.1077 0.0000
vt 0.3474 0.1009 0.0000
vt 0.3705 0.1080 0.0000
vt 0.3688 0.9235 0.0000
vt 0.3739 0.9201 0.0000
vt 0.3399 0.9212 0.0000
vt 0.3332 0.9269 0.0000
vt 0.5395 0.6684 0.0000
vt 0.5477 0.6699 0.0000
vt 0.3859 0.2383 0.0000
vt 0.3869 0.2454 0.0000
vt 0.3317 0.9115 0.0000
vt 0.3385 0.9119 0.0000
vt 0.3443 0.9109 0.0000
vt 0.3475 0.9250 0.0000
vt 0.3363 0.9324 0.0000
vt 0.1793 0.8874 0.0000
vt 0.1720 0.8926 0.0000
vt 0.1815 0.8933 0.0000
vt 0.1731 0.9006 0.0000
vt 0.6576 0.1426 0.0000
vt 0.6496 0.1381 0.0000
vt 0.6412 0.1358 0.0000
vt 0.6323 0.1352 0.0000
vt 0.6349 0.1255 0.0000
vt 0.6233 0.1360 0.0000
vt 0.6254 0.1260 0.0000
vt 0.5110 0.0976 0.0000
vt 0.5028 0.0900 0.0000
vt 0.3502 0.5898 0.0000
vt 0.3423 0.5875 0.0000
vt 0.3340 0.5851 0.0000
vt 0.3253 0.5831 0.0000
vt 0.3160 0.5814 0.0000
vt 0.3071 0.5803 0.0000
vt 0.2982 0.5797 0.0000
vt 0.2901 0.5799 0.0000
vt 0.2821 0.5801 0.0000
vt 0.2739 0.5805 0.0000
vt 0.2661 0.5818 0.0000
vt 0.2585 0.5838 0.0000
vt 0.2492 0.5737 0.0000
vt 0.2514 0.5859 0.0000
vt 0.2456 0.5893 0.0000
vt 0.2406 0.5934 0.0000
vt 0.3944 0.0067 0.0000
vt 0.3959 0.0219 0.0000
vt 0.3887 0.0227 0.0000
vt 0.3856 0.0066 0.0000
vt 0.6669 0.2219 0.0000
vt 0.6616 0.2185 0.0000
vt 0.6624 0.2148 0.0000
vt 0.6680 0.2186 0.0000
vt 0.1900 0.0338 0.0000
vt 0.1892 0.0296 0.0000
vt 0.1959 0.0283 0.0000
vt 0.1970 0.0324 0.0000
vt 0.1827 0.0346 0.0000
vt 0.1822 0.0305 0.0000
vt 0.6734 0.2227 0.0000
vt 0.6722 0.2260 0.0000
vt 0.5823 0.6122 0.0000
vt 0.5831 0.6175 0.0000
vt 0.1831 0.0381 0.0000
vt 0.1755 0.0389 0.0000
vt 0.1753 0.0352 0.0000
vt 0.5837 0.6232 0.0000
vt 0.1677 0.0397 0.0000
vt 0.1677 0.0356 0.0000
vt 0.5844 0.6294 0.0000
vt 0.5877 0.6214 0.0000
vt 0.5885 0.6275 0.0000
vt 0.5848 0.6355 0.0000
vt 0.1600 0.0360 0.0000
vt 0.1599 0.0402 0.0000
vt 0.1518 0.0404 0.0000
vt 0.1520 0.0361 0.0000
vt 0.5849 0.6417 0.0000
vt 0.6925 0.2463 0.0000
vt 0.6942 0.2429 0.0000
vt 0.7000 0.2484 0.0000
vt 0.6981 0.2519 0.0000
vt 0.5848 0.6479 0.0000
vt 0.7061 0.2540 0.0000
vt 0.7041 0.2576 0.0000
vt 0.1351 0.0356 0.0000
vt 0.1263 0.0352 0.0000
vt 0.1269 0.0298 0.0000
vt 0.1354 0.0306 0.0000
vt 0.7127 0.2597 0.0000
vt 0.7103 0.2633 0.0000
vt 0.1176 0.0338 0.0000
vt 0.1182 0.0285 0.0000
vt 0.7192 0.2654 0.0000
vt 0.7171 0.2690 0.0000
vt 0.1088 0.0319 0.0000
vt 0.1094 0.0271 0.0000
vt 0.7266 0.2707 0.0000
vt 0.7245 0.2742 0.0000
vt 0.8108 0.2677 0.0000
vt 0.8034 0.2664 0.0000
vt 0.7342 0.2759 0.0000
vt 0.7320 0.2795 0.0000
vt 0.7957 0.2646 0.0000
vt 0.7420 0.2810 0.0000
vt 0.7398 0.2845 0.0000
vt 0.7881 0.2627 0.0000
vt 0.7498 0.2863 0.0000
vt 0.7477 0.2897 0.0000
vt 0.7804 0.2606 0.0000
vt 0.7579 0.2916 0.0000
vt 0.7556 0.2949 0.0000
vt 0.7728 0.2576 0.0000
vt 0.7661 0.2966 0.0000
vt 0.7638 0.2999 0.0000
vt 0.7650 0.2535 0.0000
vt 0.7747 0.3012 0.0000
vt 0.7723 0.3044 0.0000
vt 0.7835 0.3058 0.0000
vt 0.7809 0.3089 0.0000
vt 0.7573 0.2486 0.0000
vt 0.0476 0.0114 0.0000
vt 0.0465 0.0159 0.0000
vt 0.0376 0.0116 0.0000
vt 0.0391 0.0067 0.0000
vt 0.7496 0.2437 0.0000
vt 0.7459 0.2469 0.0000
vt 0.7377 0.2422 0.0000
vt 0.7421 0.2386 0.0000
vt 0.7303 0.2359 0.0000
vt 0.7351 0.2323 0.0000
vt 0.7233 0.2282 0.0000
vt 0.7282 0.2249 0.0000
vt 0.7158 0.2213 0.0000
vt 0.7212 0.2177 0.0000
vt 0.7082 0.2141 0.0000
vt 0.7145 0.2099 0.0000
vt 0.7021 0.2048 0.0000
vt 0.7084 0.2010 0.0000
vt 0.6961 0.1965 0.0000
vt 0.7025 0.1923 0.0000
vt 0.6900 0.1882 0.0000
vt 0.6964 0.1837 0.0000
vt 0.6843 0.1793 0.0000
vt 0.6899 0.1747 0.0000
vt 0.6776 0.1707 0.0000
vt 0.6824 0.1656 0.0000
vt 0.6697 0.1628 0.0000
vt 0.6740 0.1568 0.0000
vt 0.6625 0.1554 0.0000
vt 0.6658 0.1489 0.0000
vt 0.6549 0.1500 0.0000
vt 0.6477 0.1464 0.0000
vt 0.6404 0.1447 0.0000
vt 0.6325 0.1449 0.0000
vt 0.6242 0.1461 0.0000
vt 0.6159 0.1475 0.0000
vt 0.6145 0.1374 0.0000
vt 0.6078 0.1493 0.0000
vt 0.6059 0.1393 0.0000
vt 0.5997 0.1516 0.0000
vt 0.5978 0.1414 0.0000
vt 0.5928 0.1541 0.0000
vt 0.5899 0.1442 0.0000
vt 0.5856 0.1576 0.0000
vt 0.5825 0.1476 0.0000
vt 0.5794 0.1617 0.0000
vt 0.5753 0.1515 0.0000
vt 0.5734 0.1663 0.0000
vt 0.5689 0.1558 0.0000
vt 0.5672 0.1713 0.0000
vt 0.5625 0.1601 0.0000
vt 0.5615 0.1757 0.0000
vt 0.5563 0.1646 0.0000
vt 0.5562 0.1799 0.0000
vt 0.5503 0.1691 0.0000
vt 0.5501 0.1848 0.0000
vt 0.5439 0.1741 0.0000
vt 0.5441 0.1896 0.0000
vt 0.5374 0.1793 0.0000
vt 0.5391 0.1942 0.0000
vt 0.5315 0.1846 0.0000
vt 0.5340 0.1989 0.0000
vt 0.5256 0.1898 0.0000
vt 0.5292 0.2038 0.0000
vt 0.5198 0.1949 0.0000
vt 0.5246 0.2089 0.0000
vt 0.5143 0.2001 0.0000
vt 0.3478 0.0778 0.0000
vt 0.3436 0.0781 0.0000
vt 0.3520 0.0771 0.0000
vt 0.3109 0.7394 0.0000
vt 0.3111 0.7425 0.0000
vt 0.3096 0.7425 0.0000
vt 0.3095 0.7392 0.0000
vt 0.5365 0.2667 0.0000
vt 0.5328 0.2673 0.0000
vt 0.5402 0.2657 0.0000
vt 0.5438 0.2642 0.0000
vt 0.5475 0.2622 0.0000
vt 0.5514 0.2596 0.0000
vt 0.5553 0.2568 0.0000
vt 0.5593 0.2536 0.0000
vt 0.5634 0.2502 0.0000
vt 0.5658 0.2447 0.0000
vt 0.5676 0.2466 0.0000
vt 0.5699 0.2407 0.0000
vt 0.5718 0.2426 0.0000
vt 0.5741 0.2367 0.0000
vt 0.5760 0.2386 0.0000
vt 0.5725 0.2349 0.0000
vt 0.5784 0.2327 0.0000
vt 0.5803 0.2347 0.0000
vt 0.5766 0.2307 0.0000
vt 0.5827 0.2287 0.0000
vt 0.5846 0.2309 0.0000
vt 0.5872 0.2251 0.0000
vt 0.5890 0.2273 0.0000
vt 0.5917 0.2215 0.0000
vt 0.5936 0.2238 0.0000
vt 0.5949 0.2155 0.0000
vt 0.5965 0.2181 0.0000
vt 0.5983 0.2207 0.0000
vt 0.6000 0.2122 0.0000
vt 0.6014 0.2151 0.0000
vt 0.6032 0.2179 0.0000
vt 0.6063 0.2124 0.0000
vt 0.6081 0.2154 0.0000
vt 0.6113 0.2102 0.0000
vt 0.6129 0.2132 0.0000
vt 0.6162 0.2083 0.0000
vt 0.6175 0.2115 0.0000
vt 0.6200 0.2034 0.0000
vt 0.6209 0.2070 0.0000
vt 0.6220 0.2104 0.0000
vt 0.6251 0.2024 0.0000
vt 0.6257 0.2061 0.0000
vt 0.6265 0.2096 0.0000
vt 0.6301 0.2019 0.0000
vt 0.6304 0.2057 0.0000
vt 0.2397 0.0122 0.0000
vt 0.2350 0.0165 0.0000
vt 0.2324 0.0143 0.0000
vt 0.2371 0.0103 0.0000
vt 0.6356 0.2057 0.0000
vt 0.6361 0.2094 0.0000
vt 0.6311 0.2095 0.0000
vt 0.6405 0.2061 0.0000
vt 0.2298 0.0205 0.0000
vt 0.2244 0.0247 0.0000
vt 0.2222 0.0217 0.0000
vt 0.2275 0.0182 0.0000
vt 0.6460 0.2073 0.0000
vt 0.2184 0.0281 0.0000
vt 0.2165 0.0254 0.0000
vt 0.6516 0.2090 0.0000
vt 0.6513 0.2127 0.0000
vt 0.6461 0.2109 0.0000
vt 0.6568 0.2116 0.0000
vt 0.2119 0.0311 0.0000
vt 0.2051 0.0340 0.0000
vt 0.2038 0.0306 0.0000
vt 0.2103 0.0282 0.0000
vt 0.1980 0.0358 0.0000
vt 0.6787 0.2273 0.0000
vt 0.6838 0.2322 0.0000
vt 0.6890 0.2374 0.0000
vt 0.7773 0.2971 0.0000
vt 0.7860 0.3018 0.0000
vt 0.7951 0.3063 0.0000
vt 0.7925 0.3106 0.0000
vt 0.8045 0.3110 0.0000
vt 0.8015 0.3157 0.0000
vt 0.8136 0.3155 0.0000
vt 0.8103 0.3203 0.0000
vt 0.8222 0.3189 0.0000
vt 0.8189 0.3236 0.0000
vt 0.8313 0.3228 0.0000
vt 0.8278 0.3279 0.0000
vt 0.8411 0.3270 0.0000
vt 0.8369 0.3326 0.0000
vt 0.5992 0.5571 0.0000
vt 0.6050 0.5622 0.0000
vt 0.5974 0.5703 0.0000
vt 0.5916 0.5654 0.0000
vt 0.5908 0.5782 0.0000
vt 0.5845 0.5731 0.0000
vt 0.5841 0.5860 0.0000
vt 0.5774 0.5807 0.0000
vt 0.5771 0.5933 0.0000
vt 0.5705 0.5889 0.0000
vt 0.5718 0.6015 0.0000
vt 0.5646 0.5981 0.0000
vt 0.5680 0.6106 0.0000
vt 0.5601 0.6083 0.0000
vt 0.5657 0.6196 0.0000
vt 0.5577 0.6189 0.0000
vt 0.5653 0.6284 0.0000
vt 0.5571 0.6290 0.0000
vt 0.5664 0.6364 0.0000
vt 0.5582 0.6383 0.0000
vt 0.5691 0.6435 0.0000
vt 0.5609 0.6469 0.0000
vt 0.6424 0.1523 0.0000
vt 0.6354 0.1535 0.0000
vt 0.6275 0.1552 0.0000
vt 0.6199 0.1561 0.0000
vt 0.6121 0.1586 0.0000
vt 0.6044 0.1610 0.0000
vt 0.5901 0.6887 0.0000
vt 0.5980 0.6814 0.0000
vt 0.6050 0.6885 0.0000
vt 0.5977 0.6962 0.0000
vt 0.5985 0.1629 0.0000
vt 0.5921 0.1667 0.0000
vt 0.5862 0.1709 0.0000
vt 0.5808 0.1755 0.0000
vt 0.5749 0.1813 0.0000
vt 0.5697 0.1854 0.0000
vt 0.5645 0.1896 0.0000
vt 0.5585 0.1952 0.0000
vt 0.5527 0.1995 0.0000
vt 0.5481 0.2033 0.0000
vt 0.5439 0.2080 0.0000
vt 0.5393 0.2131 0.0000
vt 0.5345 0.2181 0.0000
vt 0.8487 0.3285 0.0000
vt 0.8571 0.3306 0.0000
vt 0.8653 0.3330 0.0000
vt 0.5902 0.5909 0.0000
vt 0.5835 0.5975 0.0000
vt 0.8676 0.7859 0.0000
vt 0.8624 0.7915 0.0000
vt 0.8578 0.7985 0.0000
vt 0.8549 0.8061 0.0000
vt 0.8527 0.8142 0.0000
vt 0.8513 0.8220 0.0000
vt 0.8504 0.8295 0.0000
vt 0.8491 0.8372 0.0000
vt 0.8477 0.8457 0.0000
vt 0.8478 0.8553 0.0000
vt 0.8480 0.8648 0.0000
vt 0.8487 0.8747 0.0000
vt 0.8509 0.8838 0.0000
vt 0.8521 0.8920 0.0000
vt 0.8538 0.8999 0.0000
vt 0.8555 0.9070 0.0000
vt 0.0907 0.1029 0.0000
vt 0.0888 0.0955 0.0000
vt 0.5791 0.1919 0.0000
vt 0.5735 0.1963 0.0000
vt 0.5676 0.2027 0.0000
vt 0.5619 0.2067 0.0000
vt 0.5572 0.2106 0.0000
vt 0.5429 0.2265 0.0000
vt 0.3132 0.9448 0.0000
vt 0.3017 0.9468 0.0000
vt 0.3011 0.9401 0.0000
vt 0.3128 0.9392 0.0000
vt 0.3255 0.9435 0.0000
vt 0.3251 0.9388 0.0000
vt 0.3382 0.9379 0.0000
vt 0.3386 0.9426 0.0000
vt 0.3128 0.9334 0.0000
vt 0.3247 0.9337 0.0000
vt 0.3013 0.9331 0.0000
vt 0.3176 0.7042 0.0000
vt 0.3187 0.6941 0.0000
vt 0.3225 0.8367 0.0000
vt 0.3082 0.8347 0.0000
vt 0.3171 0.8313 0.0000
vt 0.2703 0.9229 0.0000
vt 0.2675 0.9201 0.0000
vt 0.8996 0.4088 0.0000
vt 0.8936 0.4069 0.0000
vt 0.5825 0.7231 0.0000
vt 0.2008 0.6287 0.0000
vt 0.2009 0.6372 0.0000
vt 0.2011 0.6454 0.0000
vt 0.2013 0.6532 0.0000
vt 0.2014 0.6604 0.0000
vt 0.2011 0.6674 0.0000
vt 0.0641 0.4170 0.0000
vt 0.0818 0.4172 0.0000
vt 0.0819 0.4263 0.0000
vt 0.2175 0.6126 0.0000
vt 0.3443 0.0005 0.0000
vt 0.3514 0.0175 0.0000
vt 0.3428 0.0224 0.0000
vt 0.3351 0.0055 0.0000
vt 0.5259 0.4300 0.0000
vt 0.5181 0.4516 0.0000
vt 0.5184 0.4325 0.0000
vt 0.5104 0.4543 0.0000
vt 0.5107 0.4353 0.0000
vt 0.5026 0.4570 0.0000
vt 0.5030 0.4382 0.0000
vt 0.4949 0.4596 0.0000
vt 0.4955 0.4410 0.0000
vt 0.4869 0.4621 0.0000
vt 0.4879 0.4435 0.0000
vt 0.4792 0.4640 0.0000
vt 0.4803 0.4454 0.0000
vt 0.4711 0.4654 0.0000
vt 0.4727 0.4469 0.0000
vt 0.4625 0.4667 0.0000
vt 0.4538 0.4677 0.0000
vt 0.4449 0.4680 0.0000
vt 0.4356 0.4679 0.0000
vt 0.4258 0.4669 0.0000
vt 0.4158 0.4643 0.0000
vt 0.5809 0.6107 0.0000
vt 0.5788 0.6042 0.0000
vt 0.5885 0.6037 0.0000
vt 0.5884 0.6116 0.0000
vt 0.2676 0.9160 0.0000
vt 0.2618 0.9151 0.0000
vt 0.5942 0.7170 0.0000
vt 0.5907 0.7244 0.0000
vt 0.2522 0.9085 0.0000
vt 0.2625 0.9072 0.0000
vt 0.8678 0.3768 0.0000
vt 0.8696 0.3655 0.0000
vt 0.8829 0.3658 0.0000
vt 0.8818 0.3777 0.0000
vt 0.6061 0.7399 0.0000
vt 0.6164 0.7496 0.0000
vt 0.8663 0.3876 0.0000
vt 0.8515 0.3867 0.0000
vt 0.8537 0.3753 0.0000
vt 0.8805 0.3885 0.0000
vt 0.5979 0.7308 0.0000
vt 0.5855 0.7336 0.0000
vt 0.8927 0.3775 0.0000
vt 0.8908 0.3882 0.0000
vt 0.5772 0.7312 0.0000
vt 0.8926 0.3462 0.0000
vt 0.8996 0.3521 0.0000
vt 0.8946 0.3559 0.0000
vt 0.8849 0.3527 0.0000
vt 0.3075 0.2374 0.0000
vt 0.3053 0.2321 0.0000
vt 0.3109 0.2264 0.0000
vt 0.3153 0.2331 0.0000
vt 0.8409 0.7718 0.0000
vt 0.5052 0.4727 0.0000
vt 0.4971 0.4751 0.0000
vt 0.4893 0.4779 0.0000
vt 0.4813 0.4796 0.0000
vt 0.4732 0.4803 0.0000
vt 0.4641 0.4817 0.0000
vt 0.4547 0.4832 0.0000
vt 0.4456 0.4834 0.0000
vt 0.4354 0.4832 0.0000
vt 0.5109 0.4844 0.0000
vt 0.5025 0.4855 0.0000
vt 0.4945 0.4891 0.0000
vt 0.4863 0.4905 0.0000
vt 0.2376 0.3135 0.0000
vt 0.2339 0.3026 0.0000
vt 0.2435 0.2996 0.0000
vt 0.2469 0.3100 0.0000
vt 0.3275 0.5099 0.0000
vt 0.3301 0.5167 0.0000
vt 0.3347 0.7720 0.0000
vt 0.3263 0.7792 0.0000
vt 0.3378 0.7786 0.0000
vt 0.3294 0.7861 0.0000
vt 0.3332 0.7927 0.0000
vt 0.3382 0.8000 0.0000
vt 0.3436 0.8071 0.0000
vt 0.3496 0.8142 0.0000
vt 0.3692 0.8012 0.0000
vt 0.3639 0.8119 0.0000
vt 0.3566 0.8218 0.0000
vt 0.3752 0.8075 0.0000
vt 0.3702 0.8187 0.0000
vt 0.3630 0.8291 0.0000
vt 0.8173 0.2405 0.0000
vt 0.8084 0.2409 0.0000
vt 0.3757 0.8248 0.0000
vt 0.3693 0.8361 0.0000
vt 0.3830 0.8302 0.0000
vt 0.3769 0.8422 0.0000
vt 0.3938 0.8233 0.0000
vt 0.3902 0.8350 0.0000
vt 0.3855 0.8469 0.0000
vt 0.4010 0.8284 0.0000
vt 0.3991 0.8400 0.0000
vt 0.3955 0.8520 0.0000
vt 0.4014 0.8179 0.0000
vt 0.4079 0.8214 0.0000
vt 0.4090 0.8321 0.0000
vt 0.4082 0.8435 0.0000
vt 0.4058 0.8547 0.0000
vt 0.4156 0.8230 0.0000
vt 0.4176 0.8340 0.0000
vt 0.4179 0.8456 0.0000
vt 0.4239 0.8237 0.0000
vt 0.4268 0.8346 0.0000
vt 0.4288 0.8454 0.0000
vt 0.4363 0.8332 0.0000
vt 0.4395 0.8428 0.0000
vt 0.4474 0.8297 0.0000
vt 0.4513 0.8395 0.0000
vt 0.4474 0.8177 0.0000
vt 0.4544 0.8265 0.0000
vt 0.4589 0.8354 0.0000
vt 0.4391 0.8093 0.0000
vt 0.4538 0.8146 0.0000
vt 0.4608 0.8229 0.0000
vt 0.4657 0.8310 0.0000
vt 0.4609 0.8093 0.0000
vt 0.4688 0.8177 0.0000
vt 0.4743 0.8262 0.0000
vt 0.4683 0.8035 0.0000
vt 0.4761 0.8122 0.0000
vt 0.4819 0.8210 0.0000
vt 0.6632 0.9447 0.0000
vt 0.6536 0.9468 0.0000
vt 0.6490 0.9366 0.0000
vt 0.6582 0.9331 0.0000
vt 0.4745 0.7999 0.0000
vt 0.4815 0.8076 0.0000
vt 0.9684 0.1596 0.0000
vt 0.9677 0.1618 0.0000
vt 0.5734 0.5100 0.0000
vt 0.5734 0.5122 0.0000
vt 0.5724 0.5120 0.0000
vt 0.5725 0.5096 0.0000
vt 0.9685 0.1624 0.0000
vt 0.5714 0.5119 0.0000
vt 0.5715 0.5094 0.0000
vt 0.9691 0.1632 0.0000
vt 0.8722 0.5818 0.0000
vt 0.8722 0.5848 0.0000
vt 0.9681 0.1566 0.0000
vt 0.9690 0.1572 0.0000
vt 0.5735 0.5148 0.0000
vt 0.5724 0.5144 0.0000
vt 0.4318 0.1140 0.0000
vt 0.4301 0.1164 0.0000
vt 0.4293 0.1156 0.0000
vt 0.4311 0.1133 0.0000
vt 0.4286 0.1148 0.0000
vt 0.4305 0.1125 0.0000
vt 0.5259 0.8592 0.0000
vt 0.5260 0.8601 0.0000
vt 0.5227 0.8614 0.0000
vt 0.5261 0.8610 0.0000
vt 0.5227 0.8622 0.0000
vt 0.4283 0.1190 0.0000
vt 0.4274 0.1181 0.0000
vt 0.8725 0.5880 0.0000
vt 0.8729 0.5914 0.0000
vt 0.5295 0.8587 0.0000
vt 0.9669 0.1555 0.0000
vt 0.9668 0.1528 0.0000
vt 0.9679 0.1531 0.0000
vt 0.9680 0.1560 0.0000
vt 0.4263 0.1214 0.0000
vt 0.4254 0.1206 0.0000
vt 0.8733 0.5950 0.0000
vt 0.9658 0.1523 0.0000
vt 0.9657 0.1494 0.0000
vt 0.9668 0.1498 0.0000
vt 0.9679 0.1502 0.0000
vt 0.9690 0.1502 0.0000
vt 0.9691 0.1530 0.0000
vt 0.8735 0.5985 0.0000
vt 0.3074 0.7396 0.0000
vt 0.3045 0.7390 0.0000
vt 0.3074 0.7385 0.0000
vt 0.9667 0.1472 0.0000
vt 0.9678 0.1473 0.0000
vt 0.9690 0.1474 0.0000
vt 0.8739 0.6021 0.0000
vt 0.3016 0.7395 0.0000
vt 0.9665 0.1445 0.0000
vt 0.9678 0.1446 0.0000
vt 0.4222 0.1264 0.0000
vt 0.4202 0.1291 0.0000
vt 0.4193 0.1282 0.0000
vt 0.4214 0.1256 0.0000
vt 0.2987 0.7398 0.0000
vt 0.4211 0.1298 0.0000
vt 0.4188 0.1327 0.0000
vt 0.4179 0.1320 0.0000
vt 0.4171 0.1311 0.0000
vt 0.2958 0.7414 0.0000
vt 0.2956 0.7402 0.0000
vt 0.4166 0.1356 0.0000
vt 0.4156 0.1348 0.0000
vt 0.4147 0.1340 0.0000
vt 0.2926 0.7416 0.0000
vt 0.2925 0.7405 0.0000
vt 0.4141 0.1385 0.0000
vt 0.4132 0.1377 0.0000
vt 0.4123 0.1370 0.0000
vt 0.2887 0.7425 0.0000
vt 0.2891 0.7408 0.0000
vt 0.2897 0.7394 0.0000
vt 0.2930 0.7392 0.0000
vt 0.4108 0.1409 0.0000
vt 0.4098 0.1400 0.0000
vt 0.2853 0.7421 0.0000
vt 0.2856 0.7407 0.0000
vt 0.2862 0.7393 0.0000
vt 0.4080 0.1441 0.0000
vt 0.4071 0.1430 0.0000
vt 0.5608 0.8483 0.0000
vt 0.5654 0.8476 0.0000
vt 0.5653 0.8491 0.0000
vt 0.5606 0.8496 0.0000
vt 0.2819 0.7402 0.0000
vt 0.2826 0.7386 0.0000
vt 0.4048 0.1473 0.0000
vt 0.4039 0.1460 0.0000
vt 0.5703 0.8468 0.0000
vt 0.5703 0.8486 0.0000
vt 0.4057 0.1484 0.0000
vt 0.4019 0.1515 0.0000
vt 0.4013 0.1498 0.0000
vt 0.9501 0.5431 0.0000
vt 0.9463 0.5422 0.0000
vt 0.9471 0.5407 0.0000
vt 0.9513 0.5420 0.0000
vt 0.9480 0.5391 0.0000
vt 0.9514 0.5406 0.0000
vt 0.3971 0.1524 0.0000
vt 0.9449 0.5434 0.0000
vt 0.9406 0.5417 0.0000
vt 0.9420 0.5403 0.0000
vt 0.9435 0.5388 0.0000
vt 0.9444 0.5371 0.0000
vt 0.9363 0.5389 0.0000
vt 0.9378 0.5374 0.0000
vt 0.9393 0.5359 0.0000
vt 0.9407 0.5344 0.0000
vt 0.9338 0.5342 0.0000
vt 0.9355 0.5327 0.0000
vt 0.9369 0.5312 0.0000
vt 0.9296 0.5304 0.0000
vt 0.9314 0.5289 0.0000
vt 0.9331 0.5275 0.0000
vt 0.9255 0.5263 0.0000
vt 0.9276 0.5248 0.0000
vt 0.9217 0.5219 0.0000
vt 0.9238 0.5205 0.0000
vt 0.9179 0.5173 0.0000
vt 0.9201 0.5160 0.0000
vt 0.9222 0.5147 0.0000
vt 0.9141 0.5127 0.0000
vt 0.9164 0.5113 0.0000
vt 0.9185 0.5100 0.0000
vt 0.9102 0.5081 0.0000
vt 0.9062 0.5034 0.0000
vt 0.9023 0.4985 0.0000
vt 0.8983 0.4938 0.0000
vt 0.8941 0.4890 0.0000
vt 0.8897 0.4844 0.0000
vt 0.8825 0.4822 0.0000
vt 0.8849 0.4799 0.0000
vt 0.3361 0.1199 0.0000
vt 0.8775 0.4780 0.0000
vt 0.8798 0.4755 0.0000
vt 0.3427 0.1212 0.0000
vt 0.8723 0.4742 0.0000
vt 0.8745 0.4714 0.0000
vt 0.8711 0.4767 0.0000
vt 0.8658 0.4734 0.0000
vt 0.8668 0.4706 0.0000
vt 0.8605 0.4703 0.0000
vt 0.8614 0.4674 0.0000
vt 0.3639 0.1185 0.0000
vt 0.3638 0.1220 0.0000
vt 0.3567 0.1225 0.0000
vt 0.8560 0.4645 0.0000
vt 0.3709 0.1210 0.0000
vt 0.8506 0.4623 0.0000
vt 0.3775 0.1192 0.0000
vt 0.8456 0.4607 0.0000
vt 0.8455 0.4643 0.0000
vt 0.8405 0.4635 0.0000
vt 0.8403 0.4597 0.0000
vt 0.3902 0.1144 0.0000
vt 0.3840 0.1172 0.0000
vt 0.8354 0.4594 0.0000
vt 0.8357 0.4554 0.0000
vt 0.8358 0.4631 0.0000
vt 0.8310 0.4634 0.0000
vt 0.8301 0.4598 0.0000
vt 0.8307 0.4560 0.0000
vt 0.7995 0.4766 0.0000
vt 0.7940 0.4800 0.0000
vt 0.7882 0.4837 0.0000
vt 0.7823 0.4874 0.0000
vt 0.7515 0.5097 0.0000
vt 0.7443 0.5125 0.0000
vt 0.7372 0.5156 0.0000
vt 0.7300 0.5185 0.0000
vt 0.7366 0.6150 0.0000
vt 0.7445 0.6172 0.0000
vt 0.7526 0.6195 0.0000
vt 0.7608 0.6222 0.0000
vt 0.1503 0.8257 0.0000
vt 0.1484 0.8283 0.0000
vt 0.2535 0.6063 0.0000
vt 0.2538 0.6023 0.0000
vt 0.3804 0.1712 0.0000
vt 0.3776 0.1702 0.0000
vt 0.3748 0.1691 0.0000
vt 0.3720 0.1681 0.0000
vt 0.3693 0.1670 0.0000
vt 0.3765 0.1346 0.0000
vt 0.3776 0.1347 0.0000
vt 0.3765 0.1374 0.0000
vt 0.3754 0.1373 0.0000
vt 0.3668 0.1659 0.0000
vt 0.3636 0.1648 0.0000
vt 0.3604 0.1638 0.0000
vt 0.3573 0.1631 0.0000
vt 0.3575 0.1618 0.0000
vt 0.3543 0.1624 0.0000
vt 0.3544 0.1611 0.0000
vt 0.2921 0.7343 0.0000
vt 0.2934 0.7344 0.0000
vt 0.2928 0.7375 0.0000
vt 0.2914 0.7373 0.0000
vt 0.3437 0.0794 0.0000
vt 0.3479 0.0786 0.0000
vt 0.5270 0.2672 0.0000
vt 0.5299 0.2674 0.0000
vt 0.3080 0.7392 0.0000
vt 0.3081 0.7425 0.0000
vt 0.6149 0.2160 0.0000
vt 0.6195 0.2142 0.0000
vt 0.5614 0.1171 0.0000
vt 0.5627 0.1202 0.0000
vt 0.5586 0.1231 0.0000
vt 0.5571 0.1199 0.0000
vt 0.5102 0.8520 0.0000
vt 0.5054 0.8558 0.0000
vt 0.2346 0.0075 0.0000
vt 0.2300 0.0114 0.0000
vt 0.2251 0.0152 0.0000
vt 0.2200 0.0186 0.0000
vt 0.2145 0.0217 0.0000
vt 0.2087 0.0244 0.0000
vt 0.2025 0.0266 0.0000
vt 0.3805 0.1719 0.0000
vt 0.3776 0.1712 0.0000
vt 0.3083 0.0761 0.0000
vt 0.3120 0.0766 0.0000
vt 0.3157 0.0770 0.0000
vt 0.3195 0.0774 0.0000
vt 0.3786 0.1350 0.0000
vt 0.3775 0.1376 0.0000
vt 0.3666 0.1668 0.0000
vt 0.3636 0.1658 0.0000
vt 0.3605 0.1651 0.0000
vt 0.3311 0.0786 0.0000
vt 0.3352 0.0786 0.0000
vt 0.2941 0.7313 0.0000
vt 0.2954 0.7317 0.0000
vt 0.2946 0.7348 0.0000
vt 0.2941 0.7378 0.0000
vt 0.5645 0.1278 0.0000
vt 0.4241 0.4832 0.0000
vt 0.4125 0.4815 0.0000
vt 0.4779 0.4900 0.0000
vt 0.4681 0.4918 0.0000
vt 0.4578 0.4943 0.0000
vt 0.4481 0.4939 0.0000
vt 0.5633 0.1364 0.0000
vt 0.5092 0.4927 0.0000
vt 0.5013 0.4966 0.0000
vt 0.1596 0.9792 0.0000
vt 0.1681 0.9771 0.0000
vt 0.1781 0.9743 0.0000
vt 0.1877 0.9730 0.0000
vt 0.4411 0.6979 0.0000
vt 0.4922 0.1761 0.0000
vt 0.4836 0.1798 0.0000
vt 0.3698 0.9089 0.0000
vt 0.3649 0.9116 0.0000
vt 0.3554 0.9191 0.0000
vt 0.3603 0.9149 0.0000
vt 0.3489 0.9077 0.0000
vt 0.2949 0.8144 0.0000
vt 0.3014 0.8249 0.0000
vt 0.3039 0.8120 0.0000
vt 0.3108 0.8218 0.0000
vt 0.3204 0.0624 0.0000
vt 0.3064 0.0621 0.0000
vt 0.3055 0.0525 0.0000
vt 0.3194 0.0526 0.0000
vt 0.2893 0.8049 0.0000
vt 0.2964 0.7118 0.0000
vt 0.2972 0.7025 0.0000
vt 0.3092 0.6991 0.0000
vt 0.3089 0.7094 0.0000
vt 0.2835 0.7121 0.0000
vt 0.2849 0.7044 0.0000
vt 0.3202 0.8198 0.0000
vt 0.3268 0.8295 0.0000
vt 0.8035 0.9537 0.0000
vt 0.8092 0.9561 0.0000
vt 0.8079 0.9691 0.0000
vt 0.8022 0.9672 0.0000
vt 0.8723 0.0316 0.0000
vt 0.8723 0.0407 0.0000
vt 0.8653 0.0410 0.0000
vt 0.8654 0.0315 0.0000
vt 0.7969 0.9512 0.0000
vt 0.7990 0.9400 0.0000
vt 0.8061 0.9430 0.0000
vt 0.7956 0.9651 0.0000
vt 0.2570 0.6392 0.0000
vt 0.8784 0.0392 0.0000
vt 0.8798 0.0473 0.0000
vt 0.8735 0.0493 0.0000
vt 0.8664 0.0505 0.0000
vt 0.8768 0.0575 0.0000
vt 0.8694 0.0598 0.0000
vt 0.8209 0.0762 0.0000
vt 0.8167 0.0662 0.0000
vt 0.8087 0.0837 0.0000
vt 0.5494 0.5294 0.0000
vt 0.0789 0.8653 0.0000
vt 0.0740 0.8571 0.0000
vt 0.0806 0.8559 0.0000
vt 0.0857 0.8644 0.0000
vt 0.7006 0.0154 0.0000
vt 0.6925 0.0186 0.0000
vt 0.6901 0.0103 0.0000
vt 0.6981 0.0067 0.0000
vt 0.0703 0.8675 0.0000
vt 0.0745 0.8773 0.0000
vt 0.0653 0.8794 0.0000
vt 0.0608 0.8706 0.0000
vt 0.6831 0.0213 0.0000
vt 0.6808 0.0133 0.0000
vt 0.9618 0.0315 0.0000
vt 0.9692 0.0371 0.0000
vt 0.9634 0.0448 0.0000
vt 0.9555 0.0384 0.0000
vt 0.9480 0.0315 0.0000
vt 0.9550 0.0256 0.0000
vt 0.6844 0.0286 0.0000
vt 0.9565 0.0497 0.0000
vt 0.9483 0.0431 0.0000
vt 0.2538 0.0185 0.0000
vt 0.1456 0.2214 0.0000
vt 0.1529 0.1996 0.0000
vt 0.3972 0.6661 0.0000
vt 0.4446 0.6644 0.0000
vt 0.1611 0.1763 0.0000
vt 0.1674 0.1574 0.0000
vt 0.1719 0.1438 0.0000
vt 0.0816 0.1304 0.0000
vt 0.1371 0.7783 0.0000
vt 0.1467 0.7794 0.0000
vt 0.1429 0.7874 0.0000
vt 0.1608 0.7611 0.0000
vt 0.1592 0.7721 0.0000
vt 0.1570 0.7804 0.0000
vt 0.1541 0.7886 0.0000
vt 0.3425 0.6543 0.0000
vt 0.4532 0.2277 0.0000
vt 0.4492 0.2304 0.0000
vt 0.1020 0.5552 0.0000
vt 0.1000 0.5621 0.0000
vt 0.0913 0.5475 0.0000
vt 0.7116 0.8023 0.0000
vt 0.4171 0.7596 0.0000
vt 0.4238 0.7645 0.0000
vt 0.4305 0.7679 0.0000
vt 0.4259 0.7606 0.0000
vt 0.4317 0.7634 0.0000
vt 0.4198 0.7558 0.0000
vt 0.4105 0.7530 0.0000
vt 0.4139 0.7494 0.0000
vt 0.4234 0.7525 0.0000
vt 0.4287 0.7571 0.0000
vt 0.7729 0.0329 0.0000
vt 0.4382 0.7750 0.0000
vt 0.4373 0.7690 0.0000
vt 0.4382 0.7645 0.0000
vt 0.4527 0.2353 0.0000
vt 0.0673 0.9224 0.0000
vt 0.0544 0.9265 0.0000
vt 0.0506 0.9171 0.0000
vt 0.0618 0.9144 0.0000
vt 0.4801 0.5212 0.0000
vt 0.4899 0.5142 0.0000
vt 0.6458 0.3027 0.0000
vt 0.6453 0.2950 0.0000
vt 0.6356 0.3009 0.0000
vt 0.6364 0.2931 0.0000
vt 0.6462 0.3098 0.0000
vt 0.6343 0.3090 0.0000
vt 0.4688 0.8390 0.0000
vt 0.4774 0.8342 0.0000
vt 0.4783 0.8412 0.0000
vt 0.4695 0.8468 0.0000
vt 0.4617 0.8439 0.0000
vt 0.0467 0.9073 0.0000
vt 0.0414 0.8977 0.0000
vt 0.4861 0.8291 0.0000
vt 0.4877 0.8368 0.0000
vt 0.5160 0.5069 0.0000
vt 0.5239 0.5014 0.0000
vt 0.5288 0.5075 0.0000
vt 0.5202 0.5129 0.0000
vt 0.5334 0.5154 0.0000
vt 0.3132 0.7768 0.0000
vt 0.3035 0.7784 0.0000
vt 0.3163 0.7843 0.0000
vt 0.3068 0.7864 0.0000
vt 0.3199 0.7917 0.0000
vt 0.3110 0.7942 0.0000
vt 0.3243 0.7988 0.0000
vt 0.3157 0.8018 0.0000
vt 0.3295 0.8066 0.0000
vt 0.3211 0.8099 0.0000
vt 0.3352 0.8140 0.0000
vt 0.3270 0.8177 0.0000
vt 0.3416 0.8218 0.0000
vt 0.3333 0.8258 0.0000
vt 0.3483 0.8296 0.0000
vt 0.3398 0.8337 0.0000
vt 0.3548 0.8367 0.0000
vt 0.3464 0.8413 0.0000
vt 0.3617 0.8448 0.0000
vt 0.3537 0.8497 0.0000
vt 0.3701 0.8522 0.0000
vt 0.3626 0.8580 0.0000
vt 0.3798 0.8569 0.0000
vt 0.4041 0.5491 0.0000
vt 0.4161 0.5473 0.0000
vt 0.4162 0.5566 0.0000
vt 0.4029 0.5585 0.0000
vt 0.3908 0.8626 0.0000
vt 0.4274 0.5429 0.0000
vt 0.4287 0.5530 0.0000
vt 0.4024 0.8651 0.0000
vt 0.4406 0.5395 0.0000
vt 0.4433 0.5497 0.0000
vt 0.4173 0.8570 0.0000
vt 0.4155 0.8675 0.0000
vt 0.4531 0.5333 0.0000
vt 0.4582 0.5435 0.0000
vt 0.4300 0.8560 0.0000
vt 0.0562 0.9672 0.0000
vt 0.0536 0.9545 0.0000
vt 0.0653 0.9509 0.0000
vt 0.0690 0.9649 0.0000
vt 0.4668 0.5276 0.0000
vt 0.4727 0.5379 0.0000
vt 0.4422 0.8518 0.0000
vt 0.0493 0.9412 0.0000
vt 0.0599 0.9369 0.0000
vt 0.4543 0.8486 0.0000
vt 0.4549 0.8577 0.0000
vt 0.4430 0.8607 0.0000
vt 0.6248 0.3058 0.0000
vt 0.6267 0.2978 0.0000
vt 0.6375 0.0291 0.0000
vt 0.6376 0.0210 0.0000
vt 0.5633 0.6950 0.0000
vt 0.5651 0.7044 0.0000
vt 0.5620 0.7006 0.0000
vt 0.5574 0.7020 0.0000
vt 0.5597 0.7087 0.0000
vt 0.5629 0.7149 0.0000
vt 0.2909 0.9498 0.0000
vt 0.3176 0.8759 0.0000
vt 0.3319 0.8829 0.0000
vt 0.3266 0.8876 0.0000
vt 0.3407 0.8958 0.0000
vt 0.3363 0.8995 0.0000
vt 0.0180 0.8442 0.0000
vt 0.0113 0.8478 0.0000
vt 0.0077 0.8377 0.0000
vt 0.0146 0.8339 0.0000
vt 0.2907 0.0323 0.0000
vt 0.0102 0.8242 0.0000
vt 0.0190 0.8213 0.0000
vt 0.5282 0.1229 0.0000
vt 0.5222 0.1197 0.0000
vt 0.5259 0.1096 0.0000
vt 0.5333 0.1134 0.0000
vt 0.5206 0.1289 0.0000
vt 0.5129 0.1272 0.0000
vt 0.5142 0.1175 0.0000
vt 0.3008 0.0246 0.0000
vt 0.2982 0.0343 0.0000
vt 0.5168 0.1070 0.0000
vt 0.2681 0.4156 0.0000
vt 0.2663 0.4250 0.0000
vt 0.2568 0.4239 0.0000
vt 0.2587 0.4146 0.0000
vt 0.2592 0.4052 0.0000
vt 0.2694 0.4061 0.0000
vt 0.2489 0.4128 0.0000
vt 0.2493 0.4040 0.0000
vt 0.2471 0.4211 0.0000
vt 0.5040 0.1264 0.0000
vt 0.5050 0.1167 0.0000
vt 0.3082 0.0280 0.0000
vt 0.3050 0.0372 0.0000
vt 0.5067 0.1056 0.0000
vt 0.5578 0.5191 0.0000
vt 0.5682 0.5175 0.0000
vt 0.5685 0.5286 0.0000
vt 0.5585 0.5301 0.0000
vt 0.2538 0.4318 0.0000
vt 0.2438 0.4282 0.0000
vt 0.9869 0.3222 0.0000
vt 0.9861 0.3310 0.0000
vt 0.9793 0.3126 0.0000
vt 0.9884 0.3140 0.0000
vt 0.9697 0.3111 0.0000
vt 0.4946 0.1270 0.0000
vt 0.4958 0.1171 0.0000
vt 0.5668 0.4978 0.0000
vt 0.5667 0.4874 0.0000
vt 0.5769 0.4857 0.0000
vt 0.5758 0.4963 0.0000
vt 0.4965 0.1058 0.0000
vt 0.5781 0.5159 0.0000
vt 0.5781 0.5275 0.0000
vt 0.5767 0.5390 0.0000
vt 0.5681 0.5396 0.0000
vt 0.5860 0.4850 0.0000
vt 0.5837 0.4956 0.0000
vt 0.4859 0.1281 0.0000
vt 0.4873 0.1185 0.0000
vt 0.3218 0.8921 0.0000
vt 0.3177 0.8953 0.0000
vt 0.3314 0.9025 0.0000
vt 0.3260 0.9042 0.0000
vt 0.7892 0.9489 0.0000
vt 0.7906 0.9377 0.0000
vt 0.7879 0.9629 0.0000
vt 0.8943 0.0342 0.0000
vt 0.8965 0.0411 0.0000
vt 0.8876 0.0442 0.0000
vt 0.8859 0.0367 0.0000
vt 0.9017 0.0312 0.0000
vt 0.7823 0.9367 0.0000
vt 0.7811 0.9471 0.0000
vt 0.7727 0.9455 0.0000
vt 0.7738 0.9353 0.0000
vt 0.8856 0.0283 0.0000
vt 0.8933 0.0260 0.0000
vt 0.8491 0.5905 0.0000
vt 0.8521 0.5977 0.0000
vt 0.8456 0.5993 0.0000
vt 0.8422 0.5927 0.0000
vt 0.8998 0.0476 0.0000
vt 0.8910 0.0519 0.0000
vt 0.8831 0.0552 0.0000
vt 0.8966 0.0596 0.0000
vt 0.8891 0.0629 0.0000
vt 0.2083 0.6870 0.0000
vt 0.2167 0.6875 0.0000
vt 0.2261 0.6877 0.0000
vt 0.2350 0.6875 0.0000
vt 0.7890 0.6090 0.0000
vt 0.7850 0.6012 0.0000
vt 0.7950 0.5886 0.0000
vt 0.7987 0.5963 0.0000
vt 0.2103 0.6726 0.0000
vt 0.2193 0.6728 0.0000
vt 0.2279 0.6726 0.0000
vt 0.8064 0.5779 0.0000
vt 0.8105 0.5855 0.0000
vt 0.8146 0.5932 0.0000
vt 0.8025 0.6043 0.0000
vt 0.8184 0.6000 0.0000
vt 0.8061 0.6116 0.0000
vt 0.8249 0.5858 0.0000
vt 0.8328 0.5821 0.0000
vt 0.4438 0.5605 0.0000
vt 0.4594 0.5559 0.0000
vt 0.4748 0.5513 0.0000
vt 0.3781 0.6532 0.0000
vt 0.3712 0.6607 0.0000
vt 0.3727 0.5610 0.0000
vt 0.3818 0.5606 0.0000
vt 0.3917 0.5600 0.0000
vt 0.5374 0.5234 0.0000
vt 0.9077 0.4107 0.0000
vt 0.4086 0.7414 0.0000
vt 0.4784 0.1296 0.0000
vt 0.4797 0.1208 0.0000
vt 0.4796 0.1586 0.0000
vt 0.4768 0.1524 0.0000
vt 0.4806 0.1653 0.0000
vt 0.4733 0.1231 0.0000
vt 0.4686 0.1256 0.0000
vt 0.4643 0.1151 0.0000
vt 0.4705 0.1120 0.0000
vt 0.4780 0.1094 0.0000
vt 0.4820 0.1726 0.0000
vt 0.2342 0.0736 0.0000
vt 0.2354 0.0663 0.0000
vt 0.2464 0.0680 0.0000
vt 0.2450 0.0771 0.0000
vt 0.2459 0.7573 0.0000
vt 0.2545 0.7541 0.0000
vt 0.2577 0.7627 0.0000
vt 0.2495 0.7664 0.0000
vt 0.2422 0.7704 0.0000
vt 0.2385 0.7610 0.0000
vt 0.2352 0.0589 0.0000
vt 0.2461 0.0586 0.0000
vt 0.2631 0.7509 0.0000
vt 0.2665 0.7592 0.0000
vt 0.2843 0.7955 0.0000
vt 0.2798 0.7865 0.0000
vt 0.2888 0.7831 0.0000
vt 0.2935 0.7922 0.0000
vt 0.2701 0.7910 0.0000
vt 0.2983 0.8027 0.0000
vt 0.2754 0.7791 0.0000
vt 0.2838 0.7756 0.0000
vt 0.2664 0.7830 0.0000
vt 0.2655 0.7185 0.0000
vt 0.2552 0.7193 0.0000
vt 0.2560 0.7112 0.0000
vt 0.2661 0.7102 0.0000
vt 0.2968 0.7811 0.0000
vt 0.3020 0.7899 0.0000
vt 0.2643 0.6985 0.0000
vt 0.2733 0.6962 0.0000
vt 0.2754 0.7075 0.0000
vt 0.2553 0.6999 0.0000
vt 0.2706 0.7695 0.0000
vt 0.2789 0.7668 0.0000
vt 0.2622 0.7732 0.0000
vt 0.2876 0.7653 0.0000
vt 0.2918 0.7738 0.0000
vt 0.9866 0.3397 0.0000
vt 0.4868 0.1073 0.0000
vt 0.5868 0.5155 0.0000
vt 0.5865 0.5270 0.0000
vt 0.5846 0.5390 0.0000
vt 0.9882 0.3481 0.0000
vt 0.2264 0.7714 0.0000
vt 0.2321 0.7657 0.0000
vt 0.2360 0.7753 0.0000
vt 0.2305 0.7810 0.0000
vt 0.2416 0.7858 0.0000
vt 0.2365 0.7911 0.0000
vt 0.9912 0.3558 0.0000
vt 0.2475 0.7811 0.0000
vt 0.2444 0.7963 0.0000
vt 0.2542 0.7770 0.0000
vt 0.1644 0.7907 0.0000
vt 0.1667 0.7816 0.0000
vt 0.1292 0.2424 0.0000
vt 0.1291 0.2316 0.0000
vt 0.1345 0.2341 0.0000
vt 0.1251 0.2482 0.0000
vt 0.2598 0.6837 0.0000
vt 0.2683 0.6814 0.0000
vt 0.2514 0.6855 0.0000
vt 0.2592 0.6663 0.0000
vt 0.2516 0.6686 0.0000
vt 0.7873 0.9780 0.0000
vt 0.7785 0.9757 0.0000
vt 0.7796 0.9610 0.0000
vt 0.2481 0.6546 0.0000
vt 0.2431 0.6867 0.0000
vt 0.2360 0.6720 0.0000
vt 0.2438 0.6707 0.0000
vt 0.2466 0.7012 0.0000
vt 0.8127 0.6239 0.0000
vt 0.8093 0.6181 0.0000
vt 0.8218 0.6062 0.0000
vt 0.8251 0.6118 0.0000
vt 0.7695 0.9733 0.0000
vt 0.7711 0.9590 0.0000
vt 0.8333 0.5976 0.0000
vt 0.8368 0.6034 0.0000
vt 0.8294 0.5917 0.0000
vt 0.8378 0.5872 0.0000
vt 0.2469 0.3495 0.0000
vt 0.2481 0.3442 0.0000
vt 0.2443 0.3476 0.0000
vt 0.2447 0.3432 0.0000
vt 0.2462 0.3383 0.0000
vt 0.2476 0.3346 0.0000
vt 0.1733 0.7937 0.0000
vt 0.1694 0.7611 0.0000
vt 0.1705 0.7488 0.0000
vt 0.1678 0.7730 0.0000
vt 0.6428 0.1037 0.0000
vt 0.6444 0.0940 0.0000
vt 0.6525 0.0976 0.0000
vt 0.6502 0.1064 0.0000
vt 0.1753 0.7839 0.0000
vt 0.1828 0.7873 0.0000
vt 0.1810 0.7977 0.0000
vt 0.1773 0.8079 0.0000
vt 0.1879 0.8021 0.0000
vt 0.1842 0.8134 0.0000
vt 0.3095 0.5184 0.0000
vt 0.3037 0.5166 0.0000
vt 0.3049 0.5123 0.0000
vt 0.3092 0.5147 0.0000
vt 0.3092 0.5231 0.0000
vt 0.3028 0.5217 0.0000
vt 0.4319 0.7547 0.0000
vt 0.4338 0.7599 0.0000
vt 0.5789 0.7404 0.0000
vt 0.1077 0.1066 0.0000
vt 0.1049 0.0952 0.0000
vt 0.0969 0.1102 0.0000
vt 0.0933 0.0999 0.0000
vt 0.5695 0.7279 0.0000
vt 0.5658 0.7213 0.0000
vt 0.3354 0.0957 0.0000
vt 0.3409 0.0982 0.0000
vt 0.3428 0.1076 0.0000
vt 0.3319 0.1040 0.0000
vt 0.8036 0.5409 0.0000
vt 0.3069 0.7999 0.0000
vt 0.4140 0.4946 0.0000
vt 0.4728 0.4983 0.0000
vt 0.4623 0.5020 0.0000
vt 0.1970 0.9726 0.0000
vt 0.2078 0.9707 0.0000
vt 0.2188 0.9692 0.0000
vt 0.7458 0.9402 0.0000
vt 0.7466 0.9311 0.0000
vt 0.7561 0.9319 0.0000
vt 0.7553 0.9418 0.0000
vt 0.7777 0.5874 0.0000
vt 0.7913 0.5813 0.0000
vt 0.7813 0.5940 0.0000
vt 0.2316 0.0519 0.0000
vt 0.2440 0.0496 0.0000
vt 0.2713 0.7488 0.0000
vt 0.2753 0.7569 0.0000
vt 0.2470 0.7129 0.0000
vt 0.2843 0.7560 0.0000
vt 0.0951 0.4291 0.0000
vt 0.2689 0.3968 0.0000
vt 0.2588 0.3962 0.0000
vt 0.2487 0.3953 0.0000
vt 0.9324 0.0780 0.0000
vt 0.9267 0.0855 0.0000
vt 0.0171 0.8027 0.0000
vt 0.0092 0.8058 0.0000
vt 0.0055 0.7968 0.0000
vt 0.0142 0.7937 0.0000
vt 0.9912 0.3074 0.0000
vt 0.9823 0.3049 0.0000
vt 0.9730 0.3035 0.0000
vt 0.1226 0.7720 0.0000
vt 0.1212 0.7652 0.0000
vt 0.1318 0.7596 0.0000
vt 0.1132 0.7781 0.0000
vt 0.1118 0.7711 0.0000
vt 0.7287 0.0855 0.0000
vt 0.7166 0.0806 0.0000
vt 0.7001 0.0885 0.0000
vt 0.7016 0.0832 0.0000
vt 0.7040 0.0756 0.0000
vt 0.7070 0.0661 0.0000
vt 0.8431 0.8367 0.0000
vt 0.6872 0.0823 0.0000
vt 0.6883 0.0773 0.0000
vt 0.6904 0.0703 0.0000
vt 0.6929 0.0618 0.0000
vt 0.6760 0.0650 0.0000
vt 0.6780 0.0574 0.0000
vt 0.6797 0.0500 0.0000
vt 0.3592 0.6726 0.0000
vt 0.7578 0.8508 0.0000
vt 0.1080 0.0634 0.0000
vt 0.1058 0.0575 0.0000
vt 0.1177 0.0528 0.0000
vt 0.1194 0.0574 0.0000
vt 0.7647 0.8523 0.0000
vt 0.7716 0.8563 0.0000
vt 0.9126 0.0868 0.0000
vt 0.9050 0.0799 0.0000
vt 0.0239 0.7905 0.0000
vt 0.0114 0.7835 0.0000
vt 0.0216 0.7814 0.0000
vt 0.0021 0.7866 0.0000
vt 0.1510 0.7512 0.0000
vt 0.1608 0.7494 0.0000
vt 0.1415 0.7546 0.0000
vt 0.8968 0.0716 0.0000
vt 0.3450 0.6683 0.0000
# 8480 texture coords

o Sphere?
g Sphere?
usemtl 02___Default
s 1
f 1/1/1 2/2/2 3/3/3 4/4/4 
f 1/1/1 5/5/5 6/6/6 2/2/2 
f 1/7/1 7/8/7 8/9/8 5/10/5 
f 1/11/1 4/12/4 9/13/9 7/14/7 
f 6/6/6 10/15/10 11/16/11 2/2/2 
f 6/17/6 12/18/12 13/19/13 10/20/10 
f 6/17/6 5/21/5 14/22/14 12/18/12 
f 2/2/2 11/16/11 15/23/15 3/3/3 
f 13/24/13 16/25/16 17/26/17 10/15/10 
f 13/24/13 18/27/18 19/28/19 16/25/16 
f 13/24/13 12/29/12 20/30/20 18/27/18 
f 10/15/10 17/26/17 21/31/21 11/16/11 
f 11/16/11 21/31/21 22/32/22 15/23/15 
f 19/28/19 23/33/23 24/34/24 25/35/25 
f 19/28/19 18/27/18 26/36/26 23/33/23 
f 19/28/19 25/35/25 27/37/27 16/25/16 
f 16/25/16 27/37/27 28/38/28 17/26/17 
f 17/26/17 28/38/28 29/39/29 21/31/21 
f 21/31/21 29/39/29 30/40/30 22/32/22 
f 27/37/27 31/41/31 32/42/32 28/38/28 
f 27/37/27 25/35/25 33/43/33 31/41/31 
f 28/38/28 32/42/32 34/44/34 29/39/29 
f 29/39/29 34/44/34 35/45/35 30/40/30 
f 31/41/31 33/43/33 36/46/36 37/47/37 
f 31/48/31 37/49/37 38/50/38 32/51/32 
f 32/42/32 38/52/38 39/53/39 34/44/34 
f 34/44/34 39/53/39 40/54/40 35/45/35 
f 38/55/38 41/56/41 42/57/42 39/58/39 
f 38/50/38 37/49/37 43/59/43 41/60/41 
f 39/58/39 42/57/42 44/61/44 40/62/40 
f 41/56/41 45/63/45 46/64/46 42/57/42 
f 41/60/41 43/59/43 47/65/47 45/66/45 
f 42/57/42 46/64/46 48/67/48 44/61/44 
f 45/66/45 47/65/47 49/68/49 50/69/50 
f 45/70/45 50/71/50 51/72/51 46/73/46 
f 46/74/46 51/75/51 52/76/52 48/77/48 
f 51/72/51 53/78/53 54/79/54 52/80/52 
f 51/72/51 50/71/50 55/81/55 53/78/53 
f 53/78/53 55/81/55 56/82/56 57/83/57 
f 53/78/53 57/83/57 58/84/58 54/79/54 
f 59/85/59 60/86/60 61/87/61 62/88/62 
f 59/89/59 63/90/63 64/91/64 60/92/60 
f 59/85/59 65/93/65 66/94/66 63/95/63 
f 59/85/59 62/88/62 67/96/67 65/93/65 
f 62/97/62 61/98/61 68/99/68 69/100/69 
f 62/88/62 69/101/69 70/102/70 67/96/67 
f 60/103/60 71/104/71 72/105/72 61/98/61 
f 60/92/60 64/91/64 73/106/73 71/107/71 
f 74/108/74 75/109/75 76/110/76 77/111/77 
f 74/112/74 78/113/78 79/114/79 75/115/75 
f 74/112/74 80/116/80 81/117/81 78/113/78 
f 74/118/74 77/119/77 82/120/82 80/121/80 
f 77/119/77 76/122/76 83/123/83 84/124/84 
f 77/119/77 84/124/84 85/125/85 82/120/82 
f 86/126/86 87/127/87 88/128/88 89/129/89 
f 86/130/86 90/131/90 91/132/91 87/133/87 
f 86/130/86 92/134/92 93/135/93 90/131/90 
f 86/130/86 89/136/89 94/137/94 92/134/92 
f 95/138/95 96/139/96 97/140/97 98/141/98 
f 95/142/95 99/143/99 100/144/100 96/145/96 
f 95/146/95 88/147/88 101/148/101 99/149/99 
f 95/138/95 98/141/98 89/129/89 88/128/88 
f 100/144/100 102/150/102 103/151/103 104/152/104 
f 100/144/100 99/143/99 105/153/105 102/150/102 
f 100/144/100 104/152/104 106/154/106 96/145/96 
f 104/152/104 107/155/107 108/156/108 106/154/106 
f 104/152/104 103/151/103 109/157/109 107/155/107 
f 110/158/110 111/159/111 112/160/112 113/161/113 
f 110/158/110 114/162/114 115/163/115 111/159/111 
f 110/158/110 116/164/116 117/165/117 114/162/114 
f 110/158/110 113/161/113 118/166/118 116/164/116 
f 113/161/113 119/167/119 120/168/120 118/166/118 
f 113/161/113 112/160/112 121/169/121 119/167/119 
f 111/159/111 122/170/122 123/171/123 112/160/112 
f 111/159/111 115/163/115 124/172/124 122/170/122 
f 125/173/125 126/174/126 127/175/127 128/176/128 
f 125/177/125 129/178/129 130/179/130 126/180/126 
f 125/173/125 131/181/131 132/182/132 129/183/129 
f 125/173/125 128/176/128 133/184/133 131/181/131 
f 131/181/131 133/184/133 94/137/94 134/185/134 
f 131/181/131 134/185/134 135/186/135 132/182/132 
f 136/187/136 137/188/137 138/189/138 127/175/127 
f 136/187/136 139/190/139 140/191/140 137/188/137 
f 136/187/136 141/192/141 142/193/142 139/190/139 
f 136/194/136 127/195/127 126/180/126 141/196/141 
f 127/175/127 138/189/138 143/197/143 128/176/128 
f 128/176/128 143/197/143 144/198/144 133/184/133 
f 137/188/137 145/199/145 146/200/146 138/189/138 
f 137/188/137 140/191/140 147/201/147 145/199/145 
f 138/189/138 146/200/146 148/202/148 143/197/143 
f 149/203/149 150/204/150 151/205/151 152/206/152 
f 149/203/149 153/207/153 154/208/154 150/204/150 
f 149/203/149 155/209/155 156/210/156 153/207/153 
f 149/203/149 152/206/152 157/211/157 155/209/155 
f 158/212/158 159/213/159 160/214/160 161/215/161 
f 158/216/158 162/217/162 163/218/163 159/219/159 
f 158/216/158 164/220/164 165/221/165 162/217/162 
f 158/212/158 161/215/161 166/222/166 164/223/164 
f 161/215/161 167/224/167 168/225/168 166/222/166 
f 161/215/161 160/214/160 169/226/169 167/224/167 
f 166/227/166 168/228/168 124/172/124 115/163/115 
f 166/222/166 115/229/115 114/230/114 164/223/164 
f 167/231/167 170/232/170 171/233/171 168/228/168 
f 167/224/167 169/226/169 172/234/172 170/235/170 
f 168/228/168 171/233/171 157/236/157 124/172/124 
f 170/235/170 173/237/173 174/238/174 171/239/171 
f 170/235/170 172/234/172 175/240/175 173/237/173 
f 176/241/176 177/242/177 178/243/178 179/244/179 
f 176/241/176 180/245/180 181/246/181 177/242/177 
f 176/241/176 182/247/182 183/248/183 180/245/180 
f 176/249/176 179/250/179 184/251/184 182/252/182 
f 179/244/179 185/253/185 186/254/186 184/255/184 
f 179/244/179 178/243/178 187/256/187 185/253/185 
f 187/256/187 188/257/188 189/258/189 190/259/190 
f 187/256/187 178/243/178 191/260/191 188/257/188 
f 187/256/187 190/259/190 192/261/192 185/253/185 
f 193/262/193 194/263/194 195/264/195 91/132/91 
f 193/262/193 196/265/196 197/266/197 194/263/194 
f 193/262/193 198/267/198 199/268/199 196/265/196 
f 193/262/193 91/132/91 90/131/90 198/267/198 
f 196/269/196 199/270/199 200/271/200 201/272/201 
f 196/265/196 201/273/201 202/274/202 197/266/197 
f 197/266/197 202/274/202 159/219/159 163/218/163 
f 197/266/197 163/218/163 203/275/203 194/263/194 
f 163/218/163 162/217/162 204/276/204 203/275/203 
f 162/217/162 165/221/165 205/277/205 204/276/204 
f 202/278/202 201/279/201 206/280/206 207/281/207 
f 202/278/202 207/281/207 160/214/160 159/213/159 
f 160/214/160 207/281/207 172/234/172 169/226/169 
f 208/282/208 209/283/209 210/284/210 211/285/211 
f 208/282/208 212/286/212 213/287/213 209/283/209 
f 208/282/208 214/288/214 215/289/215 212/286/212 
f 208/282/208 211/285/211 216/290/216 214/288/214 
f 217/291/217 218/292/218 219/293/219 220/294/220 
f 217/291/217 221/295/221 222/296/222 218/292/218 
f 217/291/217 223/297/223 224/298/224 221/295/221 
f 217/291/217 220/294/220 225/299/225 223/297/223 
f 222/300/222 226/301/226 227/302/227 218/303/218 
f 222/300/222 228/304/228 229/305/229 226/301/226 
f 222/306/222 221/307/221 230/308/230 228/309/228 
f 218/292/218 227/310/227 231/311/231 219/293/219 
f 229/305/229 232/312/232 233/313/233 226/301/226 
f 229/305/229 234/314/234 235/315/235 232/312/232 
f 229/305/229 228/304/228 236/316/236 234/314/234 
f 226/301/226 233/313/233 237/317/237 227/302/227 
f 227/302/227 237/317/237 238/318/238 231/319/231 
f 235/315/235 239/320/239 240/321/240 232/312/232 
f 235/315/235 241/322/241 242/323/242 239/320/239 
f 235/315/235 234/314/234 243/324/243 241/322/241 
f 232/312/232 240/321/240 244/325/244 233/313/233 
f 233/313/233 244/325/244 245/326/245 237/317/237 
f 237/317/237 245/326/245 246/327/246 238/318/238 
f 247/328/247 248/329/248 249/330/249 250/331/250 
f 247/328/247 251/332/251 252/333/252 248/329/248 
f 247/334/247 253/335/253 254/336/254 251/337/251 
f 247/334/247 250/338/250 255/339/255 253/335/253 
f 253/335/253 256/340/256 257/341/257 254/336/254 
f 253/335/253 255/339/255 258/342/258 256/340/256 
f 250/331/250 249/330/249 259/343/259 260/344/260 
f 250/345/250 260/346/260 261/347/261 255/348/255 
f 255/348/255 261/347/261 262/349/262 258/350/258 
f 258/351/258 262/352/262 130/353/130 263/354/263 
f 258/351/258 263/354/263 264/355/264 256/356/256 
f 263/357/263 265/358/265 266/359/266 264/360/264 
f 263/357/263 130/179/130 129/178/129 265/358/265 
f 260/344/260 259/343/259 267/361/267 268/362/268 
f 260/363/260 268/364/268 142/193/142 261/365/261 
f 261/365/261 142/193/142 141/192/141 262/366/262 
f 262/352/262 141/367/141 126/368/126 130/353/130 
f 129/178/129 132/369/132 269/370/269 265/358/265 
f 132/369/132 135/371/135 270/372/270 269/370/269 
f 268/362/268 267/361/267 271/373/271 272/374/272 
f 268/364/268 272/375/272 139/190/139 142/193/142 
f 272/375/272 271/376/271 273/377/273 274/378/274 
f 272/375/272 274/378/274 140/191/140 139/190/139 
f 275/379/275 276/380/276 277/381/277 278/382/278 
f 275/383/275 279/384/279 280/385/280 276/386/276 
f 275/383/275 281/387/281 282/388/282 279/384/279 
f 275/379/275 278/382/278 283/389/283 281/390/281 
f 281/387/281 284/391/284 285/392/285 282/388/282 
f 281/390/281 283/389/283 286/393/286 284/394/284 
f 278/382/278 287/395/287 288/396/288 283/389/283 
f 278/382/278 277/381/277 289/397/289 287/395/287 
f 283/398/283 288/399/288 290/400/290 286/401/286 
f 286/401/286 290/400/290 291/402/291 292/403/292 
f 286/393/286 292/404/292 293/405/293 284/394/284 
f 292/403/292 294/406/294 295/407/295 293/408/293 
f 292/403/292 291/402/291 296/409/296 294/406/294 
f 276/386/276 297/410/297 298/411/298 277/412/277 
f 276/386/276 280/385/280 299/413/299 297/410/297 
f 277/414/277 298/415/298 300/416/300 289/417/289 
f 301/418/301 302/419/302 303/420/303 304/421/304 
f 301/422/301 305/423/305 306/424/306 302/425/302 
f 301/422/301 298/411/298 297/410/297 305/423/305 
f 301/418/301 304/421/304 300/416/300 298/415/298 
f 303/420/303 307/426/307 308/427/308 304/421/304 
f 303/420/303 309/428/309 310/429/310 307/426/307 
f 303/420/303 302/419/302 311/430/311 309/428/309 
f 304/421/304 308/427/308 312/431/312 300/416/300 
f 300/416/300 312/431/312 287/432/287 289/417/289 
f 313/433/313 314/434/314 315/435/315 316/436/316 
f 313/437/313 317/438/317 318/439/318 314/440/314 
f 313/437/313 319/441/319 320/442/320 317/438/317 
f 313/433/313 316/436/316 321/443/321 319/444/319 
f 319/444/319 321/443/321 322/445/322 323/446/323 
f 319/441/319 323/447/323 324/448/324 320/442/320 
f 323/447/323 322/449/322 325/450/325 326/451/326 
f 323/447/323 326/451/326 327/452/327 324/448/324 
f 328/453/328 329/454/329 330/455/330 331/456/331 
f 328/453/328 332/457/332 333/458/333 329/454/329 
f 328/453/328 334/459/334 335/460/335 332/457/332 
f 328/453/328 331/456/331 336/461/336 334/459/334 
f 332/457/332 337/462/337 338/463/338 333/458/333 
f 332/457/332 335/460/335 339/464/339 337/462/337 
f 333/458/333 338/463/338 340/465/340 341/466/341 
f 333/458/333 341/466/341 342/467/342 329/454/329 
f 341/466/341 340/465/340 343/468/343 344/469/344 
f 341/466/341 344/469/344 345/470/345 342/467/342 
f 337/462/337 346/471/346 347/472/347 338/463/338 
f 337/462/337 339/464/339 348/473/348 346/471/346 
f 338/463/338 347/472/347 349/474/349 340/465/340 
f 346/471/346 350/475/350 351/476/351 347/472/347 
f 346/477/346 348/478/348 352/479/352 350/480/350 
f 353/481/353 354/482/354 355/483/355 356/484/356 
f 353/481/353 357/485/357 358/486/358 354/482/354 
f 353/481/353 359/487/359 360/488/360 357/485/357 
f 353/481/353 356/484/356 361/489/361 359/487/359 
f 354/490/354 362/491/362 363/492/363 355/493/355 
f 354/494/354 358/495/358 364/496/364 362/497/362 
f 362/498/362 365/499/365 366/500/366 363/501/363 
f 362/498/362 364/502/364 367/503/367 365/499/365 
f 365/499/365 368/504/368 369/505/369 366/500/366 
f 365/499/365 367/503/367 370/506/370 368/504/368 
f 357/485/357 360/488/360 371/507/371 372/508/372 
f 357/485/357 372/508/372 373/509/373 358/486/358 
f 358/510/358 373/511/373 374/512/374 364/513/364 
f 364/502/364 374/514/374 375/515/375 367/503/367 
f 373/511/373 372/516/372 376/517/376 377/518/377 
f 373/511/373 377/518/377 378/519/378 374/512/374 
f 374/512/374 378/519/378 379/520/379 375/521/375 
f 378/519/378 377/518/377 380/522/380 381/523/381 
f 378/519/378 381/523/381 382/524/382 379/520/379 
f 383/525/383 384/526/384 385/527/385 386/528/386 
f 383/525/383 387/529/387 388/530/388 384/526/384 
f 383/525/383 389/531/389 390/532/390 387/529/387 
f 383/525/383 386/528/386 391/533/391 389/531/389 
f 384/526/384 392/534/392 393/535/393 385/527/385 
f 384/526/384 388/530/388 394/536/394 392/534/392 
f 392/534/392 395/537/395 396/538/396 393/535/393 
f 392/534/392 394/536/394 397/539/397 395/537/395 
f 395/537/395 398/540/398 399/541/399 396/538/396 
f 395/537/395 397/539/397 400/542/400 398/540/398 
f 398/540/398 401/543/401 402/544/402 399/541/399 
f 398/540/398 400/542/400 403/545/403 401/543/401 
f 401/543/401 404/546/404 405/547/405 402/544/402 
f 401/543/401 403/545/403 406/548/406 404/546/404 
f 404/546/404 407/549/407 408/550/408 405/547/405 
f 404/546/404 406/548/406 409/551/409 407/549/407 
f 407/549/407 410/552/410 411/553/411 408/550/408 
f 407/549/407 409/551/409 412/554/412 410/552/410 
f 410/552/410 413/555/413 414/556/414 411/553/411 
f 410/552/410 412/554/412 415/557/415 413/555/413 
f 413/555/413 416/558/416 417/559/417 414/556/414 
f 413/555/413 415/557/415 418/560/418 416/558/416 
f 416/558/416 419/561/419 420/562/420 417/559/417 
f 416/558/416 418/560/418 421/563/421 419/561/419 
f 419/561/419 422/564/422 423/565/423 420/562/420 
f 419/561/419 421/563/421 424/566/424 422/564/422 
f 422/564/422 425/567/425 426/568/426 423/565/423 
f 422/564/422 424/566/424 427/569/427 425/567/425 
f 425/567/425 428/570/428 429/571/429 426/568/426 
f 425/567/425 427/569/427 430/572/430 428/570/428 
f 428/570/428 431/573/431 432/574/432 429/571/429 
f 428/570/428 430/572/430 433/575/433 431/573/431 
f 431/573/431 434/576/434 435/577/435 432/574/432 
f 431/573/431 433/575/433 436/578/436 434/576/434 
f 434/576/434 437/579/437 438/580/438 435/577/435 
f 434/576/434 436/578/436 439/581/439 437/579/437 
f 437/579/437 440/582/440 441/583/441 438/580/438 
f 437/579/437 439/581/439 442/584/442 440/582/440 
f 440/582/440 443/585/443 444/586/444 441/583/441 
f 440/582/440 442/584/442 445/587/445 443/585/443 
f 443/585/443 446/588/446 447/589/447 444/586/444 
f 443/590/443 445/591/445 448/592/448 446/593/446 
f 446/593/446 449/594/449 450/595/450 447/596/447 
f 446/593/446 448/592/448 451/597/451 449/594/449 
f 449/598/449 452/599/452 453/600/453 450/601/450 
f 449/598/449 451/602/451 454/603/454 452/599/452 
f 452/599/452 455/604/455 456/605/456 453/600/453 
f 452/599/452 454/603/454 457/606/457 455/604/455 
f 455/607/455 458/608/458 459/609/459 456/610/456 
f 455/604/455 457/606/457 460/611/460 458/612/458 
f 458/608/458 461/613/461 462/614/462 459/609/459 
f 458/612/458 460/611/460 463/615/463 461/616/461 
f 461/616/461 464/617/464 465/618/465 462/619/462 
f 461/616/461 463/615/463 466/620/466 464/617/464 
f 464/621/464 467/622/467 468/623/468 465/624/465 
f 464/617/464 466/620/466 469/625/469 467/626/467 
f 467/626/467 470/627/470 471/628/471 468/629/468 
f 467/626/467 469/625/469 472/630/472 470/627/470 
f 470/627/470 473/631/473 474/632/474 471/628/471 
f 470/627/470 472/630/472 475/633/475 473/631/473 
f 473/631/473 476/634/476 477/635/477 474/632/474 
f 473/631/473 475/633/475 478/636/478 476/634/476 
f 476/634/476 479/637/479 480/638/480 477/635/477 
f 476/634/476 478/636/478 481/639/481 479/637/479 
f 479/637/479 482/640/482 483/641/483 480/638/480 
f 479/637/479 481/639/481 484/642/484 482/640/482 
f 482/640/482 485/643/485 486/644/486 483/641/483 
f 482/640/482 484/642/484 487/645/487 485/643/485 
f 485/643/485 488/646/488 489/647/489 486/644/486 
f 485/643/485 487/645/487 490/648/490 488/646/488 
f 488/646/488 491/649/491 492/650/492 489/647/489 
f 488/646/488 490/648/490 493/651/493 491/649/491 
f 491/649/491 494/652/494 495/653/495 492/650/492 
f 491/649/491 493/651/493 496/654/496 494/652/494 
f 494/652/494 497/655/497 498/656/498 495/653/495 
f 494/652/494 496/654/496 499/657/499 497/655/497 
f 497/655/497 500/658/500 501/659/501 498/656/498 
f 497/655/497 499/657/499 502/660/502 500/658/500 
f 500/658/500 503/661/503 504/662/504 501/659/501 
f 500/658/500 502/660/502 505/663/505 503/661/503 
f 503/661/503 506/664/506 507/665/507 504/662/504 
f 503/661/503 505/663/505 508/666/508 506/664/506 
f 506/664/506 509/667/509 510/668/510 507/665/507 
f 506/664/506 508/666/508 511/669/511 509/667/509 
f 509/667/509 512/670/512 513/671/513 510/668/510 
f 509/667/509 511/669/511 514/672/514 512/670/512 
f 512/670/512 515/673/515 516/674/516 513/671/513 
f 512/670/512 514/672/514 517/675/517 515/673/515 
f 515/673/515 518/676/518 519/677/519 516/674/516 
f 515/673/515 517/675/517 520/678/520 518/676/518 
f 518/679/518 521/680/521 522/681/522 519/682/519 
f 518/676/518 520/678/520 523/683/523 521/684/521 
f 521/684/521 524/685/524 525/686/525 522/687/522 
f 521/684/521 523/683/523 526/688/526 524/685/524 
f 524/689/524 527/690/527 528/691/528 525/692/525 
f 524/685/524 526/688/526 529/693/529 527/694/527 
f 527/695/527 530/696/530 531/697/531 528/698/528 
f 527/694/527 529/693/529 532/699/532 530/700/530 
f 530/700/530 532/699/532 533/701/533 534/702/534 
f 530/696/530 534/703/534 535/704/535 531/697/531 
f 534/702/534 533/701/533 536/705/536 537/706/537 
f 534/703/534 537/707/537 538/708/538 535/704/535 
f 537/706/537 536/705/536 539/709/539 540/710/540 
f 537/707/537 540/711/540 541/712/541 538/708/538 
f 540/710/540 539/709/539 542/713/542 543/714/543 
f 540/711/540 543/715/543 544/716/544 541/712/541 
f 543/714/543 542/713/542 545/717/545 546/718/546 
f 543/715/543 546/719/546 547/720/547 544/716/544 
f 546/718/546 545/717/545 548/721/548 549/722/549 
f 546/719/546 549/723/549 550/724/550 547/720/547 
f 549/722/549 548/721/548 551/725/551 552/726/552 
f 549/723/549 552/727/552 553/728/553 550/724/550 
f 552/729/552 551/730/551 554/731/554 555/732/555 
f 552/727/552 555/733/555 556/734/556 553/728/553 
f 555/735/555 554/736/554 557/737/557 558/738/558 
f 555/733/555 558/739/558 559/740/559 556/734/556 
f 558/741/558 557/742/557 560/743/560 561/744/561 
f 558/739/558 561/745/561 562/746/562 559/740/559 
f 561/744/561 560/743/560 563/747/563 564/748/564 
f 561/745/561 564/749/564 565/750/565 562/746/562 
f 564/748/564 563/747/563 566/751/566 567/752/567 
f 564/749/564 567/753/567 568/754/568 565/750/565 
f 567/752/567 566/751/566 569/755/569 570/756/570 
f 567/753/567 570/757/570 571/758/571 568/754/568 
f 570/756/570 569/755/569 572/759/572 573/760/573 
f 570/757/570 573/761/573 574/762/574 571/758/571 
f 573/760/573 572/759/572 575/763/575 576/764/576 
f 573/761/573 576/765/576 577/766/577 574/762/574 
f 576/764/576 575/763/575 578/767/578 579/768/579 
f 576/765/576 579/769/579 580/770/580 577/766/577 
f 579/768/579 578/767/578 581/771/581 582/772/582 
f 579/768/579 582/772/582 583/773/583 580/774/580 
f 582/772/582 581/771/581 584/775/584 585/776/585 
f 582/772/582 585/776/585 586/777/586 583/773/583 
f 585/776/585 584/775/584 587/778/587 588/779/588 
f 585/776/585 588/779/588 589/780/589 586/777/586 
f 588/779/588 587/778/587 590/781/590 591/782/591 
f 588/779/588 591/782/591 592/783/592 589/780/589 
f 591/782/591 590/781/590 593/784/593 594/785/594 
f 591/786/591 594/787/594 595/788/595 592/789/592 
f 594/785/594 593/784/593 596/790/596 597/791/597 
f 594/785/594 597/791/597 598/792/598 595/793/595 
f 597/791/597 596/790/596 599/794/599 600/795/600 
f 597/796/597 600/797/600 601/798/601 598/799/598 
f 600/795/600 599/794/599 602/800/602 603/801/603 
f 600/795/600 603/801/603 604/802/604 601/803/601 
f 603/804/603 602/805/602 605/806/605 606/807/606 
f 603/804/603 606/807/606 607/808/607 604/809/604 
f 606/807/606 605/806/605 608/810/608 609/811/609 
f 606/807/606 609/811/609 610/812/610 607/808/607 
f 609/811/609 608/810/608 611/813/611 612/814/612 
f 609/811/609 612/814/612 613/815/613 610/812/610 
f 612/814/612 611/813/611 614/816/614 615/817/615 
f 612/814/612 615/817/615 616/818/616 613/815/613 
f 615/817/615 614/816/614 617/819/617 618/820/618 
f 615/817/615 618/820/618 619/821/619 616/818/616 
f 618/820/618 617/819/617 620/822/620 621/823/621 
f 618/820/618 621/823/621 622/824/622 619/821/619 
f 621/823/621 620/822/620 623/825/623 624/826/624 
f 621/823/621 624/826/624 625/827/625 622/824/622 
f 624/826/624 623/825/623 626/828/626 627/829/627 
f 624/826/624 627/829/627 628/830/628 625/827/625 
f 627/829/627 626/828/626 629/831/629 630/832/630 
f 627/829/627 630/832/630 631/833/631 628/830/628 
f 630/832/630 629/831/629 632/834/632 633/835/633 
f 630/832/630 633/835/633 634/836/634 631/833/631 
f 633/835/633 632/834/632 635/837/635 636/838/636 
f 633/835/633 636/838/636 637/839/637 634/836/634 
f 636/840/636 635/841/635 638/842/638 639/843/639 
f 636/838/636 639/844/639 640/845/640 637/839/637 
f 639/843/639 638/842/638 641/846/641 642/847/642 
f 639/844/639 642/848/642 643/849/643 640/845/640 
f 642/847/642 641/846/641 644/850/644 645/851/645 
f 642/848/642 645/852/645 646/853/646 643/849/643 
f 645/851/645 644/850/644 647/854/647 648/855/648 
f 645/856/645 648/857/648 649/858/649 646/859/646 
f 648/860/648 647/861/647 650/862/650 651/863/651 
f 648/860/648 651/863/651 652/864/652 649/865/649 
f 651/866/651 650/867/650 653/868/653 654/869/654 
f 651/863/651 654/870/654 655/871/655 652/864/652 
f 654/869/654 653/868/653 656/872/656 657/873/657 
f 654/874/654 657/875/657 658/876/658 655/877/655 
f 657/873/657 656/872/656 659/878/659 660/879/660 
f 657/875/657 660/880/660 661/881/661 658/876/658 
f 660/879/660 659/878/659 662/882/662 663/883/663 
f 660/880/660 663/884/663 664/885/664 661/881/661 
f 663/883/663 662/882/662 665/886/665 666/887/666 
f 663/884/663 666/888/666 667/889/667 664/885/664 
f 666/887/666 665/886/665 668/890/668 669/891/669 
f 666/887/666 669/891/669 670/892/670 667/893/667 
f 669/891/669 668/890/668 671/894/671 672/895/672 
f 669/891/669 672/895/672 673/896/673 670/892/670 
f 672/895/672 671/894/671 674/897/674 675/898/675 
f 672/895/672 675/898/675 676/899/676 673/896/673 
f 675/898/675 674/897/674 677/900/677 678/901/678 
f 675/898/675 678/901/678 679/902/679 676/899/676 
f 421/563/421 418/560/418 680/903/680 681/904/681 
f 421/563/421 681/904/681 682/905/682 424/566/424 
f 424/566/424 682/905/682 683/906/683 427/569/427 
f 427/569/427 683/906/683 684/907/684 430/572/430 
f 430/908/430 684/909/684 685/910/685 433/911/433 
f 433/575/433 685/912/685 686/913/686 436/578/436 
f 436/578/436 686/913/686 687/914/687 439/581/439 
f 439/581/439 687/914/687 688/915/688 442/584/442 
f 442/584/442 688/915/688 689/916/689 445/587/445 
f 445/591/445 689/917/689 690/918/690 448/592/448 
f 448/592/448 690/918/690 691/919/691 451/597/451 
f 451/597/451 691/919/691 692/920/692 454/921/454 
f 454/921/454 692/920/692 693/922/693 457/923/457 
f 457/923/457 693/922/693 694/924/694 460/925/460 
f 460/925/460 694/924/694 695/926/695 463/927/463 
f 463/927/463 695/926/695 696/928/696 466/929/466 
f 466/929/466 696/928/696 697/930/697 469/931/469 
f 469/931/469 697/930/697 698/932/698 472/933/472 
f 472/933/472 698/932/698 699/934/699 475/935/475 
f 475/633/475 699/936/699 700/937/700 478/636/478 
f 478/636/478 700/937/700 701/938/701 481/639/481 
f 481/639/481 701/938/701 702/939/702 484/642/484 
f 484/642/484 702/939/702 703/940/703 487/645/487 
f 487/645/487 703/940/703 704/941/704 490/648/490 
f 490/648/490 704/941/704 705/942/705 493/651/493 
f 493/651/493 705/942/705 706/943/706 496/654/496 
f 496/654/496 706/943/706 707/944/707 499/657/499 
f 499/657/499 707/944/707 708/945/708 502/660/502 
f 502/660/502 708/945/708 709/946/709 505/663/505 
f 505/663/505 709/946/709 710/947/710 508/666/508 
f 508/666/508 710/947/710 711/948/711 511/669/511 
f 511/669/511 711/948/711 712/949/712 514/672/514 
f 514/672/514 712/949/712 713/950/713 517/675/517 
f 517/675/517 713/950/713 714/951/714 520/678/520 
f 520/678/520 714/951/714 715/952/715 523/683/523 
f 523/683/523 715/952/715 716/953/716 526/688/526 
f 526/688/526 716/953/716 717/954/717 529/693/529 
f 529/693/529 717/954/717 718/955/718 532/699/532 
f 532/699/532 718/955/718 719/956/719 533/701/533 
f 533/701/533 719/956/719 720/957/720 536/705/536 
f 536/705/536 720/957/720 721/958/721 539/709/539 
f 539/709/539 721/958/721 722/959/722 542/713/542 
f 542/713/542 722/959/722 723/960/723 545/717/545 
f 545/717/545 723/960/723 724/961/724 548/721/548 
f 548/721/548 724/961/724 725/962/725 551/725/551 
f 551/725/551 725/962/725 726/963/726 554/736/554 
f 554/736/554 726/963/726 727/964/727 557/737/557 
f 557/737/557 727/964/727 728/965/728 560/966/560 
f 560/966/560 728/965/728 729/967/729 563/968/563 
f 563/968/563 729/967/729 730/969/730 566/970/566 
f 566/970/566 730/969/730 731/971/731 569/972/569 
f 569/972/569 731/971/731 732/973/732 572/974/572 
f 572/974/572 732/973/732 733/975/733 575/976/575 
f 575/976/575 733/975/733 734/977/734 578/978/578 
f 578/978/578 734/977/734 735/979/735 581/980/581 
f 581/980/581 735/979/735 736/981/736 584/982/584 
f 584/982/584 736/981/736 737/983/737 587/984/587 
f 587/984/587 737/983/737 738/985/738 590/986/590 
f 590/986/590 738/985/738 739/987/739 593/988/593 
f 593/988/593 739/987/739 740/989/740 596/990/596 
f 596/990/596 740/989/740 741/991/741 599/992/599 
f 599/992/599 741/991/741 742/993/742 602/994/602 
f 602/994/602 742/993/742 743/995/743 605/996/605 
f 605/996/605 743/995/743 744/997/744 608/998/608 
f 608/998/608 744/997/744 745/999/745 611/1000/611 
f 611/1001/611 745/1002/745 746/1003/746 614/1004/614 
f 614/1004/614 746/1003/746 747/1005/747 617/1006/617 
f 617/1007/617 747/1008/747 748/1009/748 620/1010/620 
f 620/1011/620 748/1012/748 749/1013/749 623/1014/623 
f 623/1015/623 749/1016/749 750/1017/750 626/1018/626 
f 626/1018/626 750/1017/750 751/1019/751 629/1020/629 
f 629/1020/629 751/1019/751 752/1021/752 632/1022/632 
f 632/1022/632 752/1021/752 753/1023/753 635/841/635 
f 635/841/635 753/1023/753 754/1024/754 638/842/638 
f 638/842/638 754/1024/754 755/1025/755 641/846/641 
f 641/846/641 755/1025/755 756/1026/756 644/850/644 
f 644/850/644 756/1026/756 757/1027/757 647/854/647 
f 647/854/647 757/1027/757 758/1028/758 650/867/650 
f 650/867/650 758/1028/758 759/1029/759 653/868/653 
f 653/868/653 759/1029/759 760/1030/760 656/872/656 
f 656/872/656 760/1030/760 761/1031/761 659/878/659 
f 659/878/659 761/1031/761 762/1032/762 662/882/662 
f 662/882/662 762/1032/762 763/1033/763 665/886/665 
f 665/886/665 763/1033/763 764/1034/764 668/890/668 
f 668/890/668 764/1034/764 765/1035/765 671/894/671 
f 671/894/671 765/1035/765 766/1036/766 674/897/674 
f 674/897/674 766/1036/766 767/1037/767 677/900/677 
f 677/1038/677 767/1039/767 768/1040/768 769/1041/769 
f 677/900/677 769/1042/769 770/1043/770 678/901/678 
f 693/922/693 771/1044/771 772/1045/772 694/924/694 
f 693/922/693 692/920/692 773/1046/773 771/1044/771 
f 694/1047/694 772/1048/772 774/1049/774 695/1050/695 
f 695/1050/695 774/1049/774 775/1051/775 696/1052/696 
f 696/1052/696 775/1051/775 776/1053/776 697/1054/697 
f 697/1054/697 776/1053/776 777/1055/777 698/1056/698 
f 698/1056/698 777/1055/777 778/1057/778 699/1058/699 
f 699/1058/699 778/1057/778 779/1059/779 700/1060/700 
f 700/1060/700 779/1059/779 780/1061/780 701/1062/701 
f 701/1062/701 780/1061/780 781/1063/781 702/1064/702 
f 702/939/702 781/1065/781 782/1066/782 703/940/703 
f 703/940/703 782/1066/782 783/1067/783 704/941/704 
f 704/941/704 783/1067/783 784/1068/784 705/942/705 
f 705/942/705 784/1068/784 785/1069/785 706/943/706 
f 706/943/706 785/1069/785 786/1070/786 707/944/707 
f 707/944/707 786/1070/786 787/1071/787 708/945/708 
f 708/945/708 787/1071/787 788/1072/788 709/946/709 
f 709/946/709 788/1072/788 789/1073/789 710/947/710 
f 710/947/710 789/1073/789 790/1074/790 711/948/711 
f 711/948/711 790/1074/790 791/1075/791 712/949/712 
f 712/949/712 791/1075/791 792/1076/792 713/950/713 
f 713/950/713 792/1076/792 793/1077/793 714/951/714 
f 714/951/714 793/1077/793 794/1078/794 715/952/715 
f 715/952/715 794/1078/794 795/1079/795 716/953/716 
f 716/953/716 795/1079/795 796/1080/796 717/954/717 
f 717/954/717 796/1080/796 797/1081/797 718/955/718 
f 718/955/718 797/1081/797 798/1082/798 719/956/719 
f 719/956/719 798/1082/798 799/1083/799 720/957/720 
f 720/957/720 799/1083/799 800/1084/800 721/958/721 
f 721/958/721 800/1084/800 801/1085/801 722/959/722 
f 722/959/722 801/1085/801 802/1086/802 723/960/723 
f 723/960/723 802/1086/802 803/1087/803 724/961/724 
f 724/961/724 803/1087/803 804/1088/804 725/962/725 
f 725/962/725 804/1088/804 805/1089/805 726/963/726 
f 726/963/726 805/1089/805 806/1090/806 727/964/727 
f 727/964/727 806/1090/806 807/1091/807 728/965/728 
f 728/965/728 807/1091/807 808/1092/808 729/967/729 
f 729/967/729 808/1092/808 809/1093/809 730/969/730 
f 730/969/730 809/1093/809 810/1094/810 731/971/731 
f 731/971/731 810/1094/810 811/1095/811 732/973/732 
f 732/973/732 811/1095/811 812/1096/812 733/975/733 
f 733/975/733 812/1096/812 813/1097/813 734/977/734 
f 734/977/734 813/1097/813 814/1098/814 735/979/735 
f 735/979/735 814/1098/814 815/1099/815 736/981/736 
f 736/981/736 815/1099/815 816/1100/816 737/983/737 
f 737/983/737 816/1100/816 817/1101/817 738/985/738 
f 738/985/738 817/1101/817 818/1102/818 739/987/739 
f 739/987/739 818/1102/818 819/1103/819 740/989/740 
f 740/989/740 819/1103/819 820/1104/820 741/991/741 
f 741/991/741 820/1104/820 821/1105/821 742/993/742 
f 742/993/742 821/1105/821 822/1106/822 743/995/743 
f 743/995/743 822/1106/822 823/1107/823 744/997/744 
f 744/997/744 823/1107/823 824/1108/824 745/999/745 
f 745/999/745 824/1108/824 825/1109/825 746/1110/746 
f 746/1003/746 825/1111/825 826/1112/826 747/1005/747 
f 747/1008/747 826/1113/826 827/1114/827 748/1009/748 
f 748/1009/748 827/1114/827 828/1115/828 749/1016/749 
f 749/1016/749 828/1115/828 829/1116/829 750/1017/750 
f 750/1017/750 829/1116/829 830/1117/830 751/1019/751 
f 751/1019/751 830/1117/830 831/1118/831 752/1021/752 
f 752/1021/752 831/1118/831 832/1119/832 753/1023/753 
f 753/1023/753 832/1119/832 833/1120/833 754/1024/754 
f 754/1024/754 833/1120/833 834/1121/834 755/1025/755 
f 755/1025/755 834/1121/834 835/1122/835 756/1026/756 
f 756/1026/756 835/1122/835 836/1123/836 757/1027/757 
f 757/1027/757 836/1123/836 837/1124/837 758/1028/758 
f 758/1028/758 837/1124/837 838/1125/838 759/1029/759 
f 759/1029/759 838/1125/838 839/1126/839 760/1030/760 
f 760/1030/760 839/1126/839 840/1127/840 761/1031/761 
f 761/1031/761 840/1127/840 841/1128/841 762/1032/762 
f 762/1032/762 841/1128/841 842/1129/842 763/1033/763 
f 763/1033/763 842/1129/842 843/1130/843 764/1034/764 
f 764/1131/764 843/1132/843 844/1133/844 765/1134/765 
f 765/1134/765 844/1133/844 845/1135/845 766/1136/766 
f 766/1036/766 845/1137/845 846/1138/846 767/1037/767 
f 767/1039/767 846/1139/846 847/1140/847 768/1040/768 
f 768/1040/768 848/1141/848 849/1142/849 769/1041/769 
f 768/1040/768 847/1140/847 850/1143/850 848/1141/848 
f 783/1144/783 782/1145/782 851/1146/851 852/1147/852 
f 783/1144/783 852/1147/852 853/1148/853 784/1149/784 
f 784/1150/784 853/1151/853 854/1152/854 785/1153/785 
f 785/1153/785 854/1152/854 855/1154/855 786/1155/786 
f 786/1155/786 855/1154/855 856/1156/856 787/1157/787 
f 787/1157/787 856/1156/856 857/1158/857 788/1159/788 
f 788/1159/788 857/1158/857 858/1160/858 789/1161/789 
f 789/1161/789 858/1160/858 859/1162/859 790/1163/790 
f 790/1163/790 859/1162/859 860/1164/860 791/1165/791 
f 791/1165/791 860/1164/860 861/1166/861 792/1167/792 
f 792/1167/792 861/1166/861 862/1168/862 793/1169/793 
f 793/1169/793 862/1168/862 863/1170/863 794/1171/794 
f 794/1171/794 863/1170/863 864/1172/864 795/1173/795 
f 795/1173/795 864/1172/864 865/1174/865 796/1175/796 
f 796/1175/796 865/1174/865 866/1176/866 797/1177/797 
f 797/1177/797 866/1176/866 867/1178/867 798/1179/798 
f 798/1179/798 867/1178/867 868/1180/868 799/1181/799 
f 799/1181/799 868/1180/868 869/1182/869 800/1183/800 
f 800/1183/800 869/1182/869 870/1184/870 801/1185/801 
f 801/1185/801 870/1184/870 871/1186/871 802/1187/802 
f 802/1187/802 871/1186/871 872/1188/872 803/1189/803 
f 803/1087/803 872/1190/872 873/1191/873 804/1088/804 
f 804/1088/804 873/1191/873 874/1192/874 805/1089/805 
f 805/1089/805 874/1192/874 875/1193/875 806/1090/806 
f 806/1090/806 875/1193/875 876/1194/876 807/1091/807 
f 807/1091/807 876/1194/876 877/1195/877 808/1092/808 
f 808/1092/808 877/1195/877 878/1196/878 809/1093/809 
f 809/1093/809 878/1196/878 879/1197/879 810/1094/810 
f 810/1094/810 879/1197/879 880/1198/880 811/1095/811 
f 811/1095/811 880/1198/880 881/1199/881 812/1096/812 
f 812/1096/812 881/1199/881 882/1200/882 813/1097/813 
f 813/1097/813 882/1200/882 883/1201/883 814/1098/814 
f 814/1098/814 883/1201/883 884/1202/884 815/1099/815 
f 815/1099/815 884/1202/884 885/1203/885 816/1100/816 
f 816/1100/816 885/1203/885 886/1204/886 817/1101/817 
f 817/1101/817 886/1204/886 887/1205/887 818/1102/818 
f 818/1102/818 887/1205/887 888/1206/888 819/1103/819 
f 819/1103/819 888/1206/888 889/1207/889 820/1104/820 
f 820/1104/820 889/1207/889 890/1208/890 821/1105/821 
f 821/1105/821 890/1208/890 891/1209/891 822/1106/822 
f 822/1106/822 891/1209/891 892/1210/892 823/1107/823 
f 823/1107/823 892/1210/892 893/1211/893 824/1108/824 
f 824/1108/824 893/1211/893 894/1212/894 825/1109/825 
f 825/1109/825 894/1212/894 895/1213/895 826/1214/826 
f 826/1113/826 895/1215/895 896/1216/896 827/1114/827 
f 827/1114/827 896/1216/896 897/1217/897 828/1115/828 
f 828/1115/828 897/1217/897 898/1218/898 829/1116/829 
f 829/1116/829 898/1218/898 899/1219/899 830/1117/830 
f 830/1117/830 899/1219/899 900/1220/900 831/1118/831 
f 831/1118/831 900/1220/900 901/1221/901 832/1119/832 
f 832/1119/832 901/1221/901 902/1222/902 833/1120/833 
f 833/1120/833 902/1222/902 903/1223/903 834/1121/834 
f 834/1121/834 903/1223/903 904/1224/904 835/1122/835 
f 835/1122/835 904/1224/904 905/1225/905 836/1123/836 
f 836/1123/836 905/1225/905 906/1226/906 837/1124/837 
f 837/1124/837 906/1226/906 907/1227/907 838/1125/838 
f 838/1125/838 907/1227/907 908/1228/908 839/1126/839 
f 839/1229/839 908/1230/908 909/1231/909 840/1232/840 
f 840/1127/840 909/1233/909 910/1234/910 841/1128/841 
f 841/1235/841 910/1236/910 911/1237/911 842/1238/842 
f 842/1238/842 911/1237/911 912/1239/912 843/1240/843 
f 843/1240/843 912/1239/912 913/1241/913 844/1242/844 
f 844/1242/844 913/1241/913 914/1243/914 845/1244/845 
f 845/1244/845 914/1243/914 915/1245/915 846/1246/846 
f 846/1139/846 915/1247/915 916/1248/916 847/1140/847 
f 847/1140/847 916/1248/916 917/1249/917 850/1143/850 
f 850/1143/850 918/1250/918 36/1251/36 848/1141/848 
f 850/1143/850 917/1249/917 919/1252/919 918/1250/918 
f 864/1253/864 920/1254/920 921/1255/921 865/1256/865 
f 864/1253/864 863/1257/863 922/1258/922 920/1254/920 
f 865/1256/865 921/1255/921 923/1259/923 866/1260/866 
f 866/1260/866 923/1259/923 924/1261/924 867/1262/867 
f 867/1262/867 924/1261/924 925/1263/925 868/1264/868 
f 868/1264/868 925/1263/925 926/1265/926 869/1266/869 
f 869/1266/869 926/1265/926 927/1267/927 870/1268/870 
f 870/1268/870 927/1267/927 928/1269/928 871/1270/871 
f 871/1270/871 928/1269/928 929/1271/929 872/1272/872 
f 872/1272/872 929/1271/929 930/1273/930 873/1274/873 
f 873/1274/873 930/1273/930 931/1275/931 874/1276/874 
f 874/1276/874 931/1275/931 932/1277/932 875/1278/875 
f 875/1278/875 932/1277/932 933/1279/933 876/1280/876 
f 876/1280/876 933/1279/933 934/1281/934 877/1282/877 
f 877/1282/877 934/1281/934 935/1283/935 878/1284/878 
f 878/1284/878 935/1283/935 936/1285/936 879/1286/879 
f 879/1197/879 936/1287/936 937/1288/937 880/1198/880 
f 880/1198/880 937/1288/937 938/1289/938 881/1199/881 
f 881/1199/881 938/1289/938 939/1290/939 882/1200/882 
f 882/1200/882 939/1290/939 940/1291/940 883/1201/883 
f 883/1201/883 940/1291/940 941/1292/941 884/1202/884 
f 884/1202/884 941/1292/941 942/1293/942 885/1203/885 
f 885/1203/885 942/1293/942 943/1294/943 886/1204/886 
f 886/1204/886 943/1294/943 944/1295/944 887/1205/887 
f 887/1205/887 944/1295/944 945/1296/945 888/1206/888 
f 888/1206/888 945/1296/945 946/1297/946 889/1207/889 
f 889/1207/889 946/1297/946 947/1298/947 890/1208/890 
f 890/1208/890 947/1298/947 948/1299/948 891/1209/891 
f 891/1209/891 948/1299/948 949/1300/949 892/1210/892 
f 892/1210/892 949/1300/949 950/1301/950 893/1211/893 
f 893/1211/893 950/1301/950 951/1302/951 894/1212/894 
f 894/1212/894 951/1302/951 952/1303/952 895/1213/895 
f 895/1304/895 952/1305/952 953/1306/953 896/1307/896 
f 896/1307/896 953/1306/953 954/1308/954 897/1309/897 
f 897/1310/897 954/1311/954 955/1312/955 898/1313/898 
f 898/1314/898 955/1315/955 956/1316/956 899/1317/899 
f 899/1317/899 956/1316/956 957/1318/957 900/1319/900 
f 900/1319/900 957/1318/957 958/1320/958 901/1321/901 
f 901/1321/901 958/1320/958 959/1322/959 902/1323/902 
f 902/1324/902 959/1325/959 960/1326/960 903/1327/903 
f 903/1328/903 960/1329/960 961/1330/961 904/1331/904 
f 904/1331/904 961/1330/961 962/1332/962 905/1333/905 
f 905/1334/905 962/1335/962 963/1336/963 906/1337/906 
f 906/1338/906 963/1339/963 964/1340/964 907/1341/907 
f 907/1342/907 964/1343/964 965/1344/965 908/1230/908 
f 908/1230/908 965/1344/965 966/1345/966 909/1231/909 
f 909/1231/909 966/1345/966 967/1346/967 910/1236/910 
f 910/1236/910 967/1346/967 968/1347/968 911/1237/911 
f 911/1237/911 968/1347/968 969/1348/969 912/1239/912 
f 912/1239/912 969/1348/969 970/1349/970 913/1241/913 
f 913/1241/913 970/1349/970 971/1350/971 914/1243/914 
f 914/1243/914 971/1350/971 972/1351/972 915/1245/915 
f 915/1245/915 972/1351/972 973/1352/973 916/1353/916 
f 916/1248/916 973/1354/973 974/1355/974 917/1249/917 
f 917/1356/917 974/1357/974 975/1358/975 919/1359/919 
f 932/1277/932 931/1275/931 976/1360/976 977/1361/977 
f 932/1277/932 977/1361/977 978/1362/978 933/1279/933 
f 933/1279/933 978/1362/978 979/1363/979 934/1281/934 
f 934/1281/934 979/1363/979 980/1364/980 935/1283/935 
f 935/1283/935 980/1364/980 981/1365/981 936/1285/936 
f 936/1285/936 981/1365/981 982/1366/982 937/1367/937 
f 937/1367/937 982/1366/982 983/1368/983 938/1369/938 
f 938/1369/938 983/1368/983 984/1370/984 939/1371/939 
f 939/1371/939 984/1370/984 985/1372/985 940/1373/940 
f 940/1374/940 985/1375/985 986/1376/986 941/1377/941 
f 941/1377/941 986/1376/986 987/1378/987 942/1379/942 
f 942/1379/942 987/1378/987 988/1380/988 943/1381/943 
f 943/1381/943 988/1380/988 989/1382/989 944/1383/944 
f 944/1383/944 989/1382/989 990/1384/990 945/1385/945 
f 945/1385/945 990/1384/990 991/1386/991 946/1387/946 
f 946/1387/946 991/1386/991 992/1388/992 947/1389/947 
f 947/1389/947 992/1388/992 993/1390/993 948/1391/948 
f 948/1391/948 993/1390/993 994/1392/994 949/1393/949 
f 949/1393/949 994/1392/994 995/1394/995 950/1395/950 
f 950/1301/950 995/1396/995 996/1397/996 951/1302/951 
f 951/1398/951 996/1399/996 997/1400/997 952/1305/952 
f 952/1305/952 997/1400/997 998/1401/998 953/1306/953 
f 953/1306/953 998/1401/998 999/1402/999 954/1308/954 
f 954/1308/954 999/1402/999 1000/1403/1000 955/1315/955 
f 955/1315/955 1000/1403/1000 1001/1404/1001 956/1316/956 
f 956/1316/956 1001/1404/1001 1002/1405/1002 957/1318/957 
f 957/1318/957 1002/1405/1002 1003/1406/1003 958/1320/958 
f 958/1320/958 1003/1406/1003 1004/1407/1004 959/1322/959 
f 959/1322/959 1004/1407/1004 1005/1408/1005 960/1329/960 
f 960/1409/960 1005/1410/1005 1006/1411/1006 961/1412/961 
f 961/1412/961 1006/1411/1006 1007/1413/1007 962/1335/962 
f 962/1335/962 1007/1413/1007 1008/1414/1008 963/1336/963 
f 963/1336/963 1008/1414/1008 1009/1415/1009 964/1343/964 
f 964/1343/964 1009/1415/1009 1010/1416/1010 965/1344/965 
f 965/1344/965 1010/1416/1010 1011/1417/1011 966/1345/966 
f 966/1345/966 1011/1417/1011 1012/1418/1012 967/1346/967 
f 967/1346/967 1012/1418/1012 1013/1419/1013 968/1347/968 
f 968/1347/968 1013/1419/1013 1014/1420/1014 969/1348/969 
f 969/1348/969 1014/1420/1014 1015/1421/1015 970/1349/970 
f 970/1349/970 1015/1421/1015 1016/1422/1016 971/1350/971 
f 971/1350/971 1016/1422/1016 1017/1423/1017 972/1351/972 
f 972/1351/972 1017/1423/1017 1018/1424/1018 973/1352/973 
f 973/1352/973 1018/1424/1018 1019/1425/1019 974/1357/974 
f 974/1357/974 1019/1425/1019 1020/1426/1020 975/1358/975 
f 975/1358/975 1020/1426/1020 1021/1427/1021 49/1428/49 
f 975/1358/975 49/1428/49 47/1429/47 919/1359/919 
f 989/1382/989 1022/1430/1022 1023/1431/1023 990/1384/990 
f 989/1382/989 988/1380/988 1024/1432/1024 1022/1430/1022 
f 990/1433/990 1023/1434/1023 1025/1435/1025 991/1436/991 
f 991/1436/991 1025/1435/1025 1026/1437/1026 992/1438/992 
f 992/1438/992 1026/1437/1026 1027/1439/1027 993/1440/993 
f 993/1440/993 1027/1439/1027 1028/1441/1028 994/1442/994 
f 994/1442/994 1028/1441/1028 1029/1443/1029 995/1444/995 
f 995/1444/995 1029/1443/1029 1030/1445/1030 996/1446/996 
f 996/1446/996 1030/1445/1030 1031/1447/1031 997/1448/997 
f 997/1448/997 1031/1447/1031 1032/1449/1032 998/1450/998 
f 998/1450/998 1032/1449/1032 1033/1451/1033 999/1452/999 
f 999/1452/999 1033/1451/1033 1034/1453/1034 1000/1454/1000 
f 1000/1454/1000 1034/1453/1034 1035/1455/1035 1001/1456/1001 
f 1001/1456/1001 1035/1455/1035 1036/1457/1036 1002/1458/1002 
f 1002/1458/1002 1036/1457/1036 1037/1459/1037 1003/1460/1003 
f 1003/1460/1003 1037/1459/1037 1038/1461/1038 1004/1462/1004 
f 1004/1462/1004 1038/1461/1038 1039/1463/1039 1005/1464/1005 
f 1005/1464/1005 1039/1463/1039 1040/1465/1040 1006/1466/1006 
f 1006/1466/1006 1040/1465/1040 1041/1467/1041 1007/1468/1007 
f 1007/1413/1007 1041/1469/1041 1042/1470/1042 1008/1414/1008 
f 1008/1471/1008 1042/1472/1042 1043/1473/1043 1009/1474/1009 
f 1009/1415/1009 1043/1475/1043 1044/1476/1044 1010/1416/1010 
f 1010/1416/1010 1044/1476/1044 1045/1477/1045 1011/1417/1011 
f 1011/1417/1011 1045/1477/1045 1046/1478/1046 1012/1418/1012 
f 1012/1418/1012 1046/1478/1046 1047/1479/1047 1013/1419/1013 
f 1013/1419/1013 1047/1479/1047 1048/1480/1048 1014/1420/1014 
f 1014/1420/1014 1048/1480/1048 1049/1481/1049 1015/1421/1015 
f 1015/1421/1015 1049/1481/1049 1050/1482/1050 1016/1422/1016 
f 1016/1422/1016 1050/1482/1050 1051/1483/1051 1017/1423/1017 
f 1017/1423/1017 1051/1483/1051 1052/1484/1052 1018/1424/1018 
f 1018/1424/1018 1052/1484/1052 1053/1485/1053 1019/1425/1019 
f 1019/1425/1019 1053/1485/1053 1054/1486/1054 1020/1426/1020 
f 1020/1426/1020 1054/1486/1054 1055/1487/1055 1021/1427/1021 
f 1021/1427/1021 1055/1487/1055 56/82/56 55/81/55 
f 1021/1488/1021 55/1489/55 50/69/50 49/68/49 
f 1035/1455/1035 1056/1490/1056 1057/1491/1057 1036/1457/1036 
f 1035/1455/1035 1034/1453/1034 1058/1492/1058 1056/1490/1056 
f 1036/1457/1036 1057/1491/1057 1059/1493/1059 1037/1459/1037 
f 1037/1459/1037 1059/1493/1059 1060/1494/1060 1038/1461/1038 
f 1038/1461/1038 1060/1494/1060 1061/1495/1061 1039/1463/1039 
f 1039/1463/1039 1061/1495/1061 1062/1496/1062 1040/1465/1040 
f 1040/1465/1040 1062/1496/1062 1063/1497/1063 1041/1467/1041 
f 1041/1467/1041 1063/1497/1063 1064/1498/1064 1042/1472/1042 
f 1042/1472/1042 1064/1498/1064 1065/1499/1065 1043/1473/1043 
f 1043/1473/1043 1065/1499/1065 1066/1500/1066 1044/1501/1044 
f 1044/1476/1044 1066/1502/1066 1067/1503/1067 1045/1477/1045 
f 1045/1477/1045 1067/1503/1067 1068/1504/1068 1046/1478/1046 
f 1046/1478/1046 1068/1504/1068 1069/1505/1069 1047/1479/1047 
f 1047/1479/1047 1069/1505/1069 1070/1506/1070 1048/1480/1048 
f 1048/1480/1048 1070/1506/1070 1071/1507/1071 1049/1481/1049 
f 1049/1481/1049 1071/1507/1071 1072/1508/1072 1050/1482/1050 
f 1050/1482/1050 1072/1508/1072 1073/1509/1073 1051/1483/1051 
f 1051/1483/1051 1073/1509/1073 1074/1510/1074 1052/1484/1052 
f 1052/1484/1052 1074/1510/1074 1075/1511/1075 1053/1485/1053 
f 1053/1485/1053 1075/1511/1075 1076/1512/1076 1054/1486/1054 
f 1054/1486/1054 1076/1512/1076 1077/1513/1077 1055/1487/1055 
f 1055/1487/1055 1077/1513/1077 1078/1514/1078 56/82/56 
f 56/82/56 1078/1514/1078 1079/1515/1079 57/83/57 
f 1068/1516/1068 1067/1517/1067 1080/1518/1080 1081/1519/1081 
f 1068/1516/1068 1081/1519/1081 1082/1520/1082 1069/1521/1069 
f 1069/1521/1069 1082/1520/1082 1083/1522/1083 1070/1523/1070 
f 1070/1523/1070 1083/1522/1083 1084/1524/1084 1071/1525/1071 
f 1071/1525/1071 1084/1524/1084 1085/1526/1085 1072/1527/1072 
f 1072/1527/1072 1085/1526/1085 1086/1528/1086 1073/1529/1073 
f 1073/1529/1073 1086/1528/1086 1087/1530/1087 1074/1531/1074 
f 1074/1532/1074 1087/1533/1087 1088/1534/1088 1075/1535/1075 
f 1075/1536/1075 1088/1537/1088 1089/1538/1089 1076/1539/1076 
f 1076/1540/1076 1089/1541/1089 1090/1542/1090 1077/1543/1077 
f 1077/1543/1077 1090/1542/1090 1091/1544/1091 1078/1545/1078 
f 1078/1545/1078 1091/1544/1091 1092/1546/1092 1079/1547/1079 
f 1093/1548/1093 1094/1549/1094 1095/1550/1095 1096/1551/1096 
f 1093/1552/1093 1097/1553/1097 1098/1554/1098 1094/1555/1094 
f 1093/1552/1093 1099/1556/1099 1100/1557/1100 1097/1553/1097 
f 1093/1548/1093 1096/1551/1096 1101/1558/1101 1099/1559/1099 
f 1102/1560/1102 1103/1561/1103 1104/1562/1104 1098/1554/1098 
f 1102/1560/1102 1105/1563/1105 1106/1564/1106 1103/1561/1103 
f 1102/1560/1102 1107/1565/1107 1108/1566/1108 1105/1563/1105 
f 1102/1560/1102 1098/1554/1098 1097/1553/1097 1107/1565/1107 
f 1098/1554/1098 1104/1562/1104 1109/1567/1109 1094/1555/1094 
f 1110/1568/1110 1111/1569/1111 1112/1570/1112 1106/1564/1106 
f 1110/1568/1110 1113/1571/1113 1114/1572/1114 1111/1569/1111 
f 1110/1568/1110 1115/1573/1115 1116/1574/1116 1113/1571/1113 
f 1110/1568/1110 1106/1564/1106 1105/1563/1105 1115/1573/1115 
f 1106/1564/1106 1112/1570/1112 1117/1575/1117 1103/1561/1103 
f 1103/1561/1103 1117/1575/1117 1118/1576/1118 1104/1562/1104 
f 1111/1569/1111 1114/1572/1114 1119/1577/1119 1120/1578/1120 
f 1111/1569/1111 1120/1578/1120 1121/1579/1121 1112/1570/1112 
f 1112/1570/1112 1121/1579/1121 1122/1580/1122 1117/1575/1117 
f 1123/1581/1123 1124/1582/1124 1125/1583/1125 1126/1584/1126 
f 1123/1585/1123 1127/1586/1127 1128/1587/1128 1124/1588/1124 
f 1123/1585/1123 1129/1589/1129 1130/1590/1130 1127/1586/1127 
f 1123/1581/1123 1126/1584/1126 1131/1591/1131 1129/1592/1129 
f 1128/1593/1128 1132/1594/1132 1133/1595/1133 1124/1582/1124 
f 1128/1593/1128 1134/1596/1134 1135/1597/1135 1132/1594/1132 
f 1128/1587/1128 1127/1586/1127 1136/1598/1136 1134/1599/1134 
f 1124/1582/1124 1133/1595/1133 1137/1600/1137 1125/1583/1125 
f 1125/1583/1125 1137/1600/1137 1138/1601/1138 1139/1602/1139 
f 1125/1583/1125 1139/1602/1139 1140/1603/1140 1126/1584/1126 
f 1135/1597/1135 1141/1604/1141 1142/1605/1142 1143/1606/1143 
f 1135/1597/1135 1134/1596/1134 1144/1607/1144 1141/1604/1141 
f 1135/1597/1135 1143/1606/1143 1145/1608/1145 1132/1594/1132 
f 1132/1594/1132 1145/1608/1145 1146/1609/1146 1133/1595/1133 
f 1142/1610/1142 1147/1611/1147 1148/1612/1148 1149/1613/1149 
f 1142/1614/1142 1141/1615/1141 1150/1616/1150 1147/1617/1147 
f 1142/1610/1142 1149/1613/1149 1151/1618/1151 1143/1619/1143 
f 1152/1620/1152 1153/1621/1153 1154/1622/1154 1155/1623/1155 
f 1152/1620/1152 1149/1613/1149 1148/1612/1148 1153/1621/1153 
f 1152/1620/1152 1156/1624/1156 1151/1618/1151 1149/1613/1149 
f 1152/1620/1152 1155/1623/1155 1157/1625/1157 1156/1624/1156 
f 1156/1624/1156 1158/1626/1158 1159/1627/1159 1151/1618/1151 
f 1156/1624/1156 1157/1625/1157 1160/1628/1160 1158/1626/1158 
f 1157/1625/1157 1161/1629/1161 1162/1630/1162 1160/1628/1160 
f 1157/1631/1157 1155/1632/1155 330/1633/330 1161/1634/1161 
f 1160/1628/1160 1163/1635/1163 1164/1636/1164 1158/1626/1158 
f 1160/1628/1160 1162/1630/1162 1165/1637/1165 1163/1635/1163 
f 1161/1638/1161 330/455/330 329/454/329 342/467/342 
f 1161/1638/1161 342/467/342 345/470/345 1162/1639/1162 
f 1162/1630/1162 345/1640/345 1166/1641/1166 1165/1637/1165 
f 1165/1642/1165 1166/1643/1166 1167/1644/1167 1168/1645/1168 
f 1165/1637/1165 1168/1646/1168 1169/1647/1169 1163/1635/1163 
f 1168/1646/1168 1170/1648/1170 1171/1649/1171 1169/1647/1169 
f 1168/1650/1168 1167/1651/1167 1172/1652/1172 1170/1653/1170 
f 345/1654/345 344/1655/344 1173/1656/1173 1166/1657/1166 
f 1166/1643/1166 1173/1658/1173 1174/1659/1174 1167/1644/1167 
f 1175/1660/1175 1176/1661/1176 1177/1662/1177 1178/1663/1178 
f 1175/1660/1175 1179/1664/1179 1180/1665/1180 1176/1661/1176 
f 1175/1660/1175 1181/1666/1181 1182/1667/1182 1179/1664/1179 
f 1175/1660/1175 1178/1663/1178 1183/1668/1183 1181/1666/1181 
f 1178/1663/1178 1184/1669/1184 1185/1670/1185 1183/1668/1183 
f 1178/1663/1178 1177/1662/1177 1186/1671/1186 1184/1669/1184 
f 1184/1669/1184 1186/1671/1186 1187/1672/1187 1188/1673/1188 
f 1184/1669/1184 1188/1673/1188 1189/1674/1189 1185/1670/1185 
f 1190/1675/1190 1191/1676/1191 1192/1677/1192 1193/1678/1193 
f 1190/1675/1190 1194/1679/1194 1195/1680/1195 1191/1676/1191 
f 1190/1675/1190 306/424/306 305/423/305 1194/1679/1194 
f 1190/1675/1190 1193/1678/1193 1196/1681/1196 306/424/306 
f 1197/1682/1197 1198/1683/1198 1199/1684/1199 1200/1685/1200 
f 1197/1682/1197 1201/1686/1201 1202/1687/1202 1198/1683/1198 
f 1197/1682/1197 1203/1688/1203 1204/1689/1204 1201/1686/1201 
f 1197/1682/1197 1200/1685/1200 1205/1690/1205 1203/1688/1203 
f 1200/1685/1200 1199/1684/1199 1206/1691/1206 1207/1692/1207 
f 1200/1685/1200 1207/1692/1207 1208/1693/1208 1205/1690/1205 
f 1205/1690/1205 1208/1693/1208 1195/1680/1195 1194/1679/1194 
f 1205/1690/1205 1194/1679/1194 299/413/299 1203/1688/1203 
f 1207/1692/1207 1206/1691/1206 1209/1694/1209 1210/1695/1210 
f 1207/1692/1207 1210/1695/1210 1211/1696/1211 1208/1693/1208 
f 1203/1688/1203 299/413/299 280/385/280 1204/1689/1204 
f 1204/1689/1204 280/385/280 279/384/279 282/388/282 
f 1204/1689/1204 282/388/282 285/392/285 1201/1686/1201 
f 1212/1697/1212 1213/1698/1213 1214/1699/1214 1215/1700/1215 
f 1212/1701/1212 1216/1702/1216 1217/1703/1217 1213/1704/1213 
f 1212/1701/1212 1218/1705/1218 1219/1706/1219 1216/1702/1216 
f 1212/1701/1212 1215/1707/1215 1220/1708/1220 1218/1705/1218 
f 1219/1706/1219 1221/1709/1221 1222/1710/1222 1223/1711/1223 
f 1219/1706/1219 1218/1705/1218 1224/1712/1224 1221/1709/1221 
f 1219/1706/1219 1223/1711/1223 1225/1713/1225 1216/1702/1216 
f 1226/1714/1226 1227/1715/1227 1228/1716/1228 1229/1717/1229 
f 1226/1718/1226 1230/1719/1230 1231/1720/1231 1227/1721/1227 
f 1226/1718/1226 1232/1722/1232 1233/1723/1233 1230/1719/1230 
f 1226/1714/1226 1229/1717/1229 1234/1724/1234 1232/1725/1232 
f 1232/1726/1232 1234/1727/1234 1235/1728/1235 1236/1729/1236 
f 1232/1722/1232 1236/1730/1236 1237/1731/1237 1233/1723/1233 
f 1188/1732/1188 1238/1733/1238 1239/1734/1239 1189/1735/1189 
f 1188/1736/1188 1187/1737/1187 1240/1738/1240 1238/1739/1238 
f 1186/1671/1186 70/102/70 69/101/69 1187/1672/1187 
f 1186/1671/1186 1177/1662/1177 67/96/67 70/102/70 
f 1241/1740/1241 1242/1741/1242 1243/1742/1243 1244/1743/1244 
f 1241/1744/1241 1245/1745/1245 1246/1746/1246 1242/1747/1242 
f 1241/1748/1241 1247/1749/1247 1248/1750/1248 1245/1751/1245 
f 1241/1748/1241 1244/1752/1244 1249/1753/1249 1247/1749/1247 
f 1247/1749/1247 1249/1753/1249 1250/1754/1250 1251/1755/1251 
f 1247/1749/1247 1251/1755/1251 1252/1756/1252 1248/1750/1248 
f 1251/1755/1251 1250/1754/1250 1253/1757/1253 1254/1758/1254 
f 1251/1759/1251 1254/1760/1254 1255/1761/1255 1252/1762/1252 
f 1254/1758/1254 1253/1757/1253 1256/1763/1256 1257/1764/1257 
f 1254/1760/1254 1257/1765/1257 1258/1766/1258 1255/1761/1255 
f 1257/1764/1257 1256/1763/1256 1259/1767/1259 1260/1768/1260 
f 1257/1765/1257 1260/1769/1260 1261/1770/1261 1258/1766/1258 
f 1260/1768/1260 1259/1767/1259 1262/1771/1262 1263/1772/1263 
f 1260/1769/1260 1263/1773/1263 1264/1774/1264 1261/1770/1261 
f 1263/1772/1263 1262/1771/1262 1265/1775/1265 1266/1776/1266 
f 1263/1773/1263 1266/1777/1266 1267/1778/1267 1264/1774/1264 
f 1266/1776/1266 1265/1775/1265 1268/1779/1268 1269/1780/1269 
f 1266/1777/1266 1269/1781/1269 1270/1782/1270 1267/1778/1267 
f 1269/1780/1269 1268/1779/1268 1271/1783/1271 1272/1784/1272 
f 1269/1785/1269 1272/1786/1272 1273/1787/1273 1270/1788/1270 
f 1272/1784/1272 1271/1783/1271 1274/1789/1274 1275/1790/1275 
f 1272/1786/1272 1275/1791/1275 1276/1792/1276 1273/1787/1273 
f 1275/1790/1275 1274/1789/1274 1277/1793/1277 1278/1794/1278 
f 1275/1791/1275 1278/1795/1278 1279/1796/1279 1276/1792/1276 
f 1278/1794/1278 1277/1793/1277 1280/1797/1280 1281/1798/1281 
f 1278/1799/1278 1281/1800/1281 1282/1801/1282 1279/1802/1279 
f 1281/1798/1281 1280/1797/1280 1283/1803/1283 1284/1804/1284 
f 1281/1800/1281 1284/1805/1284 1285/1806/1285 1282/1801/1282 
f 1284/1804/1284 1283/1803/1283 1286/1807/1286 1287/1808/1287 
f 1284/1805/1284 1287/1809/1287 1288/1810/1288 1285/1806/1285 
f 1287/1808/1287 1286/1807/1286 1289/1811/1289 1290/1812/1290 
f 1287/1809/1287 1290/1813/1290 1291/1814/1291 1288/1810/1288 
f 1290/1812/1290 1289/1811/1289 1292/1815/1292 1293/1816/1293 
f 1290/1813/1290 1293/1817/1293 1294/1818/1294 1291/1814/1291 
f 1293/1817/1293 1292/1819/1292 1295/1820/1295 1296/1821/1296 
f 1293/1817/1293 1296/1821/1296 1297/1822/1297 1294/1818/1294 
f 1296/1823/1296 1295/1824/1295 1298/1825/1298 1299/1826/1299 
f 1296/1821/1296 1299/1827/1299 1300/1828/1300 1297/1822/1297 
f 1299/1826/1299 1298/1825/1298 1301/1829/1301 1302/1830/1302 
f 1299/1827/1299 1302/1831/1302 1303/1832/1303 1300/1828/1300 
f 1302/1830/1302 1301/1829/1301 1304/1833/1304 1305/1834/1305 
f 1302/1831/1302 1305/1835/1305 1306/1836/1306 1303/1832/1303 
f 1305/1834/1305 1304/1833/1304 1307/1837/1307 1308/1838/1308 
f 1305/1834/1305 1308/1838/1308 1309/1839/1309 1306/1840/1306 
f 1308/1838/1308 1307/1837/1307 1310/1841/1310 1311/1842/1311 
f 1308/1838/1308 1311/1842/1311 1312/1843/1312 1309/1839/1309 
f 1311/1842/1311 1310/1841/1310 1313/1844/1313 1314/1845/1314 
f 1311/1842/1311 1314/1845/1314 1315/1846/1315 1312/1843/1312 
f 1314/1845/1314 1313/1844/1313 1316/1847/1316 1317/1848/1317 
f 1314/1845/1314 1317/1848/1317 1318/1849/1318 1315/1846/1315 
f 1317/1848/1317 1316/1847/1316 1319/1850/1319 1320/1851/1320 
f 1317/1848/1317 1320/1851/1320 1321/1852/1321 1318/1849/1318 
f 1320/1851/1320 1319/1850/1319 1322/1853/1322 1323/1854/1323 
f 1320/1851/1320 1323/1854/1323 1324/1855/1324 1321/1852/1321 
f 1323/1854/1323 1322/1853/1322 1325/1856/1325 1326/1857/1326 
f 1323/1854/1323 1326/1857/1326 1327/1858/1327 1324/1855/1324 
f 1326/1857/1326 1325/1856/1325 1328/1859/1328 1329/1860/1329 
f 1326/1857/1326 1329/1860/1329 1330/1861/1330 1327/1858/1327 
f 1329/1860/1329 1328/1859/1328 1331/1862/1331 1332/1863/1332 
f 1329/1860/1329 1332/1863/1332 1333/1864/1333 1330/1861/1330 
f 1332/1863/1332 1331/1862/1331 1334/1865/1334 1335/1866/1335 
f 1332/1863/1332 1335/1866/1335 1336/1867/1336 1333/1864/1333 
f 1335/1866/1335 1334/1865/1334 1337/1868/1337 1338/1869/1338 
f 1335/1866/1335 1338/1869/1338 1339/1870/1339 1336/1867/1336 
f 1338/1869/1338 1337/1868/1337 1340/1871/1340 1341/1872/1341 
f 1338/1869/1338 1341/1872/1341 1342/1873/1342 1339/1870/1339 
f 1341/1872/1341 1340/1871/1340 1343/1874/1343 1344/1875/1344 
f 1341/1872/1341 1344/1875/1344 1345/1876/1345 1342/1873/1342 
f 1344/1875/1344 1343/1874/1343 1346/1877/1346 1347/1878/1347 
f 1344/1875/1344 1347/1878/1347 1348/1879/1348 1345/1876/1345 
f 1347/1878/1347 1346/1877/1346 1349/1880/1349 1350/1881/1350 
f 1347/1878/1347 1350/1881/1350 1351/1882/1351 1348/1879/1348 
f 1350/1881/1350 1349/1880/1349 1352/1883/1352 1353/1884/1353 
f 1350/1881/1350 1353/1884/1353 1354/1885/1354 1351/1882/1351 
f 1353/1884/1353 1352/1883/1352 1355/1886/1355 1356/1887/1356 
f 1353/1884/1353 1356/1887/1356 1357/1888/1357 1354/1885/1354 
f 1356/1887/1356 1355/1886/1355 1358/1889/1358 1359/1890/1359 
f 1356/1887/1356 1359/1890/1359 1360/1891/1360 1357/1888/1357 
f 1359/1890/1359 1358/1889/1358 1361/1892/1361 1362/1893/1362 
f 1359/1890/1359 1362/1893/1362 1363/1894/1363 1360/1891/1360 
f 1362/1895/1362 1361/1896/1361 1364/1897/1364 1365/1898/1365 
f 1362/1899/1362 1365/1900/1365 1366/1901/1366 1363/1902/1363 
f 1365/1898/1365 1364/1897/1364 1367/1903/1367 1368/1904/1368 
f 1365/1898/1365 1368/1904/1368 1369/1905/1369 1366/1906/1366 
f 1368/1907/1368 1367/1908/1367 1370/1909/1370 1371/1910/1371 
f 1368/1907/1368 1371/1910/1371 1372/1911/1372 1369/1912/1369 
f 1371/1910/1371 1370/1909/1370 1373/1913/1373 1374/1914/1374 
f 1371/1910/1371 1374/1914/1374 1375/1915/1375 1372/1911/1372 
f 1374/1914/1374 1373/1913/1373 1376/1916/1376 1377/1917/1377 
f 1374/1914/1374 1377/1917/1377 1378/1918/1378 1375/1915/1375 
f 1377/1917/1377 1376/1916/1376 1379/1919/1379 1380/1920/1380 
f 1377/1917/1377 1380/1920/1380 1381/1921/1381 1378/1918/1378 
f 1380/1920/1380 1379/1919/1379 1382/1922/1382 1383/1923/1383 
f 1380/1920/1380 1383/1923/1383 1384/1924/1384 1381/1921/1381 
f 1383/1923/1383 1382/1922/1382 1385/1925/1385 1386/1926/1386 
f 1383/1923/1383 1386/1926/1386 1387/1927/1387 1384/1924/1384 
f 1386/1926/1386 1385/1925/1385 1388/1928/1388 1389/1929/1389 
f 1386/1926/1386 1389/1929/1389 1390/1930/1390 1387/1927/1387 
f 1389/1929/1389 1391/1931/1391 1392/1932/1392 1390/1930/1390 
f 1389/1929/1389 1388/1928/1388 1393/1933/1393 1391/1931/1391 
f 1391/1931/1391 1394/1934/1394 1395/1935/1395 1392/1932/1392 
f 1391/1931/1391 1393/1933/1393 1396/1936/1396 1394/1934/1394 
f 1394/1934/1394 1397/1937/1397 1398/1938/1398 1395/1935/1395 
f 1394/1939/1394 1396/1940/1396 1399/1941/1399 1397/1942/1397 
f 1397/1937/1397 1400/1943/1400 1401/1944/1401 1398/1938/1398 
f 1397/1942/1397 1399/1941/1399 1402/1945/1402 1400/1946/1400 
f 1400/1943/1400 1403/1947/1403 1404/1948/1404 1401/1944/1401 
f 1400/1943/1400 1402/1949/1402 1405/1950/1405 1403/1947/1403 
f 1403/1947/1403 1406/1951/1406 1407/1952/1407 1404/1948/1404 
f 1403/1947/1403 1405/1950/1405 1408/1953/1408 1406/1951/1406 
f 1406/1951/1406 1409/1954/1409 1410/1955/1410 1407/1952/1407 
f 1406/1951/1406 1408/1953/1408 1411/1956/1411 1409/1954/1409 
f 1409/1954/1409 1412/1957/1412 1413/1958/1413 1410/1955/1410 
f 1409/1954/1409 1411/1956/1411 1414/1959/1414 1412/1957/1412 
f 1412/1957/1412 1415/1960/1415 1416/1961/1416 1413/1958/1413 
f 1412/1962/1412 1414/1963/1414 1417/1964/1417 1415/1965/1415 
f 1415/1960/1415 1418/1966/1418 1419/1967/1419 1416/1961/1416 
f 1415/1965/1415 1417/1964/1417 1420/1968/1420 1418/1969/1418 
f 1418/1966/1418 1421/1970/1421 1422/1971/1422 1419/1967/1419 
f 1418/1969/1418 1420/1968/1420 1423/1972/1423 1421/1973/1421 
f 1421/1970/1421 1424/1974/1424 1425/1975/1425 1422/1971/1422 
f 1421/1973/1421 1423/1972/1423 1426/1976/1426 1424/1977/1424 
f 1424/1974/1424 1427/1978/1427 1428/1979/1428 1425/1975/1425 
f 1424/1977/1424 1426/1976/1426 1429/1980/1429 1427/1981/1427 
f 1427/1978/1427 1430/1982/1430 1431/1983/1431 1428/1979/1428 
f 1427/1978/1427 1429/1984/1429 1432/1985/1432 1430/1982/1430 
f 1430/1982/1430 1433/1986/1433 1434/1987/1434 1431/1983/1431 
f 1430/1982/1430 1432/1985/1432 1435/1988/1435 1433/1986/1433 
f 1433/1986/1433 1436/1989/1436 1437/1990/1437 1434/1987/1434 
f 1433/1986/1433 1435/1988/1435 1438/1991/1438 1436/1989/1436 
f 1436/1989/1436 1439/1992/1439 1440/1993/1440 1437/1990/1437 
f 1436/1989/1436 1438/1991/1438 1441/1994/1441 1439/1992/1439 
f 1439/1992/1439 1442/1995/1442 1443/1996/1443 1440/1993/1440 
f 1439/1992/1439 1441/1994/1441 1444/1997/1444 1442/1995/1442 
f 1442/1995/1442 1445/1998/1445 1446/1999/1446 1443/1996/1443 
f 1442/1995/1442 1444/1997/1444 1447/2000/1447 1445/1998/1445 
f 1445/1998/1445 1448/2001/1448 1449/2002/1449 1446/1999/1446 
f 1445/2003/1445 1447/2004/1447 1450/2005/1450 1448/2006/1448 
f 1448/2001/1448 1451/2007/1451 1452/2008/1452 1449/2002/1449 
f 1448/2006/1448 1450/2005/1450 1453/2009/1453 1451/2010/1451 
f 1451/2011/1451 1454/2012/1454 1455/2013/1455 1452/2014/1452 
f 1451/2010/1451 1453/2009/1453 1456/2015/1456 1454/2016/1454 
f 1454/2012/1454 1457/2017/1457 1458/2018/1458 1455/2013/1455 
f 1454/2016/1454 1456/2015/1456 1459/2019/1459 1457/2020/1457 
f 1457/2017/1457 1460/2021/1460 1461/2022/1461 1458/2018/1458 
f 1457/2020/1457 1459/2019/1459 1462/2023/1462 1460/2024/1460 
f 1460/2021/1460 1463/2025/1463 1464/2026/1464 1461/2022/1461 
f 1460/2024/1460 1462/2023/1462 1465/2027/1465 1463/2028/1463 
f 1463/2025/1463 1466/2029/1466 1467/2030/1467 1464/2026/1464 
f 1463/2028/1463 1465/2027/1465 1468/2031/1468 1466/2032/1466 
f 1466/2029/1466 1469/2033/1469 1470/2034/1470 1467/2030/1467 
f 1466/2032/1466 1468/2031/1468 1471/2035/1471 1469/2036/1469 
f 1469/2037/1469 1472/2038/1472 1473/2039/1473 1470/2040/1470 
f 1469/2036/1469 1471/2035/1471 1474/2041/1474 1472/2042/1472 
f 1472/2038/1472 1475/2043/1475 1476/2044/1476 1473/2039/1473 
f 1472/2042/1472 1474/2041/1474 1477/2045/1477 1475/2046/1475 
f 1475/2043/1475 1478/2047/1478 1479/2048/1479 1476/2044/1476 
f 1475/2046/1475 1477/2045/1477 1480/2049/1480 1478/2050/1478 
f 1478/2047/1478 1481/2051/1481 1482/2052/1482 1479/2048/1479 
f 1478/2050/1478 1480/2049/1480 1483/2053/1483 1481/2054/1481 
f 1481/2051/1481 1484/2055/1484 1485/2056/1485 1482/2052/1482 
f 1481/2054/1481 1483/2053/1483 1486/2057/1486 1484/2058/1484 
f 1484/2055/1484 1487/2059/1487 1488/2060/1488 1485/2056/1485 
f 1484/2058/1484 1486/2057/1486 1489/2061/1489 1487/2062/1487 
f 1487/2059/1487 1490/2063/1490 1491/2064/1491 1488/2060/1488 
f 1487/2059/1487 1489/2065/1489 1492/2066/1492 1490/2063/1490 
f 1490/2063/1490 1493/2067/1493 1494/2068/1494 1491/2064/1491 
f 1490/2063/1490 1492/2066/1492 1495/2069/1495 1493/2067/1493 
f 1493/2067/1493 1496/2070/1496 1497/2071/1497 1494/2068/1494 
f 1493/2067/1493 1495/2069/1495 1498/2072/1498 1496/2070/1496 
f 1496/2070/1496 1499/2073/1499 1500/2074/1500 1497/2071/1497 
f 1496/2070/1496 1498/2072/1498 1501/2075/1501 1499/2073/1499 
f 1499/2073/1499 1502/2076/1502 1503/2077/1503 1500/2074/1500 
f 1499/2073/1499 1501/2075/1501 1504/2078/1504 1502/2076/1502 
f 1502/2076/1502 1505/2079/1505 1506/2080/1506 1503/2077/1503 
f 1502/2076/1502 1504/2078/1504 1507/2081/1507 1505/2079/1505 
f 1505/2079/1505 1508/2082/1508 1509/2083/1509 1506/2080/1506 
f 1505/2079/1505 1507/2081/1507 1510/2084/1510 1508/2082/1508 
f 1508/2082/1508 1511/2085/1511 1512/2086/1512 1509/2083/1509 
f 1508/2082/1508 1510/2084/1510 1513/2087/1513 1511/2085/1511 
f 1511/2085/1511 1514/2088/1514 1515/2089/1515 1512/2086/1512 
f 1511/2085/1511 1513/2087/1513 1516/2090/1516 1514/2088/1514 
f 1514/2088/1514 1517/2091/1517 1518/2092/1518 1515/2089/1515 
f 1514/2088/1514 1516/2090/1516 1519/2093/1519 1517/2091/1517 
f 1517/2091/1517 1148/1612/1148 1147/1611/1147 1518/2092/1518 
f 1517/2091/1517 1519/2093/1519 1153/1621/1153 1148/1612/1148 
f 1271/1783/1271 1520/2094/1520 1521/2095/1521 1274/1789/1274 
f 1271/1783/1271 1268/1779/1268 1522/2096/1522 1520/2094/1520 
f 1274/1789/1274 1521/2095/1521 1523/2097/1523 1277/1793/1277 
f 1277/1793/1277 1523/2097/1523 1524/2098/1524 1280/1797/1280 
f 1280/1797/1280 1524/2098/1524 1525/2099/1525 1283/1803/1283 
f 1283/1803/1283 1525/2099/1525 1526/2100/1526 1286/1807/1286 
f 1286/1807/1286 1526/2100/1526 1527/2101/1527 1289/1811/1289 
f 1289/1811/1289 1527/2101/1527 1528/2102/1528 1292/1815/1292 
f 1292/1815/1292 1528/2102/1528 1529/2103/1529 1295/1824/1295 
f 1295/1824/1295 1529/2103/1529 1530/2104/1530 1298/1825/1298 
f 1298/1825/1298 1530/2104/1530 1531/2105/1531 1301/1829/1301 
f 1301/1829/1301 1531/2105/1531 1532/2106/1532 1304/1833/1304 
f 1304/1833/1304 1532/2106/1532 1533/2107/1533 1307/1837/1307 
f 1307/1837/1307 1533/2107/1533 1534/2108/1534 1310/1841/1310 
f 1310/1841/1310 1534/2108/1534 1535/2109/1535 1313/1844/1313 
f 1313/1844/1313 1535/2109/1535 1536/2110/1536 1316/1847/1316 
f 1316/1847/1316 1536/2110/1536 1537/2111/1537 1319/1850/1319 
f 1319/1850/1319 1537/2111/1537 1538/2112/1538 1322/1853/1322 
f 1322/1853/1322 1538/2112/1538 1539/2113/1539 1325/1856/1325 
f 1325/1856/1325 1539/2113/1539 1540/2114/1540 1328/1859/1328 
f 1328/1859/1328 1540/2114/1540 1541/2115/1541 1331/1862/1331 
f 1331/1862/1331 1541/2115/1541 1542/2116/1542 1334/1865/1334 
f 1334/1865/1334 1542/2116/1542 1543/2117/1543 1337/1868/1337 
f 1337/1868/1337 1543/2117/1543 1544/2118/1544 1340/1871/1340 
f 1340/1871/1340 1544/2118/1544 1545/2119/1545 1343/1874/1343 
f 1343/1874/1343 1545/2119/1545 1546/2120/1546 1346/1877/1346 
f 1346/1877/1346 1546/2120/1546 1547/2121/1547 1349/1880/1349 
f 1349/1880/1349 1547/2121/1547 1548/2122/1548 1352/1883/1352 
f 1352/1883/1352 1548/2122/1548 1549/2123/1549 1355/1886/1355 
f 1355/1886/1355 1549/2123/1549 1550/2124/1550 1358/1889/1358 
f 1358/1889/1358 1550/2124/1550 1551/2125/1551 1361/1892/1361 
f 1361/1896/1361 1551/2126/1551 1552/2127/1552 1364/1897/1364 
f 1364/2128/1364 1552/2129/1552 1553/2130/1553 1367/2131/1367 
f 1367/2131/1367 1553/2130/1553 1554/2132/1554 1370/2133/1370 
f 1370/2134/1370 1554/2135/1554 1555/2136/1555 1373/2137/1373 
f 1373/2138/1373 1555/2139/1555 1556/2140/1556 1376/2141/1376 
f 1376/2141/1376 1556/2140/1556 1557/2142/1557 1379/2143/1379 
f 1379/2144/1379 1557/2145/1557 1558/2146/1558 1382/2147/1382 
f 1382/2147/1382 1558/2146/1558 1559/2148/1559 1385/2149/1385 
f 1385/2149/1385 1559/2148/1559 1560/2150/1560 1388/2151/1388 
f 1388/2151/1388 1560/2150/1560 1561/2152/1561 1393/2153/1393 
f 1393/2153/1393 1561/2152/1561 1562/2154/1562 1396/1940/1396 
f 1396/1940/1396 1562/2154/1562 1563/2155/1563 1399/1941/1399 
f 1399/1941/1399 1563/2155/1563 1564/2156/1564 1402/1945/1402 
f 1402/1945/1402 1564/2156/1564 1565/2157/1565 1405/2158/1405 
f 1405/2158/1405 1565/2157/1565 1566/2159/1566 1408/2160/1408 
f 1408/2160/1408 1566/2159/1566 1567/2161/1567 1411/2162/1411 
f 1411/2162/1411 1567/2161/1567 1568/2163/1568 1414/1963/1414 
f 1414/1963/1414 1568/2163/1568 1569/2164/1569 1417/1964/1417 
f 1417/1964/1417 1569/2164/1569 1570/2165/1570 1420/1968/1420 
f 1420/1968/1420 1570/2165/1570 1571/2166/1571 1423/1972/1423 
f 1423/1972/1423 1571/2166/1571 1572/2167/1572 1426/1976/1426 
f 1426/1976/1426 1572/2167/1572 1573/2168/1573 1429/1980/1429 
f 1429/1980/1429 1573/2168/1573 1574/2169/1574 1432/2170/1432 
f 1432/2170/1432 1574/2169/1574 1575/2171/1575 1435/2172/1435 
f 1435/2172/1435 1575/2171/1575 1576/2173/1576 1438/2174/1438 
f 1438/2174/1438 1576/2173/1576 1577/2175/1577 1441/2176/1441 
f 1441/2177/1441 1577/2178/1577 1578/2179/1578 1444/2180/1444 
f 1444/2180/1444 1578/2179/1578 1579/2181/1579 1447/2004/1447 
f 1447/2004/1447 1579/2181/1579 1580/2182/1580 1450/2005/1450 
f 1450/2005/1450 1580/2182/1580 1581/2183/1581 1453/2009/1453 
f 1453/2009/1453 1581/2183/1581 1582/2184/1582 1456/2015/1456 
f 1456/2015/1456 1582/2184/1582 1583/2185/1583 1459/2019/1459 
f 1459/2019/1459 1583/2185/1583 1584/2186/1584 1462/2023/1462 
f 1462/2023/1462 1584/2186/1584 1585/2187/1585 1465/2027/1465 
f 1465/2027/1465 1585/2187/1585 1586/2188/1586 1468/2031/1468 
f 1468/2031/1468 1586/2188/1586 1587/2189/1587 1471/2035/1471 
f 1471/2035/1471 1587/2189/1587 1588/2190/1588 1474/2041/1474 
f 1474/2041/1474 1588/2190/1588 1589/2191/1589 1477/2045/1477 
f 1477/2045/1477 1589/2191/1589 1590/2192/1590 1480/2049/1480 
f 1480/2049/1480 1590/2192/1590 1591/2193/1591 1483/2053/1483 
f 1483/2053/1483 1591/2193/1591 1592/2194/1592 1486/2057/1486 
f 1486/2057/1486 1592/2194/1592 1593/2195/1593 1489/2061/1489 
f 1489/2061/1489 1593/2195/1593 1594/2196/1594 1492/2197/1492 
f 1492/2197/1492 1594/2196/1594 1595/2198/1595 1495/2199/1495 
f 1495/2199/1495 1595/2198/1595 1596/2200/1596 1498/2201/1498 
f 1498/2202/1498 1596/2203/1596 1597/2204/1597 1501/2205/1501 
f 1501/2205/1501 1597/2204/1597 1598/2206/1598 1504/2207/1504 
f 1504/2207/1504 1598/2206/1598 1599/2208/1599 1507/2209/1507 
f 1507/2209/1507 1599/2208/1599 1600/2210/1600 1510/2211/1510 
f 1529/2212/1529 1528/2213/1528 1601/2214/1601 1602/2215/1602 
f 1529/2103/1529 1602/2216/1602 1603/2217/1603 1530/2104/1530 
f 1530/2218/1530 1603/2219/1603 1604/2220/1604 1531/2221/1531 
f 1531/2221/1531 1604/2220/1604 1605/2222/1605 1532/2223/1532 
f 1532/2223/1532 1605/2222/1605 1606/2224/1606 1533/2225/1533 
f 1533/2225/1533 1606/2224/1606 1607/2226/1607 1534/2227/1534 
f 1534/2227/1534 1607/2226/1607 1608/2228/1608 1535/2229/1535 
f 1535/2109/1535 1608/2230/1608 1609/2231/1609 1536/2110/1536 
f 1536/2110/1536 1609/2231/1609 1610/2232/1610 1537/2111/1537 
f 1537/2111/1537 1610/2232/1610 1611/2233/1611 1538/2112/1538 
f 1538/2112/1538 1611/2233/1611 1612/2234/1612 1539/2113/1539 
f 1539/2113/1539 1612/2234/1612 1613/2235/1613 1540/2114/1540 
f 1540/2236/1540 1613/2237/1613 1614/2238/1614 1541/2239/1541 
f 1541/2239/1541 1614/2238/1614 1615/2240/1615 1542/2241/1542 
f 1542/2116/1542 1615/2242/1615 1616/2243/1616 1543/2117/1543 
f 1543/2117/1543 1616/2243/1616 1617/2244/1617 1544/2118/1544 
f 1544/2245/1544 1617/2246/1617 1618/2247/1618 1545/2248/1545 
f 1545/2249/1545 1618/2250/1618 1619/2251/1619 1546/2252/1546 
f 1546/2252/1546 1619/2251/1619 1620/2253/1620 1547/2254/1547 
f 1547/2254/1547 1620/2253/1620 1621/2255/1621 1548/2256/1548 
f 1548/2256/1548 1621/2255/1621 1622/2257/1622 1549/2258/1549 
f 1549/2258/1549 1622/2257/1622 1623/2259/1623 1550/2260/1550 
f 1550/2260/1550 1623/2259/1623 1624/2261/1624 1551/2262/1551 
f 1551/2262/1551 1624/2261/1624 1625/2263/1625 1552/2129/1552 
f 1552/2129/1552 1625/2263/1625 1626/2264/1626 1553/2130/1553 
f 1553/2130/1553 1626/2264/1626 1627/2265/1627 1554/2132/1554 
f 1554/2132/1554 1627/2265/1627 1628/2266/1628 1555/2139/1555 
f 1555/2139/1555 1628/2266/1628 1629/2267/1629 1556/2140/1556 
f 1556/2140/1556 1629/2267/1629 1630/2268/1630 1557/2142/1557 
f 1557/2142/1557 1630/2268/1630 1631/2269/1631 1558/2270/1558 
f 1558/2270/1558 1631/2269/1631 1632/2271/1632 1559/2272/1559 
f 1559/2272/1559 1632/2271/1632 1633/2273/1633 1560/2274/1560 
f 1560/2274/1560 1633/2273/1633 1634/2275/1634 1561/2276/1561 
f 1561/2276/1561 1634/2275/1634 1635/2277/1635 1562/2278/1562 
f 1562/2278/1562 1635/2277/1635 1636/2279/1636 1563/2280/1563 
f 1563/2280/1563 1636/2279/1636 1637/2281/1637 1564/2282/1564 
f 1564/2282/1564 1637/2281/1637 1638/2283/1638 1565/2284/1565 
f 1565/2284/1565 1638/2283/1638 1639/2285/1639 1566/2286/1566 
f 1566/2286/1566 1639/2285/1639 1640/2287/1640 1567/2288/1567 
f 1567/2288/1567 1640/2287/1640 1641/2289/1641 1568/2290/1568 
f 1568/2290/1568 1641/2289/1641 1642/2291/1642 1569/2292/1569 
f 1569/2292/1569 1642/2291/1642 1643/2293/1643 1570/2294/1570 
f 1570/2165/1570 1643/2295/1643 1644/2296/1644 1571/2166/1571 
f 1571/2166/1571 1644/2296/1644 1645/2297/1645 1572/2167/1572 
f 1572/2167/1572 1645/2297/1645 1646/2298/1646 1573/2168/1573 
f 1573/2168/1573 1646/2298/1646 1647/2299/1647 1574/2169/1574 
f 1574/2169/1574 1647/2299/1647 1648/2300/1648 1575/2171/1575 
f 1575/2301/1575 1648/2302/1648 1649/2303/1649 1576/2304/1576 
f 1576/2304/1576 1649/2303/1649 1650/2305/1650 1577/2178/1577 
f 1577/2178/1577 1650/2305/1650 1651/2306/1651 1578/2179/1578 
f 1578/2179/1578 1651/2306/1651 1652/2307/1652 1579/2181/1579 
f 1579/2181/1579 1652/2307/1652 1653/2308/1653 1580/2182/1580 
f 1580/2182/1580 1653/2308/1653 1654/2309/1654 1581/2183/1581 
f 1581/2183/1581 1654/2309/1654 1655/2310/1655 1582/2184/1582 
f 1582/2184/1582 1655/2310/1655 1656/2311/1656 1583/2185/1583 
f 1583/2185/1583 1656/2311/1656 1657/2312/1657 1584/2186/1584 
f 1584/2186/1584 1657/2312/1657 1658/2313/1658 1585/2187/1585 
f 1585/2187/1585 1658/2313/1658 1659/2314/1659 1586/2188/1586 
f 1586/2188/1586 1659/2314/1659 1660/2315/1660 1587/2189/1587 
f 1587/2189/1587 1660/2315/1660 1661/2316/1661 1588/2190/1588 
f 1588/2190/1588 1661/2316/1661 1662/2317/1662 1589/2191/1589 
f 1589/2191/1589 1662/2317/1662 1663/2318/1663 1590/2192/1590 
f 1590/2192/1590 1663/2318/1663 1664/2319/1664 1591/2193/1591 
f 1591/2193/1591 1664/2319/1664 1665/2320/1665 1592/2194/1592 
f 1592/2194/1592 1665/2320/1665 1666/2321/1666 1593/2195/1593 
f 1593/2195/1593 1666/2321/1666 1667/2322/1667 1594/2196/1594 
f 1594/2196/1594 1667/2322/1667 1668/2323/1668 1595/2198/1595 
f 1595/2324/1595 1668/2325/1668 1669/2326/1669 1596/2203/1596 
f 1611/2327/1611 1670/2328/1670 1671/2329/1671 1612/2330/1612 
f 1611/2327/1611 1610/2331/1610 1672/2332/1672 1670/2328/1670 
f 1612/2330/1612 1671/2329/1671 1673/2333/1673 1613/2334/1613 
f 1613/2334/1613 1673/2333/1673 1674/2335/1674 1614/2336/1614 
f 1614/2238/1614 1674/2337/1674 1675/2338/1675 1615/2240/1615 
f 1615/2339/1615 1675/2340/1675 1676/2341/1676 1616/2342/1616 
f 1616/2342/1616 1676/2341/1676 1677/2343/1677 1617/2344/1617 
f 1617/2344/1617 1677/2343/1677 1678/2345/1678 1618/2250/1618 
f 1618/2250/1618 1678/2345/1678 1679/2346/1679 1619/2251/1619 
f 1619/2251/1619 1679/2346/1679 1680/2347/1680 1620/2253/1620 
f 1620/2253/1620 1680/2347/1680 1681/2348/1681 1621/2255/1621 
f 1621/2255/1621 1681/2348/1681 1682/2349/1682 1622/2257/1622 
f 1622/2257/1622 1682/2349/1682 1683/2350/1683 1623/2259/1623 
f 1623/2259/1623 1683/2350/1683 1684/2351/1684 1624/2261/1624 
f 1624/2261/1624 1684/2351/1684 1685/2352/1685 1625/2263/1625 
f 1625/2263/1625 1685/2352/1685 1686/2353/1686 1626/2264/1626 
f 1626/2264/1626 1686/2353/1686 1687/2354/1687 1627/2265/1627 
f 1627/2265/1627 1687/2354/1687 1688/2355/1688 1628/2266/1628 
f 1628/2266/1628 1688/2355/1688 1689/2356/1689 1629/2267/1629 
f 1629/2267/1629 1689/2356/1689 1690/2357/1690 1630/2268/1630 
f 1630/2268/1630 1690/2357/1690 1691/2358/1691 1631/2269/1631 
f 1631/2269/1631 1691/2358/1691 1692/2359/1692 1632/2271/1632 
f 1632/2271/1632 1692/2359/1692 1693/2360/1693 1633/2273/1633 
f 1633/2273/1633 1693/2360/1693 1694/2361/1694 1634/2275/1634 
f 1634/2275/1634 1694/2361/1694 1695/2362/1695 1635/2277/1635 
f 1635/2277/1635 1695/2362/1695 1696/2363/1696 1636/2279/1636 
f 1636/2279/1636 1696/2363/1696 1697/2364/1697 1637/2281/1637 
f 1637/2281/1637 1697/2364/1697 1698/2365/1698 1638/2283/1638 
f 1638/2283/1638 1698/2365/1698 1699/2366/1699 1639/2285/1639 
f 1639/2285/1639 1699/2366/1699 1700/2367/1700 1640/2287/1640 
f 1640/2287/1640 1700/2367/1700 1701/2368/1701 1641/2289/1641 
f 1641/2289/1641 1701/2368/1701 1702/2369/1702 1642/2291/1642 
f 1642/2291/1642 1702/2369/1702 1703/2370/1703 1643/2293/1643 
f 1643/2293/1643 1703/2370/1703 1704/2371/1704 1644/2372/1644 
f 1644/2373/1644 1704/2374/1704 1705/2375/1705 1645/2376/1645 
f 1645/2376/1645 1705/2375/1705 1706/2377/1706 1646/2378/1646 
f 1646/2378/1646 1706/2377/1706 1707/2379/1707 1647/2380/1647 
f 1647/2380/1647 1707/2379/1707 1708/2381/1708 1648/2382/1648 
f 1648/2302/1648 1708/2383/1708 1709/2384/1709 1649/2303/1649 
f 1649/2303/1649 1709/2384/1709 1710/2385/1710 1650/2305/1650 
f 1650/2305/1650 1710/2385/1710 1711/2386/1711 1651/2306/1651 
f 1651/2306/1651 1711/2386/1711 1712/2387/1712 1652/2307/1652 
f 1652/2307/1652 1712/2387/1712 1713/2388/1713 1653/2308/1653 
f 1653/2308/1653 1713/2388/1713 1714/2389/1714 1654/2309/1654 
f 1654/2309/1654 1714/2389/1714 1715/2390/1715 1655/2310/1655 
f 1655/2310/1655 1715/2390/1715 1716/2391/1716 1656/2311/1656 
f 1656/2311/1656 1716/2391/1716 1717/2392/1717 1657/2312/1657 
f 1657/2312/1657 1717/2392/1717 1718/2393/1718 1658/2313/1658 
f 1658/2313/1658 1718/2393/1718 1719/2394/1719 1659/2314/1659 
f 1659/2314/1659 1719/2394/1719 1720/2395/1720 1660/2315/1660 
f 1660/2315/1660 1720/2395/1720 1721/2396/1721 1661/2316/1661 
f 1661/2316/1661 1721/2396/1721 1722/2397/1722 1662/2317/1662 
f 1662/2317/1662 1722/2397/1722 1723/2398/1723 1663/2318/1663 
f 1663/2318/1663 1723/2398/1723 1724/2399/1724 1664/2319/1664 
f 1664/2319/1664 1724/2399/1724 1725/2400/1725 1665/2320/1665 
f 1680/2347/1680 1726/2401/1726 1727/2402/1727 1681/2348/1681 
f 1680/2347/1680 1679/2346/1679 1728/2403/1728 1726/2401/1726 
f 1681/2348/1681 1727/2402/1727 1729/2404/1729 1682/2349/1682 
f 1682/2349/1682 1729/2404/1729 1730/2405/1730 1683/2350/1683 
f 1683/2350/1683 1730/2405/1730 1731/2406/1731 1684/2351/1684 
f 1684/2351/1684 1731/2406/1731 1732/2407/1732 1685/2352/1685 
f 1685/2352/1685 1732/2407/1732 1733/2408/1733 1686/2353/1686 
f 1686/2353/1686 1733/2408/1733 1734/2409/1734 1687/2354/1687 
f 1687/2354/1687 1734/2409/1734 1735/2410/1735 1688/2355/1688 
f 1688/2355/1688 1735/2410/1735 1736/2411/1736 1689/2356/1689 
f 1689/2356/1689 1736/2411/1736 1737/2412/1737 1690/2357/1690 
f 1690/2357/1690 1737/2412/1737 1738/2413/1738 1691/2358/1691 
f 1691/2358/1691 1738/2413/1738 1739/2414/1739 1692/2359/1692 
f 1692/2359/1692 1739/2414/1739 1740/2415/1740 1693/2360/1693 
f 1693/2360/1693 1740/2415/1740 1741/2416/1741 1694/2361/1694 
f 1694/2361/1694 1741/2416/1741 1742/2417/1742 1695/2362/1695 
f 1695/2362/1695 1742/2417/1742 1743/2418/1743 1696/2363/1696 
f 1696/2363/1696 1743/2418/1743 1744/2419/1744 1697/2364/1697 
f 1697/2364/1697 1744/2419/1744 1745/2420/1745 1698/2365/1698 
f 1698/2365/1698 1745/2420/1745 1746/2421/1746 1699/2366/1699 
f 1699/2366/1699 1746/2421/1746 1747/2422/1747 1700/2367/1700 
f 1700/2367/1700 1747/2422/1747 1748/2423/1748 1701/2368/1701 
f 1701/2368/1701 1748/2423/1748 1749/2424/1749 1702/2369/1702 
f 1702/2369/1702 1749/2424/1749 1750/2425/1750 1703/2370/1703 
f 1703/2426/1703 1750/2427/1750 1751/2428/1751 1704/2374/1704 
f 1704/2374/1704 1751/2428/1751 1752/2429/1752 1705/2375/1705 
f 1705/2375/1705 1752/2429/1752 1753/2430/1753 1706/2377/1706 
f 1706/2377/1706 1753/2430/1753 1754/2431/1754 1707/2379/1707 
f 1707/2379/1707 1754/2431/1754 1755/2432/1755 1708/2381/1708 
f 1708/2381/1708 1755/2432/1755 1756/2433/1756 1709/2434/1709 
f 1709/2434/1709 1756/2433/1756 1757/2435/1757 1710/2436/1710 
f 1710/2436/1710 1757/2435/1757 1758/2437/1758 1711/2438/1711 
f 1711/2438/1711 1758/2437/1758 1759/2439/1759 1712/2440/1712 
f 1712/2440/1712 1759/2439/1759 1760/2441/1760 1713/2442/1713 
f 1713/2442/1713 1760/2441/1760 1761/2443/1761 1714/2444/1714 
f 1714/2444/1714 1761/2443/1761 1762/2445/1762 1715/2446/1715 
f 1715/2446/1715 1762/2445/1762 1763/2447/1763 1716/2448/1716 
f 1716/2448/1716 1763/2447/1763 1764/2449/1764 1717/2450/1717 
f 1717/2450/1717 1764/2449/1764 1765/2451/1765 1718/2452/1718 
f 1718/2452/1718 1765/2451/1765 1766/2453/1766 1719/2454/1719 
f 1719/2454/1719 1766/2453/1766 1767/2455/1767 1720/2456/1720 
f 1720/2456/1720 1767/2455/1767 1768/2457/1768 1721/2458/1721 
f 1735/2410/1735 1734/2409/1734 1769/2459/1769 1770/2460/1770 
f 1735/2410/1735 1770/2460/1770 1771/2461/1771 1736/2411/1736 
f 1736/2411/1736 1771/2461/1771 1772/2462/1772 1737/2412/1737 
f 1737/2412/1737 1772/2462/1772 1773/2463/1773 1738/2413/1738 
f 1738/2413/1738 1773/2463/1773 1774/2464/1774 1739/2414/1739 
f 1739/2414/1739 1774/2464/1774 1775/2465/1775 1740/2415/1740 
f 1740/2415/1740 1775/2465/1775 1776/2466/1776 1741/2416/1741 
f 1741/2416/1741 1776/2466/1776 1777/2467/1777 1742/2417/1742 
f 1742/2417/1742 1777/2467/1777 1778/2468/1778 1743/2418/1743 
f 1743/2418/1743 1778/2468/1778 1779/2469/1779 1744/2419/1744 
f 1744/2419/1744 1779/2469/1779 1780/2470/1780 1745/2420/1745 
f 1745/2420/1745 1780/2470/1780 1781/2471/1781 1746/2421/1746 
f 1746/2472/1746 1781/2473/1781 1782/2474/1782 1747/2475/1747 
f 1747/2475/1747 1782/2474/1782 1783/2476/1783 1748/2477/1748 
f 1748/2477/1748 1783/2476/1783 1784/2478/1784 1749/2479/1749 
f 1749/2479/1749 1784/2478/1784 1785/2480/1785 1750/2481/1750 
f 1750/2481/1750 1785/2480/1785 1786/2482/1786 1751/2483/1751 
f 1751/2483/1751 1786/2482/1786 1787/2484/1787 1752/2485/1752 
f 1752/2485/1752 1787/2484/1787 1788/2486/1788 1753/2487/1753 
f 1753/2487/1753 1788/2486/1788 1789/2488/1789 1754/2489/1754 
f 1754/2489/1754 1789/2488/1789 1790/2490/1790 1755/2491/1755 
f 1755/2491/1755 1790/2490/1790 1791/2492/1791 1756/2493/1756 
f 1756/2493/1756 1791/2492/1791 1792/2494/1792 1757/2495/1757 
f 1757/2495/1757 1792/2494/1792 1793/2496/1793 1758/2497/1758 
f 1758/2497/1758 1793/2496/1793 1794/2498/1794 1759/2499/1759 
f 1759/2499/1759 1794/2498/1794 1795/2500/1795 1760/2501/1760 
f 1760/2501/1760 1795/2500/1795 1796/2502/1796 1761/2503/1761 
f 1761/2503/1761 1796/2502/1796 1797/2504/1797 1762/2505/1762 
f 1762/2445/1762 1797/2506/1797 1798/2507/1798 1763/2447/1763 
f 1763/2447/1763 1798/2507/1798 1799/2508/1799 1764/2449/1764 
f 1764/2449/1764 1799/2508/1799 1800/2509/1800 1765/2451/1765 
f 1779/2510/1779 1801/2511/1801 1802/2512/1802 1780/2513/1780 
f 1779/2510/1779 1778/2514/1778 1803/2515/1803 1801/2511/1801 
f 1780/2513/1780 1802/2512/1802 1804/2516/1804 1781/2473/1781 
f 1781/2473/1781 1804/2516/1804 1805/2517/1805 1782/2474/1782 
f 1782/2474/1782 1805/2517/1805 1806/2518/1806 1783/2476/1783 
f 1783/2476/1783 1806/2518/1806 1807/2519/1807 1784/2478/1784 
f 1784/2478/1784 1807/2519/1807 1808/2520/1808 1785/2480/1785 
f 1785/2480/1785 1808/2520/1808 1809/2521/1809 1786/2482/1786 
f 1786/2482/1786 1809/2521/1809 1810/2522/1810 1787/2484/1787 
f 1787/2484/1787 1810/2522/1810 1811/2523/1811 1788/2486/1788 
f 1788/2486/1788 1811/2523/1811 1812/2524/1812 1789/2488/1789 
f 1789/2488/1789 1812/2524/1812 1813/2525/1813 1790/2490/1790 
f 1790/2490/1790 1813/2525/1813 1814/2526/1814 1791/2492/1791 
f 1791/2492/1791 1814/2526/1814 1815/2527/1815 1792/2494/1792 
f 1792/2494/1792 1815/2527/1815 1816/2528/1816 1793/2496/1793 
f 1793/2496/1793 1816/2528/1816 1817/2529/1817 1794/2498/1794 
f 1794/2498/1794 1817/2529/1817 1818/2530/1818 1795/2500/1795 
f 1795/2500/1795 1818/2530/1818 1819/2531/1819 1796/2502/1796 
f 1810/2522/1810 1809/2521/1809 1820/2532/1820 1821/2533/1821 
f 1810/2522/1810 1821/2533/1821 1822/2534/1822 1811/2523/1811 
f 1811/2523/1811 1822/2534/1822 1823/2535/1823 1812/2524/1812 
f 1812/2524/1812 1823/2535/1823 1824/2536/1824 1813/2525/1813 
f 1813/2525/1813 1824/2536/1824 1825/2537/1825 1814/2526/1814 
f 1814/2526/1814 1825/2537/1825 1826/2538/1826 1815/2527/1815 
f 1827/2539/1827 1828/2540/1828 1829/2541/1829 1830/2542/1830 
f 1827/2539/1827 1831/2543/1831 1832/2544/1832 1828/2540/1828 
f 1827/2539/1827 1833/2545/1833 1834/2546/1834 1831/2543/1831 
f 1827/2539/1827 1830/2542/1830 1835/2547/1835 1833/2545/1833 
f 1835/2547/1835 1836/2548/1836 1837/2549/1837 1838/2550/1838 
f 1835/2547/1835 1830/2542/1830 1839/2551/1839 1836/2548/1836 
f 1835/2547/1835 1838/2550/1838 1840/2552/1840 1833/2545/1833 
f 1841/2553/1841 1842/2554/1842 1843/2555/1843 1844/2556/1844 
f 1841/2557/1841 1845/2558/1845 1846/2559/1846 1842/2560/1842 
f 1841/2553/1841 1847/2561/1847 1848/2562/1848 1845/2563/1845 
f 1841/2553/1841 1844/2556/1844 1849/2564/1849 1847/2561/1847 
f 1850/2565/1850 1851/2566/1851 1852/2567/1852 1853/2568/1853 
f 1850/2569/1850 1854/2570/1854 1855/2571/1855 1851/2572/1851 
f 1850/2569/1850 1856/2573/1856 1857/2574/1857 1854/2570/1854 
f 1850/2565/1850 1853/2568/1853 1858/2575/1858 1856/2576/1856 
f 1239/2577/1239 1238/1739/1238 1859/2578/1859 1860/2579/1860 
f 1239/1734/1239 1852/2567/1852 1851/2566/1851 1189/1735/1189 
f 1239/2577/1239 1860/2579/1860 1861/2580/1861 1852/2581/1852 
f 1852/2582/1852 1861/2583/1861 1862/2584/1862 1853/2585/1853 
f 1863/2586/1863 1864/2587/1864 1865/2588/1865 1866/2589/1866 
f 1863/2586/1863 1222/2590/1222 1867/2591/1867 1864/2587/1864 
f 1863/2586/1863 1868/2592/1868 1223/2593/1223 1222/2590/1222 
f 1863/2586/1863 1866/2589/1866 1869/2594/1869 1868/2592/1868 
f 1866/2589/1866 1870/2595/1870 1871/2596/1871 1869/2594/1869 
f 1866/2589/1866 1865/2588/1865 1872/2597/1872 1870/2595/1870 
f 1872/2597/1872 1873/2598/1873 1874/2599/1874 1875/2600/1875 
f 1872/2597/1872 1865/2588/1865 1876/2601/1876 1873/2598/1873 
f 1872/2597/1872 1875/2600/1875 1877/2602/1877 1870/2595/1870 
f 1878/2603/1878 1879/2604/1879 1880/2605/1880 1881/2606/1881 
f 1878/2607/1878 1882/2608/1882 1883/2609/1883 1879/2610/1879 
f 1878/2607/1878 1884/2611/1884 1885/2612/1885 1882/2608/1882 
f 1878/2607/1878 1881/2613/1881 1886/2614/1886 1884/2611/1884 
f 1885/2612/1885 1887/2615/1887 1888/2616/1888 1889/2617/1889 
f 1885/2612/1885 1884/2611/1884 1890/2618/1890 1887/2615/1887 
f 1885/2612/1885 1889/2617/1889 1891/2619/1891 1882/2608/1882 
f 1882/2608/1882 1891/2619/1891 1892/2620/1892 1883/2609/1883 
f 1883/2609/1883 1892/2620/1892 1893/2621/1893 1894/2622/1894 
f 1883/2609/1883 1894/2622/1894 1895/2623/1895 1879/2610/1879 
f 1889/2617/1889 1888/2616/1888 1896/2624/1896 1897/2625/1897 
f 1889/2617/1889 1897/2625/1897 1898/2626/1898 1891/2619/1891 
f 1891/2619/1891 1898/2626/1898 1899/2627/1899 1892/2620/1892 
f 1892/2620/1892 1899/2627/1899 1900/2628/1900 1893/2621/1893 
f 1893/2621/1893 1900/2628/1900 1901/2629/1901 1902/2630/1902 
f 1893/2621/1893 1902/2630/1902 1903/2631/1903 1894/2622/1894 
f 1897/2625/1897 245/326/245 244/325/244 1898/2626/1898 
f 1897/2625/1897 1896/2624/1896 246/327/246 245/326/245 
f 1898/2626/1898 244/325/244 240/321/240 1899/2627/1899 
f 1899/2627/1899 240/321/240 239/320/239 1900/2628/1900 
f 1894/2622/1894 1903/2631/1903 1904/2632/1904 1895/2623/1895 
f 1895/2633/1895 1905/2634/1905 1880/2635/1880 1879/2636/1879 
f 1895/2633/1895 1904/2637/1904 1906/2638/1906 1905/2634/1905 
f 1905/2634/1905 1907/2639/1907 1908/2640/1908 1880/2635/1880 
f 1905/2634/1905 1906/2638/1906 1909/2641/1909 1907/2639/1907 
f 1880/2642/1880 1908/2643/1908 1910/2644/1910 1881/2645/1881 
f 1881/2645/1881 1910/2644/1910 1911/2646/1911 1886/2647/1886 
f 239/320/239 242/323/242 1901/2629/1901 1900/2628/1900 
f 241/322/241 1912/2648/1912 1913/2649/1913 242/323/242 
f 241/322/241 243/324/243 1914/2650/1914 1912/2648/1912 
f 243/324/243 234/314/234 236/316/236 1915/2651/1915 
f 243/324/243 1915/2651/1915 1916/2652/1916 1914/2650/1914 
f 1914/2653/1914 1916/2654/1916 1917/2655/1917 1918/2656/1918 
f 1914/2650/1914 1918/2657/1918 1919/2658/1919 1912/2648/1912 
f 1918/2659/1918 1920/2660/1920 1921/2661/1921 1919/2662/1919 
f 1918/2656/1918 1917/2655/1917 1922/2663/1922 1920/2664/1920 
f 1915/2665/1915 236/2666/236 1923/2667/1923 1924/2668/1924 
f 1915/2669/1915 1924/2670/1924 1925/2671/1925 1916/2654/1916 
f 1916/2654/1916 1925/2671/1925 1926/2672/1926 1917/2655/1917 
f 1917/2655/1917 1926/2672/1926 1927/2673/1927 1922/2663/1922 
f 1922/2663/1922 1927/2673/1927 1928/2674/1928 1929/2675/1929 
f 1922/2676/1922 1929/2677/1929 1930/2678/1930 1920/2679/1920 
f 1929/2680/1929 1931/2681/1931 1932/2682/1932 1930/2683/1930 
f 1929/2680/1929 1928/2684/1928 1933/2685/1933 1931/2681/1931 
f 1924/2670/1924 1934/2686/1934 1935/2687/1935 1925/2671/1925 
f 1924/2670/1924 1923/2688/1923 1936/2689/1936 1934/2686/1934 
f 1925/2671/1925 1935/2687/1935 1937/2690/1937 1926/2672/1926 
f 1926/2672/1926 1937/2690/1937 1100/1557/1100 1927/2673/1927 
f 1927/2673/1927 1100/1557/1100 1099/1556/1099 1928/2674/1928 
f 1928/2684/1928 1099/1559/1099 1101/1558/1101 1933/2685/1933 
f 1933/2685/1933 1101/1558/1101 1938/2691/1938 1939/2692/1939 
f 1933/2685/1933 1939/2692/1939 1940/2693/1940 1931/2681/1931 
f 1939/2692/1939 1838/2550/1838 1837/2549/1837 1940/2693/1940 
f 1939/2692/1939 1938/2691/1938 1941/2694/1941 1838/2550/1838 
f 1934/2686/1934 1942/2695/1942 1108/1566/1108 1935/2687/1935 
f 1934/2686/1934 1936/2689/1936 1943/2696/1943 1942/2695/1942 
f 1935/2687/1935 1108/1566/1108 1107/1565/1107 1937/2690/1937 
f 1937/2690/1937 1107/1565/1107 1097/1553/1097 1100/1557/1100 
f 1942/2695/1942 1115/1573/1115 1105/1563/1105 1108/1566/1108 
f 1942/2695/1942 1943/2696/1943 1116/1574/1116 1115/1573/1115 
f 1944/2697/1944 1945/2698/1945 1946/2699/1946 1947/2700/1947 
f 1944/2697/1944 1948/2701/1948 1949/2702/1949 1945/2698/1945 
f 1944/2697/1944 1950/2703/1950 1951/2704/1951 1948/2701/1948 
f 1944/2697/1944 1947/2700/1947 1952/2705/1952 1950/2703/1950 
f 1945/2698/1945 1953/2706/1953 1954/2707/1954 1946/2699/1946 
f 1945/2698/1945 1949/2702/1949 1955/2708/1955 1953/2706/1953 
f 1953/2706/1953 1956/2709/1956 1957/2710/1957 1954/2707/1954 
f 1953/2706/1953 1955/2708/1955 1958/2711/1958 1956/2709/1956 
f 1956/2709/1956 1959/2712/1959 1960/2713/1960 1957/2710/1957 
f 1956/2709/1956 1958/2711/1958 1961/2714/1961 1959/2712/1959 
f 1959/2712/1959 1962/2715/1962 1803/2515/1803 1960/2713/1960 
f 1959/2712/1959 1961/2714/1961 1963/2716/1963 1962/2715/1962 
f 1962/2715/1962 1964/2717/1964 1801/2511/1801 1803/2515/1803 
f 1962/2715/1962 1963/2716/1963 1965/2718/1965 1964/2717/1964 
f 1964/2717/1964 1966/2719/1966 1802/2512/1802 1801/2511/1801 
f 1964/2717/1964 1965/2718/1965 1967/2720/1967 1966/2719/1966 
f 1966/2719/1966 1968/2721/1968 1804/2516/1804 1802/2512/1802 
f 1966/2719/1966 1967/2720/1967 1969/2722/1969 1968/2721/1968 
f 1968/2721/1968 1970/2723/1970 1805/2517/1805 1804/2516/1804 
f 1968/2721/1968 1969/2722/1969 1971/2724/1971 1970/2723/1970 
f 1972/2725/1972 1973/2726/1973 1974/2727/1974 1975/2728/1975 
f 1972/2725/1972 1976/2729/1976 1977/2730/1977 1973/2726/1973 
f 1972/2725/1972 1978/2731/1978 1979/2732/1979 1976/2729/1976 
f 1972/2733/1972 1975/2734/1975 1980/2735/1980 1978/2736/1978 
f 1978/2736/1978 1981/2737/1981 1982/2738/1982 1979/2739/1979 
f 1978/2736/1978 1980/2735/1980 1983/2740/1983 1981/2737/1981 
f 1981/2737/1981 1984/2741/1984 1985/2742/1985 1982/2738/1982 
f 1981/2737/1981 1983/2740/1983 1986/2743/1986 1984/2741/1984 
f 1984/2741/1984 1987/2744/1987 1988/2745/1988 1985/2742/1985 
f 1984/2741/1984 1986/2743/1986 1989/2746/1989 1987/2744/1987 
f 1987/2744/1987 1990/2747/1990 1991/2748/1991 1988/2745/1988 
f 1987/2744/1987 1989/2746/1989 1992/2749/1992 1990/2747/1990 
f 1990/2747/1990 1993/2750/1993 1994/2751/1994 1991/2748/1991 
f 1990/2747/1990 1992/2749/1992 1995/2752/1995 1993/2750/1993 
f 1993/2750/1993 1996/2753/1996 1997/2754/1997 1994/2751/1994 
f 1993/2750/1993 1995/2752/1995 1998/2755/1998 1996/2753/1996 
f 1996/2753/1996 1999/2756/1999 2000/2757/2000 1997/2754/1997 
f 1996/2753/1996 1998/2755/1998 2001/2758/2001 1999/2756/1999 
f 1999/2756/1999 2002/2759/2002 2003/2760/2003 2000/2757/2000 
f 1999/2756/1999 2001/2758/2001 2004/2761/2004 2002/2759/2002 
f 2002/2759/2002 2005/2762/2005 2006/2763/2006 2003/2760/2003 
f 2002/2759/2002 2004/2761/2004 2007/2764/2007 2005/2762/2005 
f 2005/2762/2005 2008/2765/2008 2009/2766/2009 2006/2763/2006 
f 2005/2762/2005 2007/2764/2007 2010/2767/2010 2008/2765/2008 
f 2008/2765/2008 2011/2768/2011 2012/2769/2012 2009/2766/2009 
f 2008/2765/2008 2010/2767/2010 2013/2770/2013 2011/2768/2011 
f 2011/2768/2011 2014/2771/2014 2015/2772/2015 2012/2769/2012 
f 2011/2768/2011 2013/2770/2013 2016/2773/2016 2014/2771/2014 
f 2014/2771/2014 2016/2773/2016 2017/2774/2017 2018/2775/2018 
f 2014/2771/2014 2018/2775/2018 2019/2776/2019 2015/2772/2015 
f 2018/2775/2018 2017/2774/2017 2020/2777/2020 2021/2778/2021 
f 2018/2775/2018 2021/2778/2021 2022/2779/2022 2019/2776/2019 
f 2021/2778/2021 2020/2777/2020 2023/2780/2023 2024/2781/2024 
f 2021/2778/2021 2024/2781/2024 2025/2782/2025 2022/2779/2022 
f 2024/2781/2024 2023/2780/2023 2026/2783/2026 2027/2784/2027 
f 2024/2781/2024 2027/2784/2027 2028/2785/2028 2025/2782/2025 
f 2027/2784/2027 2026/2783/2026 2029/2786/2029 2030/2787/2030 
f 2027/2784/2027 2030/2787/2030 2031/2788/2031 2028/2785/2028 
f 2030/2787/2030 2029/2786/2029 2032/2789/2032 2033/2790/2033 
f 2030/2787/2030 2033/2790/2033 2034/2791/2034 2031/2788/2031 
f 2033/2790/2033 2032/2789/2032 2035/2792/2035 2036/2793/2036 
f 2033/2790/2033 2036/2793/2036 2037/2794/2037 2034/2791/2034 
f 2036/2793/2036 2035/2792/2035 2038/2795/2038 2039/2796/2039 
f 2036/2793/2036 2039/2796/2039 2040/2797/2040 2037/2794/2037 
f 2039/2796/2039 2038/2795/2038 2041/2798/2041 2042/2799/2042 
f 2039/2796/2039 2042/2799/2042 2043/2800/2043 2040/2797/2040 
f 2042/2799/2042 2041/2798/2041 2044/2801/2044 2045/2802/2045 
f 2042/2799/2042 2045/2802/2045 2046/2803/2046 2043/2800/2043 
f 2047/2804/2047 2048/2805/2048 2049/2806/2049 2050/2807/2050 
f 2047/2808/2047 2051/2809/2051 2052/2810/2052 2048/2811/2048 
f 2047/2808/2047 2053/2812/2053 2054/2813/2054 2051/2809/2051 
f 2047/2804/2047 2050/2807/2050 2055/2814/2055 2053/2815/2053 
f 2048/2811/2048 2056/2816/2056 2057/2817/2057 2049/2818/2049 
f 2048/2811/2048 2052/2810/2052 2058/2819/2058 2056/2816/2056 
f 2056/2816/2056 2059/2820/2059 2060/2821/2060 2057/2817/2057 
f 2056/2816/2056 2058/2819/2058 2061/2822/2061 2059/2820/2059 
f 2059/2820/2059 2062/2823/2062 2063/2824/2063 2060/2821/2060 
f 2059/2820/2059 2061/2822/2061 2064/2825/2064 2062/2823/2062 
f 2062/2823/2062 2065/2826/2065 2066/2827/2066 2063/2824/2063 
f 2062/2823/2062 2064/2825/2064 2067/2828/2067 2065/2826/2065 
f 2065/2826/2065 2068/2829/2068 2069/2830/2069 2066/2827/2066 
f 2065/2826/2065 2067/2828/2067 2070/2831/2070 2068/2829/2068 
f 2068/2829/2068 2071/2832/2071 2072/2833/2072 2069/2830/2069 
f 2068/2829/2068 2070/2831/2070 2073/2834/2073 2071/2832/2071 
f 2071/2832/2071 2074/2835/2074 2075/2836/2075 2072/2833/2072 
f 2071/2832/2071 2073/2834/2073 2076/2837/2076 2074/2835/2074 
f 2074/2835/2074 2077/2838/2077 2078/2839/2078 2075/2836/2075 
f 2074/2835/2074 2076/2837/2076 2079/2840/2079 2077/2838/2077 
f 2077/2838/2077 2080/2841/2080 2081/2842/2081 2078/2839/2078 
f 2077/2838/2077 2079/2840/2079 2082/2843/2082 2080/2841/2080 
f 2080/2841/2080 2083/2844/2083 2084/2845/2084 2081/2842/2081 
f 2080/2841/2080 2082/2843/2082 2085/2846/2085 2083/2844/2083 
f 2083/2844/2083 2086/2847/2086 2087/2848/2087 2084/2845/2084 
f 2083/2844/2083 2085/2846/2085 2088/2849/2088 2086/2847/2086 
f 2086/2847/2086 2088/2849/2088 2089/2850/2089 2090/2851/2090 
f 2086/2847/2086 2090/2851/2090 2091/2852/2091 2087/2848/2087 
f 2090/2851/2090 2089/2850/2089 2092/2853/2092 2093/2854/2093 
f 2090/2851/2090 2093/2854/2093 2094/2855/2094 2091/2852/2091 
f 2093/2854/2093 2092/2853/2092 2095/2856/2095 2096/2857/2096 
f 2093/2854/2093 2096/2857/2096 2097/2858/2097 2094/2855/2094 
f 2096/2857/2096 2095/2856/2095 2098/2859/2098 2099/2860/2099 
f 2096/2857/2096 2099/2860/2099 2100/2861/2100 2097/2858/2097 
f 2099/2860/2099 2098/2859/2098 2101/2862/2101 2102/2863/2102 
f 2099/2860/2099 2102/2863/2102 2103/2864/2103 2100/2861/2100 
f 2102/2863/2102 2101/2862/2101 2104/2865/2104 2105/2866/2105 
f 2102/2863/2102 2105/2866/2105 2106/2867/2106 2103/2864/2103 
f 2105/2866/2105 2104/2865/2104 2107/2868/2107 2108/2869/2108 
f 2105/2866/2105 2108/2869/2108 2109/2870/2109 2106/2867/2106 
f 2108/2869/2108 2107/2868/2107 2110/2871/2110 2111/2872/2111 
f 2108/2869/2108 2111/2872/2111 2112/2873/2112 2109/2870/2109 
f 2111/2874/2111 2110/2875/2110 2113/2876/2113 2114/2877/2114 
f 2111/2874/2111 2114/2877/2114 2115/2878/2115 2112/2879/2112 
f 2114/2880/2114 2113/2881/2113 2116/2882/2116 2117/2883/2117 
f 2114/2877/2114 2117/2884/2117 2118/2885/2118 2115/2878/2115 
f 2117/2883/2117 2116/2882/2116 2119/2886/2119 2120/2887/2120 
f 2117/2884/2117 2120/2888/2120 2121/2889/2121 2118/2885/2118 
f 2120/2888/2120 2119/2890/2119 2122/2891/2122 2123/2892/2123 
f 2120/2888/2120 2123/2892/2123 2124/2893/2124 2121/2889/2121 
f 2123/2894/2123 2122/2895/2122 2125/2896/2125 1974/2897/1974 
f 2123/2894/2123 1974/2897/1974 1973/2898/1973 2124/2899/2124 
f 1974/2897/1974 2125/2896/2125 2126/2900/2126 1975/2734/1975 
f 1975/2734/1975 2126/2900/2126 2127/2901/2127 1980/2735/1980 
f 1980/2735/1980 2127/2901/2127 2128/2902/2128 1983/2740/1983 
f 1983/2903/1983 2128/2904/2128 2129/2905/2129 1986/2906/1986 
f 1986/2743/1986 2129/2907/2129 2130/2908/2130 1989/2746/1989 
f 1989/2746/1989 2130/2908/2130 2131/2909/2131 1992/2749/1992 
f 1992/2749/1992 2131/2909/2131 2132/2910/2132 1995/2752/1995 
f 1995/2752/1995 2132/2910/2132 2133/2911/2133 1998/2755/1998 
f 1998/2755/1998 2133/2911/2133 2134/2912/2134 2001/2758/2001 
f 2001/2758/2001 2134/2912/2134 2135/2913/2135 2004/2761/2004 
f 2051/2809/2051 2136/2914/2136 2137/2915/2137 2052/2810/2052 
f 2051/2809/2051 2054/2813/2054 2138/2916/2138 2136/2914/2136 
f 2052/2810/2052 2137/2915/2137 2139/2917/2139 2058/2819/2058 
f 2058/2819/2058 2139/2917/2139 2140/2918/2140 2061/2822/2061 
f 2061/2822/2061 2140/2918/2140 2141/2919/2141 2064/2825/2064 
f 2064/2825/2064 2141/2919/2141 2142/2920/2142 2067/2828/2067 
f 2067/2828/2067 2142/2920/2142 2143/2921/2143 2070/2831/2070 
f 2070/2831/2070 2143/2921/2143 2144/2922/2144 2073/2834/2073 
f 2073/2834/2073 2144/2922/2144 2145/2923/2145 2076/2837/2076 
f 2076/2837/2076 2145/2923/2145 2146/2924/2146 2079/2840/2079 
f 2079/2840/2079 2146/2924/2146 2147/2925/2147 2082/2843/2082 
f 2082/2843/2082 2147/2925/2147 2148/2926/2148 2085/2846/2085 
f 2085/2846/2085 2148/2926/2148 2149/2927/2149 2088/2849/2088 
f 2088/2849/2088 2149/2927/2149 2150/2928/2150 2089/2850/2089 
f 2089/2850/2089 2150/2928/2150 2151/2929/2151 2092/2853/2092 
f 2092/2853/2092 2151/2929/2151 2152/2930/2152 2095/2856/2095 
f 2095/2856/2095 2152/2930/2152 2153/2931/2153 2098/2859/2098 
f 2098/2859/2098 2153/2931/2153 2154/2932/2154 2101/2862/2101 
f 2101/2862/2101 2154/2932/2154 2155/2933/2155 2104/2865/2104 
f 2104/2865/2104 2155/2933/2155 2156/2934/2156 2107/2868/2107 
f 2107/2935/2107 2156/2936/2156 2157/2937/2157 2110/2875/2110 
f 2110/2875/2110 2157/2937/2157 2158/2938/2158 2113/2876/2113 
f 2113/2876/2113 2158/2938/2158 2159/2939/2159 2116/2940/2116 
f 2136/2914/2136 2160/2941/2160 2161/2942/2161 2137/2915/2137 
f 2136/2914/2136 2138/2916/2138 2162/2943/2162 2160/2941/2160 
f 2137/2915/2137 2161/2942/2161 2163/2944/2163 2139/2917/2139 
f 2139/2917/2139 2163/2944/2163 2164/2945/2164 2140/2918/2140 
f 2140/2918/2140 2164/2945/2164 2165/2946/2165 2141/2919/2141 
f 2141/2919/2141 2165/2946/2165 2166/2947/2166 2142/2920/2142 
f 2142/2920/2142 2166/2947/2166 2167/2948/2167 2143/2921/2143 
f 2143/2921/2143 2167/2948/2167 2168/2949/2168 2144/2922/2144 
f 2144/2922/2144 2168/2949/2168 2169/2950/2169 2145/2923/2145 
f 2145/2923/2145 2169/2950/2169 2170/2951/2170 2146/2924/2146 
f 2160/2952/2160 2171/2953/2171 2172/2954/2172 2161/2955/2161 
f 2160/2952/2160 2162/2956/2162 2173/2957/2173 2171/2953/2171 
f 2161/2955/2161 2172/2954/2172 2174/2958/2174 2163/2959/2163 
f 2163/2944/2163 2174/2960/2174 2175/2961/2175 2164/2945/2164 
f 2164/2945/2164 2175/2961/2175 2176/2962/2176 2165/2946/2165 
f 2165/2946/2165 2176/2962/2176 2177/2963/2177 2166/2947/2166 
f 2166/2964/2166 2177/2965/2177 2178/2966/2178 2167/2967/2167 
f 2173/2968/2173 2179/2969/2179 2180/2970/2180 2181/2971/2181 
f 2173/2968/2173 2162/2972/2162 2182/2973/2182 2179/2969/2179 
f 2173/2968/2173 2181/2971/2181 2183/2974/2183 2171/2975/2171 
f 2171/2975/2171 2183/2974/2183 2184/2976/2184 2172/2977/2172 
f 2172/2954/2172 2184/2978/2184 2185/2979/2185 2174/2958/2174 
f 2174/2960/2174 2185/2980/2185 2186/2981/2186 2175/2961/2175 
f 2175/2982/2175 2186/2983/2186 2187/2984/2187 2176/2985/2176 
f 2176/2985/2176 2187/2984/2187 2188/2986/2188 2177/2965/2177 
f 2177/2965/2177 2188/2986/2188 2189/2987/2189 2178/2966/2178 
f 2178/2966/2178 2189/2987/2189 2190/2988/2190 2191/2989/2191 
f 2178/2966/2178 2191/2989/2191 2168/2990/2168 2167/2967/2167 
f 2191/2989/2191 2190/2988/2190 2192/2991/2192 2193/2992/2193 
f 2191/2993/2191 2193/2994/2193 2169/2950/2169 2168/2949/2168 
f 2193/2995/2193 2192/2996/2192 2194/2997/2194 2195/2998/2195 
f 2193/2994/2193 2195/2999/2195 2170/2951/2170 2169/2950/2169 
f 2195/3000/2195 2194/3001/2194 2196/3002/2196 2197/3003/2197 
f 2195/2999/2195 2197/3004/2197 2198/3005/2198 2170/2951/2170 
f 2197/3003/2197 2196/3002/2196 2199/3006/2199 2200/3007/2200 
f 2197/3004/2197 2200/3008/2200 2201/3009/2201 2198/3005/2198 
f 2200/3007/2200 2199/3006/2199 2202/3010/2202 2203/3011/2203 
f 2200/3008/2200 2203/3012/2203 2204/3013/2204 2201/3009/2201 
f 2203/3011/2203 2202/3010/2202 2205/3014/2205 2206/3015/2206 
f 2203/3012/2203 2206/3016/2206 2207/3017/2207 2204/3013/2204 
f 2206/3018/2206 2205/3019/2205 2208/3020/2208 2209/3021/2209 
f 2206/3016/2206 2209/3022/2209 2210/3023/2210 2207/3017/2207 
f 2209/3021/2209 2208/3020/2208 2211/3024/2211 2212/3025/2212 
f 2209/3022/2209 2212/3026/2212 2213/3027/2213 2210/3023/2210 
f 2212/3026/2212 2214/3028/2214 2215/3029/2215 2213/3027/2213 
f 2212/3025/2212 2211/3024/2211 2216/3030/2216 2214/3031/2214 
f 2214/3031/2214 2217/3032/2217 2218/3033/2218 2215/3034/2215 
f 2214/3031/2214 2216/3030/2216 2219/3035/2219 2217/3032/2217 
f 2217/3032/2217 2220/3036/2220 2221/3037/2221 2218/3033/2218 
f 2217/3032/2217 2219/3035/2219 2222/3038/2222 2220/3036/2220 
f 2220/3036/2220 2223/3039/2223 2224/3040/2224 2221/3037/2221 
f 2220/3036/2220 2222/3038/2222 2225/3041/2225 2223/3039/2223 
f 2223/3039/2223 2226/3042/2226 2227/3043/2227 2224/3040/2224 
f 2223/3039/2223 2225/3041/2225 2228/3044/2228 2226/3042/2226 
f 2226/3042/2226 2229/3045/2229 2230/3046/2230 2227/3043/2227 
f 2226/3042/2226 2228/3044/2228 2231/3047/2231 2229/3045/2229 
f 2229/3045/2229 2232/3048/2232 2233/3049/2233 2230/3046/2230 
f 2229/3045/2229 2231/3047/2231 2234/3050/2234 2232/3048/2232 
f 2232/3048/2232 2235/3051/2235 2236/3052/2236 2233/3049/2233 
f 2232/3048/2232 2234/3050/2234 2237/3053/2237 2235/3051/2235 
f 2235/3051/2235 2238/3054/2238 2239/3055/2239 2236/3052/2236 
f 2235/3051/2235 2237/3053/2237 2240/3056/2240 2238/3054/2238 
f 2238/3054/2238 2241/3057/2241 2242/3058/2242 2239/3055/2239 
f 2238/3054/2238 2240/3056/2240 2243/3059/2243 2241/3057/2241 
f 2181/2971/2181 2180/2970/2180 2244/3060/2244 2245/3061/2245 
f 2181/2971/2181 2245/3061/2245 2246/3062/2246 2183/2974/2183 
f 2183/2974/2183 2246/3062/2246 2247/3063/2247 2184/2976/2184 
f 2184/2976/2184 2247/3063/2247 2248/3064/2248 2185/3065/2185 
f 2185/3065/2185 2248/3064/2248 2249/3066/2249 2186/3067/2186 
f 2186/3067/2186 2249/3066/2249 2250/3068/2250 2187/3069/2187 
f 2187/3069/2187 2250/3068/2250 2251/3070/2251 2188/3071/2188 
f 2188/3071/2188 2251/3070/2251 2252/3072/2252 2189/3073/2189 
f 2189/3073/2189 2252/3072/2252 2253/3074/2253 2190/3075/2190 
f 2190/3075/2190 2253/3074/2253 2254/3076/2254 2192/3077/2192 
f 2192/2991/2192 2254/3078/2254 2255/3079/2255 2194/3001/2194 
f 2194/3001/2194 2255/3079/2255 2256/3080/2256 2196/3002/2196 
f 2196/3081/2196 2256/3082/2256 2257/3083/2257 2199/3084/2199 
f 2199/3084/2199 2257/3083/2257 2258/3085/2258 2202/3086/2202 
f 2202/3087/2202 2258/3088/2258 2259/3089/2259 2205/3019/2205 
f 2205/3019/2205 2259/3089/2259 2260/3090/2260 2208/3020/2208 
f 2208/3020/2208 2260/3090/2260 2261/3091/2261 2211/3024/2211 
f 2211/3024/2211 2261/3091/2261 2262/3092/2262 2216/3030/2216 
f 2216/3030/2216 2262/3092/2262 2263/3093/2263 2219/3035/2219 
f 2219/3035/2219 2263/3093/2263 2264/3094/2264 2222/3038/2222 
f 2222/3038/2222 2264/3094/2264 2265/3095/2265 2225/3041/2225 
f 2225/3041/2225 2265/3095/2265 2266/3096/2266 2228/3044/2228 
f 2228/3044/2228 2266/3096/2266 2267/3097/2267 2231/3047/2231 
f 2231/3047/2231 2267/3097/2267 2268/3098/2268 2234/3050/2234 
f 2234/3050/2234 2268/3098/2268 2269/3099/2269 2237/3053/2237 
f 2237/3053/2237 2269/3099/2269 2270/3100/2270 2240/3056/2240 
f 2240/3056/2240 2270/3100/2270 2271/3101/2271 2243/3059/2243 
f 2243/3059/2243 2271/3101/2271 2272/3102/2272 2273/3103/2273 
f 2243/3059/2243 2273/3103/2273 2274/3104/2274 2241/3057/2241 
f 2273/3103/2273 2272/3102/2272 2275/3105/2275 2276/3106/2276 
f 2273/3103/2273 2276/3106/2276 2277/3107/2277 2274/3104/2274 
f 2276/3106/2276 2275/3105/2275 2278/3108/2278 2279/3109/2279 
f 2276/3106/2276 2279/3109/2279 2280/3110/2280 2277/3107/2277 
f 2279/3109/2279 2278/3108/2278 2281/3111/2281 2282/3112/2282 
f 2279/3109/2279 2282/3112/2282 2283/3113/2283 2280/3110/2280 
f 2282/3112/2282 2281/3111/2281 2284/3114/2284 2285/3115/2285 
f 2282/3112/2282 2285/3115/2285 2286/3116/2286 2283/3113/2283 
f 2285/3115/2285 2284/3114/2284 2287/3117/2287 2288/3118/2288 
f 2285/3115/2285 2288/3118/2288 2289/3119/2289 2286/3116/2286 
f 2288/3118/2288 2287/3117/2287 2290/3120/2290 2291/3121/2291 
f 2288/3118/2288 2291/3121/2291 2292/3122/2292 2289/3119/2289 
f 2291/3121/2291 2290/3120/2290 2293/3123/2293 2294/3124/2294 
f 2291/3121/2291 2294/3124/2294 2295/3125/2295 2292/3122/2292 
f 2294/3124/2294 2293/3123/2293 2296/3126/2296 2297/3127/2297 
f 2294/3124/2294 2297/3127/2297 2298/3128/2298 2295/3125/2295 
f 2297/3127/2297 2299/3129/2299 2300/3130/2300 2298/3128/2298 
f 2297/3131/2297 2296/3132/2296 2301/3133/2301 2299/3134/2299 
f 2299/3129/2299 2302/3135/2302 2303/3136/2303 2300/3130/2300 
f 2299/3134/2299 2301/3133/2301 2304/3137/2304 2302/3138/2302 
f 2302/3139/2302 2305/3140/2305 2306/3141/2306 2303/3142/2303 
f 2302/3139/2302 2304/3143/2304 2307/3144/2307 2305/3140/2305 
f 2305/3145/2305 2308/3146/2308 2309/3147/2309 2306/3148/2306 
f 2305/3140/2305 2307/3144/2307 2310/3149/2310 2308/3150/2308 
f 2308/3146/2308 2311/3151/2311 2312/3152/2312 2309/3147/2309 
f 2308/3153/2308 2310/3154/2310 2313/3155/2313 2311/3156/2311 
f 2311/3151/2311 2314/3157/2314 2315/3158/2315 2312/3152/2312 
f 2311/3156/2311 2313/3155/2313 2316/3159/2316 2314/3160/2314 
f 2314/3161/2314 2317/3162/2317 2318/3163/2318 2315/3164/2315 
f 2314/3161/2314 2316/3165/2316 2319/3166/2319 2317/3162/2317 
f 2317/3162/2317 2320/3167/2320 2321/3168/2321 2318/3163/2318 
f 2317/3162/2317 2319/3166/2319 2322/3169/2322 2320/3167/2320 
f 2320/3167/2320 2323/3170/2323 2324/3171/2324 2321/3168/2321 
f 2320/3167/2320 2322/3169/2322 2325/3172/2325 2323/3170/2323 
f 2323/3170/2323 2326/3173/2326 2327/3174/2327 2324/3171/2324 
f 2323/3170/2323 2325/3172/2325 2328/3175/2328 2326/3173/2326 
f 2245/3061/2245 2329/3176/2329 2330/3177/2330 2246/3062/2246 
f 2245/3061/2245 2244/3060/2244 2331/3178/2331 2329/3176/2329 
f 2246/3062/2246 2330/3177/2330 2332/3179/2332 2247/3063/2247 
f 2247/3063/2247 2332/3179/2332 2333/3180/2333 2248/3064/2248 
f 2248/3064/2248 2333/3180/2333 2334/3181/2334 2249/3066/2249 
f 2249/3066/2249 2334/3181/2334 2335/3182/2335 2250/3068/2250 
f 2250/3068/2250 2335/3182/2335 2336/3183/2336 2251/3070/2251 
f 2251/3070/2251 2336/3183/2336 1246/1746/1246 2252/3072/2252 
f 2252/3072/2252 1246/1746/1246 1245/1745/1245 2253/3074/2253 
f 2253/3074/2253 1245/1745/1245 1248/3184/1248 2254/3076/2254 
f 2254/3076/2254 1248/3184/1248 1252/3185/1252 2255/3186/2255 
f 2255/3186/2255 1252/3185/1252 1255/3187/1255 2256/3188/2256 
f 2256/3189/2256 1255/1761/1255 1258/1766/1258 2257/3190/2257 
f 2257/3190/2257 1258/1766/1258 1261/1770/1261 2258/3191/2258 
f 2258/3088/2258 1261/3192/1261 1264/3193/1264 2259/3089/2259 
f 2259/3194/2259 1264/1774/1264 1267/1778/1267 2260/3195/2260 
f 2260/3195/2260 1267/1778/1267 1270/1782/1270 2261/3196/2261 
f 2261/3091/2261 1270/1788/1270 1273/1787/1273 2262/3092/2262 
f 2262/3092/2262 1273/1787/1273 1276/1792/1276 2263/3093/2263 
f 2263/3093/2263 1276/1792/1276 1279/1796/1279 2264/3094/2264 
f 2264/3094/2264 1279/1796/1279 1282/3197/1282 2265/3095/2265 
f 2265/3095/2265 1282/3197/1282 1285/3198/1285 2266/3096/2266 
f 2266/3096/2266 1285/3198/1285 1288/3199/1288 2267/3097/2267 
f 2267/3097/2267 1288/3199/1288 1291/3200/1291 2268/3098/2268 
f 2268/3098/2268 1291/3200/1291 1294/3201/1294 2269/3099/2269 
f 2269/3099/2269 1294/3201/1294 1297/3202/1297 2270/3100/2270 
f 2270/3100/2270 1297/3202/1297 1300/3203/1300 2271/3101/2271 
f 2271/3204/2271 1300/1828/1300 1303/1832/1303 2272/3205/2272 
f 2272/3102/2272 1303/3206/1303 1306/3207/1306 2275/3105/2275 
f 2275/3105/2275 1306/3207/1306 1309/3208/1309 2278/3108/2278 
f 2278/3108/2278 1309/3208/1309 1312/3209/1312 2281/3111/2281 
f 2281/3111/2281 1312/3209/1312 1315/3210/1315 2284/3114/2284 
f 2284/3114/2284 1315/3210/1315 1318/3211/1318 2287/3117/2287 
f 2287/3117/2287 1318/3211/1318 1321/3212/1321 2290/3120/2290 
f 2290/3120/2290 1321/3212/1321 1324/3213/1324 2293/3123/2293 
f 2293/3214/2293 1324/1855/1324 1327/1858/1327 2296/3215/2296 
f 2296/3215/2296 1327/1858/1327 1330/1861/1330 2301/3216/2301 
f 2301/3216/2301 1330/1861/1330 1333/1864/1333 2304/3217/2304 
f 2304/3217/2304 1333/1864/1333 1336/1867/1336 2307/3218/2307 
f 2307/3218/2307 1336/1867/1336 1339/1870/1339 2310/3154/2310 
f 2310/3154/2310 1339/1870/1339 1342/1873/1342 2313/3155/2313 
f 2313/3155/2313 1342/1873/1342 1345/1876/1345 2316/3159/2316 
f 2316/3159/2316 1345/1876/1345 1348/1879/1348 2319/3219/2319 
f 2319/3219/2319 1348/1879/1348 1351/1882/1351 2322/3220/2322 
f 2322/3220/2322 1351/1882/1351 1354/1885/1354 2325/3221/2325 
f 2325/3221/2325 1354/1885/1354 1357/1888/1357 2328/3222/2328 
f 2328/3222/2328 1357/1888/1357 1360/1891/1360 2337/3223/2337 
f 2328/3175/2328 2337/3224/2337 2338/3225/2338 2326/3173/2326 
f 2337/3223/2337 1360/1891/1360 1363/1894/1363 2339/3226/2339 
f 2337/3227/2337 2339/3228/2339 2340/3229/2340 2338/3230/2338 
f 2339/3228/2339 1363/1902/1363 1366/1901/1366 2341/3231/2341 
f 2339/3228/2339 2341/3231/2341 2342/3232/2342 2340/3229/2340 
f 2341/3231/2341 1366/1901/1366 1369/3233/1369 2343/3234/2343 
f 2341/3231/2341 2343/3234/2343 2344/3235/2344 2342/3232/2342 
f 2343/3234/2343 1369/3233/1369 1372/3236/1372 2345/3237/2345 
f 2343/3234/2343 2345/3237/2345 2346/3238/2346 2344/3235/2344 
f 2345/3237/2345 1372/3236/1372 1375/3239/1375 2347/3240/2347 
f 2345/3241/2345 2347/3242/2347 2348/3243/2348 2346/3244/2346 
f 2347/3245/2347 1375/1915/1375 1378/1918/1378 2349/3246/2349 
f 2347/3242/2347 2349/3247/2349 2350/3248/2350 2348/3243/2348 
f 2349/3246/2349 1378/1918/1378 1381/1921/1381 2351/3249/2351 
f 2349/3247/2349 2351/3250/2351 2352/3251/2352 2350/3248/2350 
f 2351/3249/2351 1381/1921/1381 1384/1924/1384 2353/3252/2353 
f 2351/3250/2351 2353/3253/2353 2354/3254/2354 2352/3251/2352 
f 2353/3252/2353 1384/1924/1384 1387/1927/1387 2355/3255/2355 
f 2353/3253/2353 2355/3256/2355 2356/3257/2356 2354/3254/2354 
f 2355/3256/2355 2357/3258/2357 2358/3259/2358 2356/3257/2356 
f 2355/3255/2355 1387/1927/1387 1390/1930/1390 2357/3260/2357 
f 2357/3260/2357 2359/3261/2359 2360/3262/2360 2358/3263/2358 
f 2357/3260/2357 1390/1930/1390 1392/1932/1392 2359/3261/2359 
f 2359/3264/2359 2361/3265/2361 2362/3266/2362 2360/3267/2360 
f 2359/3261/2359 1392/1932/1392 1395/1935/1395 2361/3268/2361 
f 2361/3268/2361 2363/3269/2363 2364/3270/2364 2362/3271/2362 
f 2361/3268/2361 1395/1935/1395 1398/1938/1398 2363/3269/2363 
f 2363/3269/2363 2365/3272/2365 2366/3273/2366 2364/3270/2364 
f 2363/3269/2363 1398/1938/1398 1401/1944/1401 2365/3272/2365 
f 2365/3272/2365 2367/3274/2367 2368/3275/2368 2366/3273/2366 
f 2365/3272/2365 1401/1944/1401 1404/1948/1404 2367/3274/2367 
f 2367/3274/2367 2369/3276/2369 2370/3277/2370 2368/3275/2368 
f 2367/3274/2367 1404/1948/1404 1407/1952/1407 2369/3276/2369 
f 2369/3276/2369 2371/3278/2371 2372/3279/2372 2370/3277/2370 
f 2369/3276/2369 1407/1952/1407 1410/1955/1410 2371/3278/2371 
f 2371/3278/2371 2373/3280/2373 2374/3281/2374 2372/3279/2372 
f 2371/3278/2371 1410/1955/1410 1413/1958/1413 2373/3280/2373 
f 2329/3176/2329 2375/3282/2375 2376/3283/2376 2330/3177/2330 
f 2329/3284/2329 2331/3285/2331 2377/3286/2377 2375/3287/2375 
f 2330/3177/2330 2376/3283/2376 2378/3288/2378 2332/3179/2332 
f 2332/3179/2332 2378/3288/2378 2379/3289/2379 2333/3180/2333 
f 2333/3180/2333 2379/3289/2379 2380/3290/2380 2334/3181/2334 
f 2334/3291/2334 2380/3292/2380 2381/3293/2381 2335/3294/2335 
f 2335/3182/2335 2381/3295/2381 2382/3296/2382 2336/3183/2336 
f 2336/3297/2336 2382/3298/2382 1242/1741/1242 1246/3299/1246 
f 1413/1958/1413 1416/1961/1416 2383/3300/2383 2373/3280/2373 
f 1416/1961/1416 1419/1967/1419 2384/3301/2384 2383/3300/2383 
f 1419/1967/1419 1422/1971/1422 2385/3302/2385 2384/3301/2384 
f 1422/1971/1422 1425/1975/1425 2386/3303/2386 2385/3302/2385 
f 1425/1975/1425 1428/1979/1428 2387/3304/2387 2386/3303/2386 
f 1428/1979/1428 1431/1983/1431 2388/3305/2388 2387/3304/2387 
f 1431/1983/1431 1434/1987/1434 2389/3306/2389 2388/3305/2388 
f 1434/1987/1434 1437/1990/1437 2390/3307/2390 2389/3306/2389 
f 1437/1990/1437 1440/1993/1440 2391/3308/2391 2390/3307/2390 
f 1440/1993/1440 1443/1996/1443 2392/3309/2392 2391/3308/2391 
f 1443/1996/1443 1446/1999/1446 2393/3310/2393 2392/3309/2392 
f 1446/1999/1446 1449/2002/1449 2394/3311/2394 2393/3310/2393 
f 1449/2002/1449 1452/2008/1452 2395/3312/2395 2394/3311/2394 
f 1452/2008/1452 1455/3313/1455 2396/3314/2396 2395/3312/2395 
f 1455/3313/1455 1458/3315/1458 2397/3316/2397 2396/3314/2396 
f 1458/2018/1458 1461/2022/1461 2398/3317/2398 2397/3318/2397 
f 1461/2022/1461 1464/2026/1464 2399/3319/2399 2398/3317/2398 
f 1464/3320/1464 1467/3321/1467 2400/3322/2400 2399/3323/2399 
f 1467/3321/1467 1470/2040/1470 2401/3324/2401 2400/3322/2400 
f 1237/1731/1237 2402/3325/2402 2403/3326/2403 1233/1723/1233 
f 1237/1731/1237 1909/2641/1909 1906/2638/1906 2402/3325/2402 
f 1237/1731/1237 1236/1730/1236 1907/2639/1907 1909/2641/1909 
f 2377/3286/2377 2404/3327/2404 2405/3328/2405 2375/3287/2375 
f 2377/3329/2377 2406/3330/2406 2407/3331/2407 2404/3332/2404 
f 2377/3333/2377 2331/3178/2331 2244/3060/2244 2406/3334/2406 
f 2404/3327/2404 2408/3335/2408 2409/3336/2409 2405/3328/2405 
f 2404/3337/2404 2407/3338/2407 2410/3339/2410 2408/3340/2408 
f 2406/3341/2406 2411/3342/2411 2412/3343/2412 2407/3338/2407 
f 2406/3334/2406 2244/3060/2244 2180/2970/2180 2411/3344/2411 
f 2411/3344/2411 2180/2970/2180 2179/2969/2179 2413/3345/2413 
f 2411/3342/2411 2413/3346/2413 2414/3347/2414 2412/3343/2412 
f 152/3348/152 2415/3349/2415 124/172/124 157/236/157 
f 152/3348/152 151/3350/151 2416/3351/2416 2415/3349/2415 
f 2415/3349/2415 2416/3351/2416 2417/3352/2417 2418/3353/2418 
f 2415/3349/2415 2418/3353/2418 122/170/122 124/172/124 
f 2419/3354/2419 2420/3355/2420 79/114/79 2421/3356/2421 
f 2419/3357/2419 2422/3358/2422 2423/3359/2423 2420/3360/2420 
f 2419/3354/2419 2424/3361/2424 1229/3362/1229 2422/3363/2422 
f 2419/3354/2419 2421/3356/2421 2425/3364/2425 2424/3361/2424 
f 2426/3365/2426 23/33/23 26/36/26 2427/3366/2427 
f 2426/3365/2426 770/1043/770 24/34/24 23/33/23 
f 2426/3367/2426 679/3368/679 678/3369/678 770/3370/770 
f 2426/3367/2426 2427/3371/2427 676/3372/676 679/3368/679 
f 770/1043/770 769/1042/769 849/3373/849 24/34/24 
f 24/34/24 849/3373/849 33/43/33 25/35/25 
f 849/3373/849 848/3374/848 36/46/36 33/43/33 
f 36/1251/36 918/1250/918 43/3375/43 37/3376/37 
f 918/1250/918 919/1252/919 47/3377/47 43/3375/43 
f 57/83/57 1079/1515/1079 2428/3378/2428 58/84/58 
f 2429/3379/2429 2430/3380/2430 2431/3381/2431 2432/3382/2432 
f 2429/3383/2429 2433/3384/2433 2434/3385/2434 2430/3386/2430 
f 2429/3379/2429 2435/3387/2435 2436/3388/2436 2433/3389/2433 
f 2429/3379/2429 2432/3382/2432 2437/3390/2437 2435/3387/2435 
f 2430/3380/2430 2438/3391/2438 1921/3392/1921 2431/3381/2431 
f 2430/3380/2430 2434/3393/2434 2439/3394/2439 2438/3391/2438 
f 2438/3395/2438 2440/3396/2440 1919/2662/1919 1921/2661/1921 
f 2438/3395/2438 2439/3397/2439 2441/3398/2441 2440/3396/2440 
f 2440/3399/2440 2441/3400/2441 2442/3401/2442 1913/2649/1913 
f 2440/3399/2440 1913/2649/1913 1912/2648/1912 1919/2658/1919 
f 1913/2649/1913 2442/3401/2442 1901/2629/1901 242/323/242 
f 2434/3402/2434 2433/3403/2433 2403/3326/2403 2402/3325/2402 
f 2434/3402/2434 2402/3325/2402 1906/2638/1906 2439/3404/2439 
f 2439/3404/2439 1906/2638/1906 1904/2637/1904 2441/3405/2441 
f 2441/3400/2441 1904/2632/1904 1903/2631/1903 2442/3401/2442 
f 2443/3406/2443 2444/3407/2444 2445/3408/2445 2446/3409/2446 
f 2443/3406/2443 2447/3410/2447 2448/3411/2448 2444/3407/2444 
f 2443/3412/2443 153/207/153 156/210/156 2447/3413/2447 
f 2443/3412/2443 2446/3414/2446 154/208/154 153/207/153 
f 2449/3415/2449 2450/3416/2450 2451/3417/2451 2452/3418/2452 
f 2449/3415/2449 2453/3419/2453 2454/3420/2454 2450/3416/2450 
f 2449/3415/2449 2445/3408/2445 2444/3407/2444 2453/3419/2453 
f 2449/3415/2449 2452/3418/2452 2455/3421/2455 2445/3408/2445 
f 2445/3408/2445 2455/3421/2455 2456/3422/2456 2446/3409/2446 
f 2446/3423/2446 2456/3424/2456 2457/3425/2457 154/3426/154 
f 2455/3427/2455 1199/1684/1199 1198/1683/1198 2456/3428/2456 
f 2455/3427/2455 2452/3429/2452 1206/1691/1206 1199/1684/1199 
f 2456/3428/2456 1198/1683/1198 1202/1687/1202 2457/3430/2457 
f 2452/3429/2452 2451/3431/2451 1209/1694/1209 1206/1691/1206 
f 2451/3431/2451 2458/3432/2458 2459/3433/2459 1209/1694/1209 
f 2451/3417/2451 2450/3416/2450 2460/3434/2460 2458/3435/2458 
f 1209/1694/1209 2459/3433/2459 1211/1696/1211 1210/1695/1210 
f 2458/3436/2458 2460/3437/2460 2461/3438/2461 2462/3439/2462 
f 2458/3432/2458 2462/3440/2462 2463/3441/2463 2459/3433/2459 
f 2459/3433/2459 2463/3441/2463 2464/3442/2464 1211/1696/1211 
f 150/3443/150 154/3426/154 2457/3425/2457 2465/3444/2465 
f 150/3443/150 2465/3444/2465 295/3445/295 151/3446/151 
f 151/3350/151 295/407/295 294/406/294 2416/3351/2416 
f 2416/3351/2416 294/406/294 296/409/296 2417/3352/2417 
f 2465/3447/2465 2466/3448/2466 293/3449/293 295/3450/295 
f 2465/3447/2465 2457/3430/2457 1202/1687/1202 2466/3448/2466 
f 1202/1687/1202 1201/1686/1201 285/392/285 2466/3448/2466 
f 305/423/305 297/410/297 299/413/299 1194/1679/1194 
f 306/3451/306 1196/3452/1196 311/430/311 302/419/302 
f 1234/1727/1234 2467/3453/2467 2468/3454/2468 1235/1728/1235 
f 1234/1724/1234 1229/1717/1229 2424/3455/2424 2467/3456/2467 
f 2468/3454/2468 1910/2644/1910 1908/2643/1908 1235/1728/1235 
f 2468/3454/2468 2469/3457/2469 1911/2646/1911 1910/2644/1910 
f 2468/3454/2468 2467/3453/2467 2470/3458/2470 2469/3457/2469 
f 1235/1728/1235 1908/2643/1908 1907/3459/1907 1236/1729/1236 
f 334/459/334 2471/3460/2471 2472/3461/2472 335/460/335 
f 334/459/334 336/461/336 2473/3462/2473 2471/3460/2471 
f 2472/3461/2472 2474/3463/2474 2475/3464/2475 2476/3465/2476 
f 2472/3461/2472 2471/3460/2471 2477/3466/2477 2474/3463/2474 
f 2472/3461/2472 2476/3465/2476 339/464/339 335/460/335 
f 2420/3355/2420 2478/3467/2478 75/115/75 79/114/79 
f 2420/3468/2420 2423/3469/2423 2479/3470/2479 2478/3471/2478 
f 79/114/79 78/113/78 2480/3472/2480 2421/3356/2421 
f 2478/3471/2478 2481/3473/2481 76/122/76 75/3474/75 
f 2478/3471/2478 2479/3470/2479 2482/3475/2482 2481/3473/2481 
f 2483/3476/2483 2484/3477/2484 2485/3478/2485 2486/3479/2486 
f 2483/3476/2483 1228/3480/1228 2487/3481/2487 2484/3477/2484 
f 2483/3482/2483 2422/3363/2422 1229/3362/1229 1228/3483/1228 
f 2483/3484/2483 2486/3485/2486 2423/3359/2423 2422/3358/2422 
f 2423/3469/2423 2486/3486/2486 2488/3487/2488 2479/3470/2479 
f 2489/3488/2489 2490/3489/2490 2491/3490/2491 2492/3491/2492 
f 2489/3488/2489 2493/3492/2493 2494/3493/2494 2490/3489/2490 
f 2489/3488/2489 108/156/108 2495/3494/2495 2493/3492/2493 
f 2489/3488/2489 2492/3491/2492 106/154/106 108/156/108 
f 2496/3495/2496 2497/3496/2497 2498/3497/2498 2499/3498/2499 
f 2496/3495/2496 2500/3499/2500 2501/3500/2501 2497/3496/2497 
f 2496/3501/2496 2502/3502/2502 2503/3503/2503 2500/3504/2500 
f 2496/3501/2496 2499/3505/2499 2504/3506/2504 2502/3502/2502 
f 2504/3506/2504 2499/3505/2499 2505/3507/2505 2506/3508/2506 
f 2504/3509/2504 2507/3510/2507 2508/3511/2508 2502/3512/2502 
f 2504/3506/2504 2506/3508/2506 2509/3513/2509 2507/3514/2507 
f 2502/3512/2502 2508/3511/2508 2510/3515/2510 2503/3516/2503 
f 2508/3517/2508 2511/3518/2511 2512/3519/2512 2510/3520/2510 
f 2508/3517/2508 2507/3521/2507 2513/3522/2513 2511/3518/2511 
f 2511/3523/2511 2497/3524/2497 2501/3525/2501 2512/3526/2512 
f 2511/3523/2511 2513/3527/2513 2498/3528/2498 2497/3524/2497 
f 2507/3521/2507 2509/3529/2509 2514/3530/2514 2513/3522/2513 
f 2515/3531/2515 2516/3532/2516 2517/3533/2517 2518/3534/2518 
f 2515/3531/2515 2519/3535/2519 2520/3536/2520 2516/3532/2516 
f 2515/3537/2515 2521/3538/2521 2522/3539/2522 2519/3540/2519 
f 2515/3537/2515 2518/3541/2518 2523/3542/2523 2521/3538/2521 
f 2518/3534/2518 2517/3533/2517 2500/3504/2500 2503/3503/2503 
f 2518/3541/2518 2503/3543/2503 2510/3520/2510 2523/3542/2523 
f 2523/3542/2523 2524/3544/2524 2525/3545/2525 2521/3538/2521 
f 2523/3542/2523 2510/3520/2510 2512/3519/2512 2524/3544/2524 
f 2513/3527/2513 2514/3546/2514 2526/3547/2526 2498/3528/2498 
f 2509/3529/2509 2527/3548/2527 1862/2584/1862 2514/3530/2514 
f 2509/3529/2509 2506/3549/2506 1843/3550/1843 2527/3548/2527 
f 1846/3551/1846 1856/3552/1856 1858/3553/1858 1842/3554/1842 
f 1846/3555/1846 2528/3556/2528 1857/2574/1857 1856/2573/1856 
f 1846/3555/1846 1845/3557/1845 2529/3558/2529 2528/3556/2528 
f 2530/3559/2530 2531/3560/2531 2522/3561/2522 2532/3562/2532 
f 2530/3559/2530 2493/3563/2493 2533/3564/2533 2531/3560/2531 
f 2530/3565/2530 2534/3566/2534 2494/3493/2494 2493/3492/2493 
f 2530/3565/2530 2532/3567/2532 2535/3568/2535 2534/3566/2534 
f 2536/3569/2536 2537/3570/2537 2538/3571/2538 2519/3535/2519 
f 2536/3569/2536 2539/3572/2539 2540/3573/2540 2537/3570/2537 
f 2536/3574/2536 2531/3575/2531 2533/3576/2533 2539/3577/2539 
f 2536/3574/2536 2519/3540/2519 2522/3539/2522 2531/3575/2531 
f 2498/3497/2498 2526/3578/2526 2505/3579/2505 2499/3498/2499 
f 2514/3530/2514 1862/2584/1862 1861/2583/1861 2526/3580/2526 
f 2526/3581/2526 1861/3582/1861 1844/3583/1844 2505/3584/2505 
f 2541/3585/2541 2542/3586/2542 2543/3587/2543 2544/3588/2544 
f 2541/3589/2541 2545/3590/2545 2546/3591/2546 2542/3592/2542 
f 2541/3589/2541 352/3593/352 348/473/348 2545/3590/2545 
f 2541/3585/2541 2544/3588/2544 350/480/350 352/479/352 
f 2544/3594/2544 2547/3595/2547 351/476/351 350/475/350 
f 2544/3596/2544 2543/3597/2543 2548/3598/2548 2547/3599/2547 
f 2539/3577/2539 2533/3576/2533 2549/3600/2549 2550/3601/2550 
f 2539/3572/2539 2550/3602/2550 2551/3603/2551 2540/3573/2540 
f 2533/3604/2533 2493/3492/2493 2495/3494/2495 2549/3605/2549 
f 2552/3606/2552 2553/3607/2553 2554/3608/2554 2555/3609/2555 
f 2552/3610/2552 2556/3611/2556 2557/3612/2557 2553/3613/2553 
f 2552/3610/2552 2558/3614/2558 2559/3615/2559 2556/3611/2556 
f 2552/3606/2552 2555/3609/2555 2560/3616/2560 2558/3617/2558 
f 2561/3618/2561 2562/3619/2562 107/155/107 109/157/109 
f 2561/3620/2561 2554/3621/2554 2563/3622/2563 2562/3623/2562 
f 2561/3620/2561 2564/3624/2564 2555/3625/2555 2554/3621/2554 
f 2561/3618/2561 109/157/109 2565/3626/2565 2564/3627/2564 
f 109/157/109 103/151/103 102/150/102 2565/3626/2565 
f 2556/3611/2556 2566/3628/2566 2567/3629/2567 2557/3612/2557 
f 2556/3611/2556 2559/3615/2559 2568/3630/2568 2566/3628/2566 
f 2569/3631/2569 2550/3601/2550 2549/3600/2549 2563/3632/2563 
f 2569/3633/2569 2570/3634/2570 2551/3603/2551 2550/3602/2550 
f 2569/3633/2569 2553/3613/2553 2557/3612/2557 2570/3634/2570 
f 2569/3635/2569 2563/3622/2563 2554/3621/2554 2553/3636/2553 
f 2549/3637/2549 2495/3638/2495 2562/3623/2562 2563/3622/2563 
f 2568/3639/2568 2571/3640/2571 2572/3641/2572 2573/3642/2573 
f 2568/3639/2568 2559/3643/2559 2574/3644/2574 2571/3640/2571 
f 2568/3630/2568 2573/3645/2573 2575/3646/2575 2566/3628/2566 
f 2573/3645/2573 2576/3647/2576 2577/3648/2577 2575/3646/2575 
f 2573/3642/2573 2572/3641/2572 2578/3649/2578 2576/3650/2576 
f 2576/3651/2576 2579/3652/2579 2580/3653/2580 2577/3654/2577 
f 2576/3650/2576 2578/3649/2578 2581/3655/2581 2579/3656/2579 
f 2580/3653/2580 2579/3652/2579 2582/3657/2582 2583/3658/2583 
f 2580/3659/2580 2584/3660/2584 2585/3661/2585 2577/3648/2577 
f 2580/3653/2580 2583/3658/2583 2586/3662/2586 2584/3663/2584 
f 2587/3664/2587 2588/3665/2588 2589/3666/2589 2590/3667/2590 
f 2587/3664/2587 2591/3668/2591 2592/3669/2592 2588/3665/2588 
f 2587/3664/2587 1122/1580/1122 1121/1579/1121 2591/3668/2591 
f 2587/3664/2587 2590/3667/2590 2593/3670/2593 1122/1580/1122 
f 2590/3667/2590 2594/3671/2594 2595/3672/2595 2593/3670/2593 
f 2590/3667/2590 2589/3666/2589 2596/3673/2596 2594/3671/2594 
f 2594/3674/2594 2597/3675/2597 2598/3676/2598 2595/3677/2595 
f 2594/3674/2594 2596/3678/2596 2599/3679/2599 2597/3675/2597 
f 2589/3666/2589 2600/3680/2600 2601/3681/2601 2596/3673/2596 
f 2589/3666/2589 2588/3665/2588 2602/3682/2602 2600/3680/2600 
f 2596/3683/2596 2601/3684/2601 2603/3685/2603 2599/3686/2599 
f 2599/3679/2599 2603/3687/2603 2604/3688/2604 2605/3689/2605 
f 2599/3679/2599 2605/3689/2605 2606/3690/2606 2597/3675/2597 
f 2605/3689/2605 2604/3688/2604 2607/3691/2607 2608/3692/2608 
f 2605/3689/2605 2608/3692/2608 2609/3693/2609 2606/3690/2606 
f 2608/3692/2608 2610/3694/2610 2611/3695/2611 2609/3693/2609 
f 2608/3692/2608 2607/3691/2607 2612/3696/2612 2610/3694/2610 
f 2610/3694/2610 2613/3697/2613 2614/3698/2614 2611/3695/2611 
f 2610/3694/2610 2612/3696/2612 2615/3699/2615 2613/3697/2613 
f 2601/3684/2601 2616/3700/2616 2617/3701/2617 2603/3685/2603 
f 2601/3681/2601 2600/3680/2600 2618/3702/2618 2616/3703/2616 
f 2603/3687/2603 2617/3704/2617 2619/3705/2619 2604/3688/2604 
f 2604/3688/2604 2619/3705/2619 2620/3706/2620 2607/3691/2607 
f 2607/3691/2607 2620/3706/2620 2621/3707/2621 2612/3696/2612 
f 2612/3708/2612 2621/3709/2621 2622/3710/2622 2615/3711/2615 
f 2615/3711/2615 2622/3710/2622 2623/3712/2623 216/3713/216 
f 2615/3711/2615 216/3713/216 211/3714/211 2613/3715/2613 
f 216/290/216 2623/3716/2623 2624/3717/2624 214/288/214 
f 2617/3718/2617 2625/3719/2625 2626/3720/2626 2619/3721/2619 
f 2617/3701/2617 2616/3700/2616 2627/3722/2627 2625/3723/2625 
f 2619/3721/2619 2626/3720/2626 2628/3724/2628 2620/3725/2620 
f 2620/3725/2620 2628/3724/2628 2629/3726/2629 2621/3727/2621 
f 2621/3709/2621 2629/3728/2629 2630/3729/2630 2622/3710/2622 
f 2626/3720/2626 2625/3719/2625 2631/3730/2631 2632/3731/2632 
f 2626/3720/2626 2632/3731/2632 2633/3732/2633 2628/3724/2628 
f 2628/3724/2628 2633/3732/2633 2634/3733/2634 2629/3726/2629 
f 2484/3477/2484 2635/3734/2635 2636/3735/2636 2485/3478/2485 
f 2484/3477/2484 2487/3481/2487 1214/1699/1214 2635/3734/2635 
f 2485/3736/2485 2636/3737/2636 2637/3738/2637 2638/3739/2638 
f 2485/3736/2485 2638/3739/2638 2488/3487/2488 2486/3486/2486 
f 2488/3487/2488 2638/3739/2638 2639/3740/2639 2640/3741/2640 
f 2488/3487/2488 2640/3741/2640 2482/3475/2482 2479/3470/2479 
f 2535/3742/2535 2641/3743/2641 2516/3744/2516 2520/3745/2520 
f 2535/3568/2535 2532/3567/2532 2525/3746/2525 2641/3747/2641 
f 2535/3742/2535 2520/3745/2520 2642/3748/2642 2534/3749/2534 
f 198/3750/198 2643/3751/2643 2644/3752/2644 199/3753/199 
f 198/267/198 90/131/90 93/135/93 2643/3754/2643 
f 199/270/199 2644/3755/2644 2645/3756/2645 200/271/200 
f 200/271/200 2645/3756/2645 2646/3757/2646 2647/3758/2647 
f 200/271/200 2647/3758/2647 206/3759/206 201/272/201 
f 2647/3758/2647 2646/3757/2646 2648/3760/2648 2649/3761/2649 
f 2647/3758/2647 2649/3761/2649 175/3762/175 206/3759/206 
f 206/280/206 175/240/175 172/234/172 207/281/207 
f 97/3763/97 135/186/135 134/185/134 98/3764/98 
f 97/3765/97 2492/3491/2492 2491/3490/2491 135/3766/135 
f 97/3765/97 96/145/96 106/154/106 2492/3491/2492 
f 98/3764/98 134/185/134 94/137/94 89/136/89 
f 1840/2552/1840 2650/3767/2650 1834/2546/1834 1833/2545/1833 
f 1840/2552/1840 2651/3768/2651 2652/3769/2652 2650/3767/2650 
f 1840/2552/1840 1838/2550/1838 1941/2694/1941 2651/3768/2651 
f 2650/3767/2650 2652/3769/2652 2653/3770/2653 2654/3771/2654 
f 2650/3767/2650 2654/3771/2654 2655/3772/2655 1834/2546/1834 
f 2654/3773/2654 2653/3774/2653 2656/3775/2656 2657/3776/2657 
f 2654/3773/2654 2657/3776/2657 2658/3777/2658 2655/3778/2655 
f 2652/3769/2652 2651/3768/2651 2659/3779/2659 2660/3780/2660 
f 2652/3769/2652 2660/3780/2660 2661/3781/2661 2653/3770/2653 
f 2653/3774/2653 2661/3782/2661 2662/3783/2662 2656/3775/2656 
f 2418/3353/2418 2417/3352/2417 2663/3784/2663 2664/3785/2664 
f 2418/3353/2418 2664/3785/2664 123/171/123 122/170/122 
f 2664/3785/2664 2663/3784/2663 2665/3786/2665 2666/3787/2666 
f 2664/3785/2664 2666/3787/2666 2667/3788/2667 123/171/123 
f 65/93/65 2668/3789/2668 2669/3790/2669 66/94/66 
f 65/93/65 67/96/67 1177/1662/1177 2668/3789/2668 
f 2670/3791/2670 2671/3792/2671 2672/3793/2672 270/3794/270 
f 2670/3791/2670 2494/3493/2494 2534/3566/2534 2671/3792/2671 
f 2670/3791/2670 2491/3490/2491 2490/3489/2490 2494/3493/2494 
f 2670/3791/2670 270/3794/270 135/3766/135 2491/3490/2491 
f 120/168/120 119/167/119 121/169/121 186/3795/186 
f 120/3796/120 192/261/192 2673/3797/2673 118/3798/118 
f 120/3796/120 186/254/186 185/253/185 192/261/192 
f 186/3795/186 121/169/121 2667/3788/2667 184/3799/184 
f 184/3799/184 2667/3788/2667 2666/3787/2666 182/3800/182 
f 2674/3801/2674 2675/3802/2675 2676/3803/2676 2677/3804/2677 
f 2674/3805/2674 2678/3806/2678 2679/3807/2679 2675/3808/2675 
f 2674/3801/2674 2680/3809/2680 2627/3810/2627 2678/3811/2678 
f 2674/3801/2674 2677/3804/2677 2681/3812/2681 2680/3809/2680 
f 2682/3813/2682 2602/3682/2602 2683/3814/2683 2684/3815/2684 
f 2682/3813/2682 2618/3702/2618 2600/3680/2600 2602/3682/2602 
f 2682/3813/2682 2679/3807/2679 2678/3806/2678 2618/3702/2618 
f 2682/3813/2682 2684/3815/2684 2685/3816/2685 2679/3807/2679 
f 2679/3807/2679 2685/3816/2685 2686/3817/2686 2675/3808/2675 
f 2592/3669/2592 2591/3668/2591 2687/3818/2687 2688/3819/2688 
f 2592/3669/2592 2683/3814/2683 2602/3682/2602 2588/3665/2588 
f 2592/3669/2592 2688/3819/2688 2689/3820/2689 2683/3814/2683 
f 2683/3814/2683 2689/3820/2689 2690/3821/2690 2684/3815/2684 
f 2684/3815/2684 2690/3821/2690 2691/3822/2691 2685/3816/2685 
f 2685/3823/2685 2691/3824/2691 2692/3825/2692 2686/3826/2686 
f 2687/3818/2687 2693/3827/2693 2694/3828/2694 2688/3819/2688 
f 2687/3818/2687 1120/1578/1120 2695/3829/2695 2693/3827/2693 
f 2687/3818/2687 2591/3668/2591 1121/1579/1121 1120/1578/1120 
f 2688/3819/2688 2694/3828/2694 2696/3830/2696 2689/3820/2689 
f 2689/3820/2689 2696/3830/2696 2697/3831/2697 2690/3821/2690 
f 2690/3821/2690 2697/3831/2697 2698/3832/2698 2691/3822/2691 
f 2694/3828/2694 2699/3833/2699 2700/3834/2700 2696/3830/2696 
f 2694/3828/2694 2693/3827/2693 2701/3835/2701 2699/3833/2699 
f 2696/3830/2696 2700/3834/2700 2702/3836/2702 2697/3831/2697 
f 2697/3831/2697 2702/3836/2702 2703/3837/2703 2698/3832/2698 
f 2700/3834/2700 2704/3838/2704 2705/3839/2705 2702/3836/2702 
f 2700/3834/2700 2699/3833/2699 2706/3840/2706 2704/3838/2704 
f 2707/3841/2707 2708/3842/2708 2704/3838/2704 2709/3843/2709 
f 2707/3841/2707 2425/3364/2425 2710/3844/2710 2708/3842/2708 
f 2707/3841/2707 2711/3845/2711 2470/3846/2470 2425/3364/2425 
f 2707/3841/2707 2709/3843/2709 2712/3847/2712 2711/3845/2711 
f 2711/3848/2711 1911/2646/1911 2469/3457/2469 2470/3458/2470 
f 2711/3848/2711 2712/3849/2712 1886/2647/1886 1911/2646/1911 
f 2424/3361/2424 2425/3364/2425 2470/3846/2470 2467/3850/2467 
f 2708/3842/2708 2710/3844/2710 2713/3851/2713 2714/3852/2714 
f 2708/3842/2708 2714/3852/2714 2705/3839/2705 2704/3838/2704 
f 2710/3844/2710 2480/3472/2480 2715/3853/2715 2713/3851/2713 
f 2710/3844/2710 2425/3364/2425 2421/3356/2421 2480/3472/2480 
f 225/299/225 2716/3854/2716 2717/3855/2717 2718/3856/2718 
f 225/299/225 220/294/220 2719/3857/2719 2716/3854/2716 
f 225/299/225 2718/3856/2718 224/298/224 223/297/223 
f 2716/3854/2716 2719/3857/2719 2720/3858/2720 2721/3859/2721 
f 2716/3854/2716 2721/3859/2721 1119/1577/1119 2717/3855/2717 
f 2721/3859/2721 2720/3858/2720 2722/3860/2722 2695/3829/2695 
f 2721/3859/2721 2695/3829/2695 1120/1578/1120 1119/1577/1119 
f 220/294/220 219/293/219 2723/3861/2723 2719/3857/2719 
f 2719/3857/2719 2723/3861/2723 2724/3862/2724 2720/3858/2720 
f 219/293/219 231/311/231 2725/3863/2725 2723/3861/2723 
f 2723/3861/2723 2725/3863/2725 2726/3864/2726 2724/3862/2724 
f 231/3865/231 238/3866/238 246/3867/246 2725/3868/2725 
f 2727/3869/2727 2728/3870/2728 2729/3871/2729 2730/3872/2730 
f 2727/3873/2727 2714/3852/2714 2713/3851/2713 2728/3874/2728 
f 2727/3873/2727 2731/3875/2731 2705/3839/2705 2714/3852/2714 
f 2727/3869/2727 2730/3872/2730 2732/3876/2732 2731/3877/2731 
f 2730/3878/2730 2729/3879/2729 2733/3880/2733 2734/3881/2734 
f 2730/3878/2730 2734/3881/2734 2735/3882/2735 2732/3883/2732 
f 2734/3881/2734 2733/3880/2733 191/260/191 2736/3884/2736 
f 2734/3881/2734 2736/3884/2736 2737/3885/2737 2735/3882/2735 
f 2736/3884/2736 191/260/191 178/243/178 177/242/177 
f 2736/3884/2736 177/242/177 181/246/181 2737/3885/2737 
f 2729/3871/2729 2728/3870/2728 2738/3886/2738 2739/3887/2739 
f 2729/3879/2729 2739/3888/2739 2740/3889/2740 2733/3880/2733 
f 2733/3880/2733 2740/3889/2740 188/257/188 191/260/191 
f 2740/3889/2740 2739/3888/2739 82/120/82 85/125/85 
f 2740/3889/2740 85/125/85 189/258/189 188/257/188 
f 2725/3868/2725 246/3867/246 1896/3890/1896 2726/3891/2726 
f 2726/3891/2726 1896/3890/1896 1888/3892/1888 2741/3893/2741 
f 2726/3864/2726 2741/3894/2741 2742/3895/2742 2724/3862/2724 
f 2724/3862/2724 2742/3895/2742 2722/3860/2722 2720/3858/2720 
f 2742/3895/2742 2743/3896/2743 2701/3835/2701 2722/3860/2722 
f 2742/3895/2742 2741/3894/2741 2744/3897/2744 2743/3896/2743 
f 2722/3860/2722 2701/3835/2701 2693/3827/2693 2695/3829/2695 
f 2743/3896/2743 2706/3840/2706 2699/3833/2699 2701/3835/2701 
f 2743/3896/2743 2744/3897/2744 2745/3898/2745 2706/3840/2706 
f 2706/3840/2706 2745/3898/2745 2709/3843/2709 2704/3838/2704 
f 2746/3899/2746 2747/3900/2747 2748/3901/2748 2749/3902/2749 
f 2746/3899/2746 2750/3903/2750 2751/3904/2751 2747/3900/2747 
f 2746/3899/2746 2752/3905/2752 2753/3906/2753 2750/3903/2750 
f 2746/3899/2746 2749/3902/2749 2754/3907/2754 2752/3905/2752 
f 2752/3905/2752 2755/3908/2755 2756/3909/2756 2753/3906/2753 
f 2752/3910/2752 2754/3911/2754 2757/3912/2757 2755/3913/2755 
f 2749/3902/2749 2758/3914/2758 2759/3915/2759 2754/3907/2754 
f 2749/3902/2749 2748/3901/2748 2760/3916/2760 2758/3914/2758 
f 2754/3917/2754 2759/3918/2759 2761/3919/2761 2757/3920/2757 
f 2758/3914/2758 2762/3921/2762 2763/3922/2763 2759/3915/2759 
f 2758/3914/2758 2760/3916/2760 2764/3923/2764 2762/3921/2762 
f 2759/3918/2759 2763/3924/2763 2765/3925/2765 2761/3919/2761 
f 2761/3926/2761 2765/3927/2765 2766/3928/2766 2767/3929/2767 
f 2761/3926/2761 2767/3929/2767 2768/3930/2768 2757/3931/2757 
f 2764/3932/2764 2769/3933/2769 366/500/366 369/505/369 
f 2764/3932/2764 2760/3934/2760 2770/3935/2770 2769/3933/2769 
f 2764/3923/2764 369/3936/369 2771/3937/2771 2762/3921/2762 
f 2762/3921/2762 2771/3937/2771 2772/3938/2772 2763/3922/2763 
f 2763/3924/2763 2772/3939/2772 2773/3940/2773 2765/3925/2765 
f 2765/3925/2765 2773/3940/2773 2774/3941/2774 2766/3942/2766 
f 2766/3928/2766 2775/3943/2775 2776/3944/2776 2767/3929/2767 
f 2766/3928/2766 2774/3945/2774 2777/3946/2777 2775/3943/2775 
f 369/3947/369 368/3948/368 2778/3949/2778 2771/3950/2771 
f 2771/3937/2771 2778/3951/2778 2779/3952/2779 2772/3938/2772 
f 133/184/133 144/198/144 92/134/92 94/137/94 
f 143/197/143 148/202/148 2780/3953/2780 144/198/144 
f 144/198/144 2780/3953/2780 93/135/93 92/134/92 
f 2751/3904/2751 1172/3954/1172 2781/3955/2781 2747/3900/2747 
f 2751/3904/2751 2782/3956/2782 1170/3957/1170 1172/3954/1172 
f 2751/3904/2751 2750/3903/2750 2783/3958/2783 2782/3956/2782 
f 2750/3903/2750 2753/3906/2753 2784/3959/2784 2783/3958/2783 
f 2747/3900/2747 2781/3955/2781 2785/3960/2785 2748/3901/2748 
f 2748/3961/2748 2785/3962/2785 2770/3935/2770 2760/3934/2760 
f 2715/3853/2715 2738/3963/2738 2728/3874/2728 2713/3851/2713 
f 2715/3853/2715 81/117/81 80/116/80 2738/3963/2738 
f 2715/3853/2715 2480/3472/2480 78/113/78 81/117/81 
f 80/121/80 82/120/82 2739/3888/2739 2738/3964/2738 
f 85/125/85 84/124/84 2786/3965/2786 189/258/189 
f 189/258/189 2786/3965/2786 2787/3966/2787 190/259/190 
f 1853/2585/1853 1862/2584/1862 2527/3548/2527 1858/3553/1858 
f 1858/3553/1858 2527/3548/2527 1843/3550/1843 1842/3554/1842 
f 2788/3967/2788 2789/3968/2789 2790/3969/2790 2791/3970/2791 
f 2788/3967/2788 2792/3971/2792 2793/3972/2793 2789/3968/2789 
f 2788/3967/2788 2794/3973/2794 2795/3974/2795 2792/3971/2792 
f 2788/3967/2788 2791/3970/2791 2796/3975/2796 2794/3973/2794 
f 2414/3347/2414 2797/3976/2797 2798/3977/2798 2412/3343/2412 
f 2414/3347/2414 2182/3978/2182 2799/3979/2799 2797/3976/2797 
f 2414/3980/2414 2413/3981/2413 2179/3982/2179 2182/3983/2182 
f 2797/3976/2797 2799/3979/2799 2800/3984/2800 2795/3974/2795 
f 2797/3976/2797 2795/3974/2795 2794/3973/2794 2798/3977/2798 
f 2795/3974/2795 2800/3984/2800 2055/3985/2055 2792/3971/2792 
f 2182/3986/2182 2162/2943/2162 2138/2916/2138 2799/3987/2799 
f 2799/3987/2799 2138/2916/2138 2054/2813/2054 2800/3988/2800 
f 2801/3989/2801 2802/3990/2802 2436/3991/2436 2803/3992/2803 
f 2801/3989/2801 1231/1720/1231 1230/1719/1230 2802/3990/2802 
f 2801/3989/2801 2804/3993/2804 2805/3994/2805 1231/1720/1231 
f 2801/3989/2801 2803/3992/2803 2806/3995/2806 2804/3993/2804 
f 156/3996/156 155/3997/155 157/3998/157 171/239/171 
f 156/3996/156 171/239/171 174/238/174 2447/3999/2447 
f 2807/4000/2807 2808/4001/2808 2809/4002/2809 2810/4003/2810 
f 2807/4000/2807 2811/4004/2811 2812/4005/2812 2808/4001/2808 
f 2807/4006/2807 2813/4007/2813 2814/4008/2814 2811/4009/2811 
f 2807/4010/2807 2810/4011/2810 2815/4012/2815 2813/4013/2813 
f 2810/4003/2810 2809/4002/2809 2816/4014/2816 2817/4015/2817 
f 2810/4011/2810 2817/4016/2817 2818/4017/2818 2815/4012/2815 
f 2817/4015/2817 2816/4014/2816 2819/4018/2819 2820/4019/2820 
f 2817/4016/2817 2820/4020/2820 2821/4021/2821 2818/4017/2818 
f 2820/4019/2820 2819/4018/2819 2822/4022/2822 2823/4023/2823 
f 2820/4020/2820 2823/4024/2823 2824/4025/2824 2821/4021/2821 
f 2823/4024/2823 2825/4026/2825 2826/4027/2826 2824/4025/2824 
f 2823/4023/2823 2822/4022/2822 2827/4028/2827 2825/4029/2825 
f 2825/4026/2825 2828/4030/2828 2829/4031/2829 2826/4027/2826 
f 2825/4029/2825 2827/4028/2827 2830/4032/2830 2828/4033/2828 
f 2828/4030/2828 2831/4034/2831 2832/4035/2832 2829/4031/2829 
f 2828/4033/2828 2830/4032/2830 2833/4036/2833 2831/4037/2831 
f 2831/4034/2831 2834/4038/2834 2835/4039/2835 2832/4035/2832 
f 2831/4037/2831 2833/4036/2833 2836/4040/2836 2834/4041/2834 
f 2834/4038/2834 2837/4042/2837 2838/4043/2838 2835/4039/2835 
f 2834/4041/2834 2836/4040/2836 2839/4044/2839 2837/4045/2837 
f 2837/4042/2837 2840/4046/2840 2841/4047/2841 2838/4043/2838 
f 2837/4045/2837 2839/4044/2839 2842/4048/2842 2840/4049/2840 
f 2840/4046/2840 2843/4050/2843 2844/4051/2844 2841/4047/2841 
f 2840/4049/2840 2842/4048/2842 2845/4052/2845 2843/4053/2843 
f 2843/4050/2843 2846/4054/2846 2847/4055/2847 2844/4051/2844 
f 2843/4053/2843 2845/4052/2845 2848/4056/2848 2846/4057/2846 
f 2846/4054/2846 2849/4058/2849 2850/4059/2850 2847/4055/2847 
f 2846/4057/2846 2848/4056/2848 2851/4060/2851 2849/4061/2849 
f 2849/4058/2849 2852/4062/2852 2853/4063/2853 2850/4059/2850 
f 2849/4061/2849 2851/4060/2851 2854/4064/2854 2852/4065/2852 
f 2852/4066/2852 2855/4067/2855 2856/4068/2856 2853/4069/2853 
f 2852/4065/2852 2854/4064/2854 2857/4070/2857 2855/4071/2855 
f 2855/4067/2855 2858/4072/2858 2859/4073/2859 2856/4068/2856 
f 2855/4071/2855 2857/4070/2857 2860/4074/2860 2858/4075/2858 
f 2858/4072/2858 2861/4076/2861 2862/4077/2862 2859/4073/2859 
f 2858/4072/2858 2860/4078/2860 2863/4079/2863 2861/4076/2861 
f 2861/4076/2861 2864/4080/2864 2865/4081/2865 2862/4077/2862 
f 2861/4076/2861 2863/4079/2863 2866/4082/2866 2864/4080/2864 
f 2864/4080/2864 2867/4083/2867 2868/4084/2868 2865/4081/2865 
f 2864/4080/2864 2866/4082/2866 2869/4085/2869 2867/4083/2867 
f 2867/4083/2867 2870/4086/2870 2871/4087/2871 2868/4084/2868 
f 2867/4083/2867 2869/4085/2869 2872/4088/2872 2870/4086/2870 
f 2870/4086/2870 2873/4089/2873 2874/4090/2874 2871/4087/2871 
f 2870/4086/2870 2872/4088/2872 2875/4091/2875 2873/4089/2873 
f 2873/4089/2873 2876/4092/2876 2877/4093/2877 2874/4090/2874 
f 2873/4089/2873 2875/4091/2875 2878/4094/2878 2876/4092/2876 
f 2808/4001/2808 386/528/386 385/527/385 2809/4002/2809 
f 2808/4001/2808 2812/4005/2812 391/533/391 386/528/386 
f 2809/4002/2809 385/527/385 393/535/393 2816/4014/2816 
f 2816/4014/2816 393/535/393 396/538/396 2819/4018/2819 
f 2819/4018/2819 396/538/396 399/541/399 2822/4022/2822 
f 2822/4022/2822 399/541/399 402/544/402 2827/4028/2827 
f 2827/4028/2827 402/544/402 405/547/405 2830/4032/2830 
f 2830/4032/2830 405/547/405 408/550/408 2833/4036/2833 
f 2833/4036/2833 408/550/408 411/553/411 2836/4040/2836 
f 2836/4040/2836 411/553/411 414/556/414 2839/4044/2839 
f 2839/4044/2839 414/556/414 417/559/417 2842/4048/2842 
f 2842/4048/2842 417/559/417 420/562/420 2845/4052/2845 
f 2845/4052/2845 420/562/420 423/565/423 2848/4056/2848 
f 2848/4056/2848 423/565/423 426/568/426 2851/4060/2851 
f 2851/4060/2851 426/568/426 429/571/429 2854/4064/2854 
f 2854/4064/2854 429/571/429 432/574/432 2857/4070/2857 
f 2857/4070/2857 432/574/432 435/577/435 2860/4074/2860 
f 2860/4074/2860 435/577/435 438/580/438 2863/4095/2863 
f 2863/4095/2863 438/580/438 441/583/441 2866/4096/2866 
f 2866/4096/2866 441/583/441 444/586/444 2869/4097/2869 
f 2869/4097/2869 444/586/444 447/589/447 2872/4098/2872 
f 2872/4099/2872 447/596/447 450/595/450 2875/4100/2875 
f 2875/4100/2875 450/595/450 453/4101/453 2878/4102/2878 
f 2878/4102/2878 453/4101/453 456/610/456 2879/4103/2879 
f 2878/4094/2878 2879/4104/2879 2880/4105/2880 2876/4092/2876 
f 2879/4103/2879 456/610/456 459/609/459 2881/4106/2881 
f 2879/4104/2879 2881/4107/2881 2882/4108/2882 2880/4105/2880 
f 2881/4109/2881 459/4110/459 462/4111/462 2883/4112/2883 
f 2881/4109/2881 2883/4112/2883 2884/4113/2884 2882/4114/2882 
f 2883/4112/2883 462/4111/462 465/4115/465 2885/4116/2885 
f 2883/4112/2883 2885/4116/2885 2886/4117/2886 2884/4113/2884 
f 2885/4118/2885 465/624/465 468/623/468 2887/4119/2887 
f 2885/4116/2885 2887/4120/2887 2888/4121/2888 2886/4117/2886 
f 2887/4119/2887 468/623/468 471/4122/471 2889/4123/2889 
f 2887/4124/2887 2889/4125/2889 2890/4126/2890 2888/4127/2888 
f 2889/4123/2889 471/4122/471 474/4128/474 2891/4129/2891 
f 2889/4125/2889 2891/4130/2891 2892/4131/2892 2890/4126/2890 
f 2891/4132/2891 474/4133/474 477/4134/477 2893/4135/2893 
f 2891/4132/2891 2893/4135/2893 2894/4136/2894 2892/4137/2892 
f 2893/4138/2893 477/4139/477 480/4140/480 2895/4141/2895 
f 2893/4135/2893 2895/4142/2895 2896/4143/2896 2894/4136/2894 
f 2895/4141/2895 480/4140/480 483/4144/483 2897/4145/2897 
f 2895/4142/2895 2897/4146/2897 2898/4147/2898 2896/4143/2896 
f 2897/4148/2897 483/4149/483 486/4150/486 2899/4151/2899 
f 2897/4152/2897 2899/4153/2899 2900/4154/2900 2898/4155/2898 
f 2899/4151/2899 486/4150/486 489/4156/489 2901/4157/2901 
f 2899/4153/2899 2901/4158/2901 2902/4159/2902 2900/4154/2900 
f 2901/4157/2901 489/4156/489 492/4160/492 2903/4161/2903 
f 2901/4157/2901 2903/4161/2903 2904/4162/2904 2902/4163/2902 
f 2903/4161/2903 492/4160/492 495/4164/495 2905/4165/2905 
f 2903/4166/2903 2905/4167/2905 2906/4168/2906 2904/4169/2904 
f 2905/4165/2905 495/4164/495 498/4170/498 2907/4171/2907 
f 2905/4167/2905 2907/4172/2907 2908/4173/2908 2906/4168/2906 
f 2907/4171/2907 498/4170/498 501/4174/501 2909/4175/2909 
f 2907/4171/2907 2909/4175/2909 2910/4176/2910 2908/4177/2908 
f 2909/4175/2909 501/4174/501 504/4178/504 2911/4179/2911 
f 2909/4180/2909 2911/4181/2911 2912/4182/2912 2910/4183/2910 
f 2911/4184/2911 504/662/504 507/665/507 2913/4185/2913 
f 2911/4181/2911 2913/4186/2913 2914/4187/2914 2912/4182/2912 
f 2913/4188/2913 507/4189/507 510/4190/510 2915/4191/2915 
f 2913/4186/2913 2915/4192/2915 2916/4193/2916 2914/4187/2914 
f 2915/4192/2915 2917/4194/2917 2918/4195/2918 2916/4193/2916 
f 2915/4192/2915 510/4196/510 513/4197/513 2917/4194/2917 
f 2917/4194/2917 2919/4198/2919 2920/4199/2920 2918/4195/2918 
f 2917/4194/2917 513/4197/513 516/4200/516 2919/4198/2919 
f 2919/4198/2919 2921/4201/2921 2922/4202/2922 2920/4199/2920 
f 2919/4198/2919 516/4200/516 519/682/519 2921/4201/2921 
f 2921/4201/2921 2923/4203/2923 2924/4204/2924 2922/4202/2922 
f 2921/4201/2921 519/682/519 522/681/522 2923/4203/2923 
f 2923/4203/2923 2925/4205/2925 2926/4206/2926 2924/4204/2924 
f 2923/4203/2923 522/681/522 525/4207/525 2925/4205/2925 
f 2925/4205/2925 2927/4208/2927 2928/4209/2928 2926/4206/2926 
f 2925/4205/2925 525/4207/525 528/698/528 2927/4208/2927 
f 2927/4208/2927 2929/4210/2929 2930/4211/2930 2928/4209/2928 
f 2927/4208/2927 528/698/528 531/697/531 2929/4210/2929 
f 2929/4210/2929 2931/4212/2931 2932/4213/2932 2930/4211/2930 
f 2929/4210/2929 531/697/531 535/704/535 2931/4212/2931 
f 2931/4212/2931 2933/4214/2933 2934/4215/2934 2932/4213/2932 
f 2931/4212/2931 535/704/535 538/708/538 2933/4214/2933 
f 2933/4214/2933 2935/4216/2935 2936/4217/2936 2934/4215/2934 
f 2933/4214/2933 538/708/538 541/712/541 2935/4216/2935 
f 2935/4216/2935 2937/4218/2937 2938/4219/2938 2936/4217/2936 
f 2935/4216/2935 541/712/541 544/716/544 2937/4218/2937 
f 2937/4218/2937 2939/4220/2939 2940/4221/2940 2938/4219/2938 
f 2937/4218/2937 544/716/544 547/720/547 2939/4220/2939 
f 2939/4220/2939 2941/4222/2941 2942/4223/2942 2940/4221/2940 
f 2939/4220/2939 547/720/547 550/724/550 2941/4222/2941 
f 2941/4222/2941 2943/4224/2943 2944/4225/2944 2942/4223/2942 
f 2941/4222/2941 550/724/550 553/728/553 2943/4224/2943 
f 2943/4224/2943 2945/4226/2945 2946/4227/2946 2944/4225/2944 
f 2943/4224/2943 553/728/553 556/734/556 2945/4226/2945 
f 2945/4226/2945 2947/4228/2947 2948/4229/2948 2946/4227/2946 
f 2945/4226/2945 556/734/556 559/740/559 2947/4228/2947 
f 2947/4228/2947 2949/4230/2949 2950/4231/2950 2948/4229/2948 
f 2947/4228/2947 559/740/559 562/746/562 2949/4230/2949 
f 2949/4230/2949 2951/4232/2951 2952/4233/2952 2950/4231/2950 
f 2949/4230/2949 562/746/562 565/750/565 2951/4232/2951 
f 565/750/565 568/754/568 2953/4234/2953 2951/4232/2951 
f 568/754/568 571/758/571 2954/4235/2954 2953/4234/2953 
f 571/758/571 574/762/574 2955/4236/2955 2954/4235/2954 
f 574/762/574 577/766/577 2956/4237/2956 2955/4236/2955 
f 577/766/577 580/770/580 2957/4238/2957 2956/4237/2956 
f 580/770/580 583/4239/583 2958/4240/2958 2957/4238/2957 
f 583/4239/583 586/4241/586 2959/4242/2959 2958/4240/2958 
f 586/4241/586 589/4243/589 2960/4244/2960 2959/4242/2959 
f 589/4243/589 592/789/592 2961/4245/2961 2960/4244/2960 
f 592/789/592 595/788/595 2962/4246/2962 2961/4245/2961 
f 595/788/595 598/4247/598 2963/4248/2963 2962/4246/2962 
f 598/799/598 601/798/601 2964/4249/2964 2963/4250/2963 
f 601/4251/601 604/809/604 2965/4252/2965 2964/4253/2964 
f 604/809/604 607/808/607 2966/4254/2966 2965/4252/2965 
f 607/808/607 610/812/610 2967/4255/2967 2966/4254/2966 
f 610/812/610 613/815/613 2968/4256/2968 2967/4255/2967 
f 613/815/613 616/818/616 2969/4257/2969 2968/4256/2968 
f 616/818/616 619/821/619 2970/4258/2970 2969/4257/2969 
f 619/821/619 622/824/622 2971/4259/2971 2970/4258/2970 
f 622/824/622 625/827/625 2972/4260/2972 2971/4259/2971 
f 625/827/625 628/830/628 2973/4261/2973 2972/4260/2972 
f 628/830/628 631/833/631 2974/4262/2974 2973/4261/2973 
f 631/833/631 634/836/634 2975/4263/2975 2974/4262/2974 
f 634/836/634 637/839/637 2976/4264/2976 2975/4263/2975 
f 637/839/637 640/845/640 2977/4265/2977 2976/4264/2976 
f 640/845/640 643/849/643 2978/4266/2978 2977/4265/2977 
f 643/849/643 646/853/646 2979/4267/2979 2978/4266/2978 
f 646/4268/646 649/4269/649 2980/4270/2980 2979/4271/2979 
f 649/865/649 652/864/652 2981/4272/2981 2980/4273/2980 
f 652/864/652 655/871/655 2982/4274/2982 2981/4272/2981 
f 655/877/655 658/876/658 2983/4275/2983 2982/4276/2982 
f 658/4277/658 661/4278/661 2984/4279/2984 2983/4280/2983 
f 661/4278/661 664/4281/664 2985/4282/2985 2984/4279/2984 
f 664/885/664 667/889/667 2986/4283/2986 2985/4284/2985 
f 667/4285/667 670/4286/670 2987/4287/2987 2986/4288/2986 
f 670/4289/670 673/4290/673 2988/4291/2988 2987/4292/2987 
f 673/896/673 676/899/676 2989/4293/2989 2988/4294/2988 
f 2436/3991/2436 2802/3990/2802 2403/3326/2403 2433/3403/2433 
f 2436/3991/2436 2435/4295/2435 2990/4296/2990 2803/3992/2803 
f 2802/3990/2802 1230/1719/1230 1233/1723/1233 2403/3326/2403 
f 2991/4297/2991 2992/4298/2992 2993/4299/2993 2994/4300/2994 
f 2991/4297/2991 2995/4301/2995 2996/4302/2996 2992/4298/2992 
f 2991/4297/2991 2997/4303/2997 2998/4304/2998 2995/4301/2995 
f 2991/4297/2991 2994/4300/2994 2999/4305/2999 2997/4303/2997 
f 2997/4303/2997 2999/4305/2999 3000/4306/3000 3001/4307/3001 
f 2997/4303/2997 3001/4307/3001 3002/4308/3002 2998/4304/2998 
f 3001/4307/3001 3000/4306/3000 210/284/210 209/283/209 
f 3001/4307/3001 209/283/209 213/287/213 3002/4308/3002 
f 1510/2084/1510 1600/4309/1600 3003/4310/3003 1513/2087/1513 
f 1513/2087/1513 3003/4310/3003 3004/4311/3004 1516/2090/1516 
f 1516/2090/1516 3004/4311/3004 3005/4312/3005 1519/2093/1519 
f 1519/2093/1519 3005/4312/3005 1154/1622/1154 1153/1621/1153 
f 1596/2203/1596 1669/2326/1669 3006/4313/3006 1597/2204/1597 
f 1597/2204/1597 3006/4313/3006 3007/4314/3007 1598/2206/1598 
f 1598/4315/1598 3007/4316/3007 3008/4317/3008 1599/4318/1599 
f 1599/4318/1599 3008/4317/3008 3009/4319/3009 1600/4320/1600 
f 1600/2210/1600 3009/4321/3009 3010/4322/3010 3003/4323/3003 
f 3003/4324/3003 3010/4325/3010 2473/3462/2473 3004/4326/3004 
f 3004/4326/3004 2473/3462/2473 336/461/336 3005/4327/3005 
f 3005/4312/3005 336/4328/336 331/4329/331 1154/1622/1154 
f 1665/2320/1665 1725/2400/1725 3011/4330/3011 1666/2321/1666 
f 1666/2321/1666 3011/4330/3011 3012/4331/3012 1667/2322/1667 
f 1667/2322/1667 3012/4331/3012 3013/4332/3013 1668/2323/1668 
f 1668/4333/1668 3013/4334/3013 3014/4335/3014 1669/4336/1669 
f 1669/4336/1669 3014/4335/3014 3015/4337/3015 3006/4338/3006 
f 3006/4338/3006 3015/4337/3015 3016/4339/3016 3007/4316/3007 
f 3007/4316/3007 3016/4339/3016 3017/4340/3017 3008/4317/3008 
f 3008/4317/3008 3017/4340/3017 3018/4341/3018 3009/4319/3009 
f 3009/4319/3009 3018/4341/3018 2477/3466/2477 3010/4325/3010 
f 3010/4325/3010 2477/3466/2477 2471/3460/2471 2473/3462/2473 
f 1721/2458/1721 1768/2457/1768 3019/4342/3019 1722/4343/1722 
f 1722/4343/1722 3019/4342/3019 3020/4344/3020 1723/4345/1723 
f 1723/4345/1723 3020/4344/3020 3021/4346/3021 1724/4347/1724 
f 1724/4347/1724 3021/4346/3021 3022/4348/3022 1725/4349/1725 
f 1725/4350/1725 3022/4351/3022 3023/4352/3023 3011/4353/3011 
f 3011/4353/3011 3023/4352/3023 3024/4354/3024 3012/4355/3012 
f 3012/4355/3012 3024/4354/3024 3025/4356/3025 3013/4334/3013 
f 3013/4334/3013 3025/4356/3025 3026/4357/3026 3014/4335/3014 
f 3014/4335/3014 3026/4357/3026 3027/4358/3027 3015/4337/3015 
f 1765/2451/1765 1800/2509/1800 3028/4359/3028 1766/2453/1766 
f 1766/2453/1766 3028/4359/3028 3029/4360/3029 1767/2455/1767 
f 1767/4361/1767 3029/4362/3029 3030/4363/3030 1768/4364/1768 
f 1768/2457/1768 3030/4365/3030 3031/4366/3031 3019/4342/3019 
f 3019/4342/3019 3031/4366/3031 3032/4367/3032 3020/4344/3020 
f 1796/2502/1796 1819/2531/1819 3033/4368/3033 1797/2504/1797 
f 1797/4369/1797 3033/4370/3033 3034/4371/3034 1798/4372/1798 
f 1798/4372/1798 3034/4371/3034 3035/4373/3035 1799/4374/1799 
f 1815/2527/1815 1826/2538/1826 3036/4375/3036 1816/2528/1816 
f 3037/4376/3037 3038/4377/3038 3039/4378/3039 3040/4379/3040 
f 3037/4376/3037 3041/4380/3041 3042/4381/3042 3038/4377/3038 
f 3037/4376/3037 3043/4382/3043 2448/3411/2448 3041/4380/3041 
f 3037/4376/3037 3040/4379/3040 3044/4383/3044 3043/4382/3043 
f 3040/4379/3040 3039/4378/3039 3045/4384/3045 3046/4385/3046 
f 3040/4379/3040 3046/4385/3046 3047/4386/3047 3044/4383/3044 
f 3046/4385/3046 3045/4384/3045 3048/4387/3048 3049/4388/3049 
f 3046/4385/3046 3049/4388/3049 3050/4389/3050 3047/4386/3047 
f 3047/4390/3047 3050/4391/3050 1832/2544/1832 3051/4392/3051 
f 3047/4386/3047 3051/4393/3051 2454/3420/2454 3044/4383/3044 
f 3049/4394/3049 3052/4395/3052 3053/4396/3053 3050/4391/3050 
f 3049/4394/3049 3048/4397/3048 3054/4398/3054 3052/4395/3052 
f 3050/4391/3050 3053/4396/3053 1828/2540/1828 1832/2544/1832 
f 228/309/228 230/308/230 1923/2667/1923 236/2666/236 
f 221/307/221 224/4399/224 3055/4400/3055 230/308/230 
f 230/308/230 3055/4400/3055 1936/4401/1936 1923/2667/1923 
f 224/298/224 2718/3856/2718 3056/4402/3056 3055/4403/3055 
f 3055/4400/3055 3056/4404/3056 1943/4405/1943 1936/4401/1936 
f 3056/4402/3056 3057/4406/3057 1116/1574/1116 1943/2696/1943 
f 3056/4402/3056 2718/3856/2718 2717/3855/2717 3057/4406/3057 
f 1116/1574/1116 3057/4406/3057 1114/1572/1114 1113/1571/1113 
f 3058/4407/3058 3059/4408/3059 3060/4409/3060 3061/4410/3061 
f 3058/4407/3058 3062/4411/3062 3063/4412/3063 3059/4408/3059 
f 3058/4413/3058 3064/4414/3064 1849/4415/1849 3062/4416/3062 
f 3058/4417/3058 3061/4418/3061 3065/4419/3065 3064/4420/3064 
f 1837/2549/1837 3066/4421/3066 3067/4422/3067 1940/2693/1940 
f 1837/2549/1837 1836/2548/1836 3068/4423/3068 3066/4421/3066 
f 3066/4421/3066 3068/4423/3068 3069/4424/3069 3070/4425/3070 
f 3066/4421/3066 3070/4425/3070 2437/3390/2437 3067/4422/3067 
f 1227/4426/1227 1220/4427/1220 2487/3481/2487 1228/3480/1228 
f 1227/1721/1227 1231/1720/1231 1218/1705/1218 1220/1708/1220 
f 3071/4428/3071 3072/4429/3072 3073/4430/3073 3074/4431/3074 
f 3071/4428/3071 3075/4432/3075 3076/4433/3076 3072/4429/3072 
f 3071/4428/3071 3077/4434/3077 3078/4435/3078 3075/4432/3075 
f 3071/4428/3071 3074/4431/3074 3079/4436/3079 3077/4434/3077 
f 3074/4437/3074 3073/4438/3073 3080/4439/3080 3081/4440/3081 
f 3074/4431/3074 3081/4441/3081 3082/4442/3082 3079/4436/3079 
f 3081/4440/3081 3080/4439/3080 3083/4443/3083 3084/4444/3084 
f 3081/4440/3081 3084/4444/3084 3085/4445/3085 3082/4446/3082 
f 3084/4444/3084 3083/4443/3083 3086/4447/3086 3087/4448/3087 
f 3084/4444/3084 3087/4448/3087 3088/4449/3088 3085/4445/3085 
f 3087/4448/3087 3086/4447/3086 3089/4450/3089 3090/4451/3090 
f 3087/4448/3087 3090/4451/3090 3091/4452/3091 3088/4449/3088 
f 3090/4453/3090 3089/4454/3089 3092/4455/3092 3093/4456/3093 
f 3090/4451/3090 3093/4457/3093 3094/4458/3094 3091/4452/3091 
f 3072/4429/3072 3095/4459/3095 3096/4460/3096 3073/4430/3073 
f 3072/4429/3072 3076/4433/3076 3097/4461/3097 3095/4459/3095 
f 3073/4438/3073 3096/4462/3096 3098/4463/3098 3080/4439/3080 
f 3080/4439/3080 3098/4463/3098 3099/4464/3099 3083/4443/3083 
f 3083/4443/3083 3099/4464/3099 3100/4465/3100 3086/4447/3086 
f 3086/4447/3086 3100/4465/3100 3101/4466/3101 3089/4450/3089 
f 3089/4467/3089 3101/4468/3101 3102/4469/3102 3092/4470/3092 
f 3095/4459/3095 3103/4471/3103 3104/4472/3104 3096/4460/3096 
f 3095/4459/3095 3097/4461/3097 3105/4473/3105 3103/4471/3103 
f 3096/4462/3096 3104/4474/3104 3106/4475/3106 3098/4463/3098 
f 3098/4463/3098 3106/4475/3106 3107/4476/3107 3099/4464/3099 
f 3099/4464/3099 3107/4476/3107 3108/4477/3108 3100/4465/3100 
f 3100/4465/3100 3108/4477/3108 3109/4478/3109 3101/4466/3101 
f 3101/4466/3101 3109/4478/3109 3110/4479/3110 3102/4480/3102 
f 3103/4471/3103 3111/4481/3111 3112/4482/3112 3104/4472/3104 
f 3103/4471/3103 3105/4473/3105 3113/4483/3113 3111/4481/3111 
f 3104/4474/3104 3112/4484/3112 3114/4485/3114 3106/4475/3106 
f 3106/4475/3106 3114/4485/3114 3115/4486/3115 3107/4476/3107 
f 3107/4476/3107 3115/4486/3115 3116/4487/3116 3108/4477/3108 
f 3108/4477/3108 3116/4487/3116 3117/4488/3117 3109/4478/3109 
f 3109/4478/3109 3117/4488/3117 3118/4489/3118 3110/4479/3110 
f 3111/4490/3111 3119/4491/3119 3120/4492/3120 3112/4493/3112 
f 3111/4481/3111 3113/4483/3113 3121/4494/3121 3119/4495/3119 
f 3112/4484/3112 3120/4496/3120 3122/4497/3122 3114/4485/3114 
f 3114/4485/3114 3122/4497/3122 3123/4498/3123 3115/4486/3115 
f 3115/4486/3115 3123/4498/3123 3124/4499/3124 3116/4487/3116 
f 3116/4487/3116 3124/4499/3124 3125/4500/3125 3117/4488/3117 
f 3117/4501/3117 3125/4502/3125 3126/4503/3126 3118/4504/3118 
f 3119/4491/3119 3127/4505/3127 3128/4506/3128 3120/4492/3120 
f 3119/4495/3119 3121/4494/3121 3129/4507/3129 3127/4508/3127 
f 3120/4496/3120 3128/4509/3128 3130/4510/3130 3122/4497/3122 
f 3122/4497/3122 3130/4510/3130 3131/4511/3131 3123/4498/3123 
f 3123/4498/3123 3131/4511/3131 3132/4512/3132 3124/4499/3124 
f 3124/4499/3124 3132/4512/3132 3133/4513/3133 3125/4500/3125 
f 3125/4502/3125 3133/4514/3133 3134/4515/3134 3126/4503/3126 
f 3127/4508/3127 3135/4516/3135 3136/4517/3136 3128/4518/3128 
f 3127/4508/3127 3129/4507/3129 3137/4519/3137 3135/4516/3135 
f 3128/4509/3128 3136/4520/3136 3138/4521/3138 3130/4510/3130 
f 3130/4510/3130 3138/4521/3138 3139/4522/3139 3131/4511/3131 
f 3131/4511/3131 3139/4522/3139 3140/4523/3140 3132/4512/3132 
f 3132/4512/3132 3140/4523/3140 3141/4524/3141 3133/4513/3133 
f 3133/4525/3133 3141/4526/3141 3142/4527/3142 3134/4528/3134 
f 3135/4529/3135 3143/4530/3143 3144/4531/3144 3136/4532/3136 
f 3135/4516/3135 3137/4519/3137 3145/4533/3145 3143/4534/3143 
f 3136/4520/3136 3144/4535/3144 3146/4536/3146 3138/4521/3138 
f 3138/4521/3138 3146/4536/3146 3147/4537/3147 3139/4522/3139 
f 3139/4522/3139 3147/4537/3147 3148/4538/3148 3140/4523/3140 
f 3140/4523/3140 3148/4538/3148 3149/4539/3149 3141/4524/3141 
f 3141/4526/3141 3149/4540/3149 3150/4541/3150 3142/4527/3142 
f 3143/4542/3143 3151/4543/3151 3152/4544/3152 3144/4535/3144 
f 3143/4530/3143 3145/4545/3145 3153/4546/3153 3151/4547/3151 
f 3144/4535/3144 3152/4544/3152 3154/4548/3154 3146/4536/3146 
f 3146/4536/3146 3154/4548/3154 3155/4549/3155 3147/4537/3147 
f 3147/4537/3147 3155/4549/3155 3156/4550/3156 3148/4538/3148 
f 3148/4538/3148 3156/4550/3156 3157/4551/3157 3149/4539/3149 
f 3149/4552/3149 3157/4553/3157 3158/4554/3158 3150/4555/3150 
f 3151/4543/3151 3159/4556/3159 3160/4557/3160 3152/4544/3152 
f 3151/4547/3151 3153/4546/3153 3161/4558/3161 3159/4559/3159 
f 3152/4544/3152 3160/4557/3160 3162/4560/3162 3154/4548/3154 
f 3154/4548/3154 3162/4560/3162 3163/4561/3163 3155/4549/3155 
f 3155/4549/3155 3163/4561/3163 3164/4562/3164 3156/4550/3156 
f 3156/4550/3156 3164/4562/3164 3165/4563/3165 3157/4551/3157 
f 3157/4551/3157 3165/4563/3165 3166/4564/3166 3158/4565/3158 
f 3159/4556/3159 3167/4566/3167 3168/4567/3168 3160/4557/3160 
f 3159/4559/3159 3161/4558/3161 3169/4568/3169 3167/4569/3167 
f 3160/4557/3160 3168/4567/3168 3170/4570/3170 3162/4560/3162 
f 3162/4560/3162 3170/4570/3170 3171/4571/3171 3163/4561/3163 
f 3163/4561/3163 3171/4571/3171 3172/4572/3172 3164/4562/3164 
f 3164/4562/3164 3172/4572/3172 3173/4573/3173 3165/4563/3165 
f 3165/4563/3165 3173/4573/3173 3174/4574/3174 3166/4564/3166 
f 3167/4569/3167 3175/4575/3175 3176/4576/3176 3168/4577/3168 
f 3167/4569/3167 3169/4568/3169 3177/4578/3177 3175/4575/3175 
f 3168/4567/3168 3176/4579/3176 3178/4580/3178 3170/4570/3170 
f 3170/4570/3170 3178/4580/3178 3179/4581/3179 3171/4571/3171 
f 3171/4571/3171 3179/4581/3179 3180/4582/3180 3172/4572/3172 
f 3172/4572/3172 3180/4582/3180 3181/4583/3181 3173/4573/3173 
f 3173/4573/3173 3181/4583/3181 3182/4584/3182 3174/4574/3174 
f 3175/4575/3175 3183/4585/3183 3184/4586/3184 3176/4576/3176 
f 3175/4587/3175 3177/4588/3177 3185/4589/3185 3183/4590/3183 
f 3176/4579/3176 3184/4591/3184 3186/4592/3186 3178/4580/3178 
f 3178/4580/3178 3186/4592/3186 3187/4593/3187 3179/4581/3179 
f 3179/4581/3179 3187/4593/3187 3188/4594/3188 3180/4582/3180 
f 3180/4582/3180 3188/4594/3188 3189/4595/3189 3181/4583/3181 
f 3181/4583/3181 3189/4595/3189 3190/4596/3190 3182/4584/3182 
f 3183/4597/3183 3191/4598/3191 3192/4599/3192 3184/4591/3184 
f 3183/4590/3183 3185/4589/3185 3193/4600/3193 3191/4601/3191 
f 3184/4591/3184 3192/4599/3192 3194/4602/3194 3186/4592/3186 
f 3186/4592/3186 3194/4602/3194 3195/4603/3195 3187/4593/3187 
f 3187/4593/3187 3195/4603/3195 3196/4604/3196 3188/4594/3188 
f 3188/4594/3188 3196/4604/3196 3197/4605/3197 3189/4595/3189 
f 3189/4595/3189 3197/4605/3197 3198/4606/3198 3190/4596/3190 
f 3191/4598/3191 3199/4607/3199 3200/4608/3200 3192/4599/3192 
f 3191/4601/3191 3193/4600/3193 3201/4609/3201 3199/4610/3199 
f 3192/4599/3192 3200/4608/3200 3202/4611/3202 3194/4602/3194 
f 3194/4602/3194 3202/4611/3202 3203/4612/3203 3195/4603/3195 
f 3195/4603/3195 3203/4612/3203 3204/4613/3204 3196/4604/3196 
f 3196/4604/3196 3204/4613/3204 3205/4614/3205 3197/4605/3197 
f 3197/4605/3197 3205/4614/3205 3206/4615/3206 3198/4606/3198 
f 3199/4616/3199 3207/4617/3207 3208/4618/3208 3200/4619/3200 
f 3199/4610/3199 3201/4609/3201 3209/4620/3209 3207/4621/3207 
f 3200/4608/3200 3208/4622/3208 3210/4623/3210 3202/4611/3202 
f 3202/4611/3202 3210/4623/3210 3211/4624/3211 3203/4612/3203 
f 3203/4612/3203 3211/4624/3211 3212/4625/3212 3204/4613/3204 
f 3204/4613/3204 3212/4625/3212 3213/4626/3213 3205/4614/3205 
f 3207/4617/3207 3214/4627/3214 3215/4628/3215 3208/4618/3208 
f 3207/4621/3207 3209/4620/3209 3216/4629/3216 3214/4630/3214 
f 3208/4622/3208 3215/4631/3215 3217/4632/3217 3210/4623/3210 
f 3210/4623/3210 3217/4632/3217 3218/4633/3218 3211/4624/3211 
f 3211/4624/3211 3218/4633/3218 3219/4634/3219 3212/4625/3212 
f 3212/4625/3212 3219/4634/3219 3220/4635/3220 3213/4626/3213 
f 3214/4627/3214 3221/4636/3221 3222/4637/3222 3215/4628/3215 
f 3214/4630/3214 3216/4629/3216 3223/4638/3223 3221/4639/3221 
f 3215/4631/3215 3222/4640/3222 3224/4641/3224 3217/4632/3217 
f 3217/4632/3217 3224/4641/3224 3225/4642/3225 3218/4633/3218 
f 3218/4633/3218 3225/4642/3225 3226/4643/3226 3219/4634/3219 
f 3219/4634/3219 3226/4643/3226 3227/4644/3227 3220/4635/3220 
f 3221/4636/3221 3228/4645/3228 3229/4646/3229 3222/4637/3222 
f 3221/4639/3221 3223/4638/3223 3230/4647/3230 3228/4648/3228 
f 3222/4640/3222 3229/4649/3229 3231/4650/3231 3224/4641/3224 
f 3224/4641/3224 3231/4650/3231 3232/4651/3232 3225/4642/3225 
f 3225/4642/3225 3232/4651/3232 3233/4652/3233 3226/4643/3226 
f 3226/4653/3226 3233/4654/3233 3234/4655/3234 3227/4656/3227 
f 3228/4645/3228 3235/4657/3235 3236/4658/3236 3229/4646/3229 
f 3228/4648/3228 3230/4647/3230 3237/4659/3237 3235/4660/3235 
f 3229/4649/3229 3236/4661/3236 3238/4662/3238 3231/4650/3231 
f 3231/4650/3231 3238/4662/3238 3239/4663/3239 3232/4651/3232 
f 3232/4651/3232 3239/4663/3239 3240/4664/3240 3233/4652/3233 
f 3233/4654/3233 3240/4665/3240 3241/4666/3241 3234/4655/3234 
f 3235/4657/3235 3242/4667/3242 3243/4668/3243 3236/4658/3236 
f 3235/4660/3235 3237/4659/3237 3244/4669/3244 3242/4670/3242 
f 3236/4661/3236 3243/4671/3243 3245/4672/3245 3238/4662/3238 
f 3238/4662/3238 3245/4672/3245 3246/4673/3246 3239/4663/3239 
f 3239/4674/3239 3246/4675/3246 3247/4676/3247 3240/4677/3240 
f 3240/4665/3240 3247/4678/3247 3248/4679/3248 3241/4666/3241 
f 3242/4667/3242 3249/4680/3249 3250/4681/3250 3243/4668/3243 
f 3242/4670/3242 3244/4669/3244 3251/4682/3251 3249/4683/3249 
f 3243/4671/3243 3250/4684/3250 3252/4685/3252 3245/4672/3245 
f 3245/4672/3245 3252/4685/3252 3253/4686/3253 3246/4673/3246 
f 3246/4675/3246 3253/4687/3253 3254/4688/3254 3247/4676/3247 
f 3247/4676/3247 3254/4688/3254 3255/4689/3255 3248/4690/3248 
f 3249/4680/3249 3256/4691/3256 3257/4692/3257 3250/4681/3250 
f 3249/4683/3249 3251/4682/3251 3258/4693/3258 3256/4694/3256 
f 3250/4684/3250 3257/4695/3257 3259/4696/3259 3252/4685/3252 
f 3252/4685/3252 3259/4696/3259 3260/4697/3260 3253/4686/3253 
f 3253/4686/3253 3260/4697/3260 3261/4698/3261 3254/4699/3254 
f 3254/4700/3254 3261/4701/3261 3262/4702/3262 3255/4703/3255 
f 3256/4691/3256 3263/4704/3263 3264/4705/3264 3257/4692/3257 
f 3256/4694/3256 3258/4693/3258 3265/4706/3265 3263/4707/3263 
f 3257/4695/3257 3264/4708/3264 3266/4709/3266 3259/4696/3259 
f 3259/4696/3259 3266/4709/3266 3267/4710/3267 3260/4697/3260 
f 3260/4711/3260 3267/4712/3267 3268/4713/3268 3261/4714/3261 
f 3261/4701/3261 3268/4715/3268 3269/4716/3269 3262/4702/3262 
f 3263/4704/3263 3270/4717/3270 3271/4718/3271 3264/4705/3264 
f 3263/4707/3263 3265/4706/3265 3272/4719/3272 3270/4720/3270 
f 3264/4708/3264 3271/4721/3271 3273/4722/3273 3266/4709/3266 
f 3266/4709/3266 3273/4722/3273 3274/4723/3274 3267/4710/3267 
f 3267/4712/3267 3274/4724/3274 3275/4725/3275 3268/4713/3268 
f 3268/4715/3268 3275/4726/3275 3276/4727/3276 3269/4716/3269 
f 3270/4717/3270 3277/4728/3277 3278/4729/3278 3271/4718/3271 
f 3270/4720/3270 3272/4719/3272 3279/4730/3279 3277/4731/3277 
f 3271/4721/3271 3278/4732/3278 3280/4733/3280 3273/4722/3273 
f 3273/4722/3273 3280/4733/3280 3281/4734/3281 3274/4723/3274 
f 3274/4724/3274 3281/4735/3281 3282/4736/3282 3275/4725/3275 
f 3275/4726/3275 3282/4737/3282 3283/4738/3283 3276/4727/3276 
f 3277/4728/3277 3284/4739/3284 3285/4740/3285 3278/4729/3278 
f 3277/4731/3277 3279/4730/3279 3286/4741/3286 3284/4742/3284 
f 3278/4732/3278 3285/4743/3285 3287/4744/3287 3280/4733/3280 
f 3280/4733/3280 3287/4744/3287 3288/4745/3288 3281/4734/3281 
f 3281/4735/3281 3288/4746/3288 3289/4747/3289 3282/4736/3282 
f 3282/4737/3282 3289/4748/3289 3290/4749/3290 3283/4738/3283 
f 3284/4750/3284 3291/4751/3291 3292/4752/3292 3285/4743/3285 
f 3284/4742/3284 3286/4741/3286 3293/4753/3293 3291/4754/3291 
f 3285/4743/3285 3292/4752/3292 3294/4755/3294 3287/4744/3287 
f 3287/4744/3287 3294/4755/3294 3295/4756/3295 3288/4745/3288 
f 3288/4746/3288 3295/4757/3295 3296/4758/3296 3289/4747/3289 
f 3289/4748/3289 3296/4759/3296 3297/4760/3297 3290/4749/3290 
f 3291/4751/3291 3298/4761/3298 3299/4762/3299 3292/4752/3292 
f 3291/4754/3291 3293/4753/3293 3300/4763/3300 3298/4764/3298 
f 3292/4752/3292 3299/4762/3299 3301/4765/3301 3294/4755/3294 
f 3294/4755/3294 3301/4765/3301 3302/4766/3302 3295/4756/3295 
f 3295/4757/3295 3302/4767/3302 3303/4768/3303 3296/4758/3296 
f 3296/4759/3296 3303/4769/3303 3304/4770/3304 3297/4760/3297 
f 3298/4761/3298 3305/4771/3305 3306/4772/3306 3299/4762/3299 
f 3298/4764/3298 3300/4763/3300 3307/4773/3307 3305/4774/3305 
f 3299/4762/3299 3306/4772/3306 3308/4775/3308 3301/4765/3301 
f 3301/4765/3301 3308/4775/3308 3309/4776/3309 3302/4766/3302 
f 3302/4767/3302 3309/4777/3309 3310/4778/3310 3303/4768/3303 
f 3303/4768/3303 3310/4778/3310 3311/4779/3311 3304/4780/3304 
f 3305/4771/3305 3312/4781/3312 3313/4782/3313 3306/4772/3306 
f 3305/4774/3305 3307/4773/3307 3314/4783/3314 3312/4784/3312 
f 3306/4772/3306 3313/4782/3313 3315/4785/3315 3308/4775/3308 
f 3308/4775/3308 3315/4785/3315 3316/4786/3316 3309/4776/3309 
f 3309/4777/3309 3316/4787/3316 3317/4788/3317 3310/4778/3310 
f 3312/4781/3312 3318/4789/3318 3319/4790/3319 3313/4782/3313 
f 3312/4784/3312 3314/4783/3314 3320/4791/3320 3318/4792/3318 
f 3313/4782/3313 3319/4790/3319 3321/4793/3321 3315/4785/3315 
f 3315/4785/3315 3321/4793/3321 3322/4794/3322 3316/4786/3316 
f 3316/4787/3316 3322/4795/3322 3323/4796/3323 3317/4788/3317 
f 3318/4789/3318 3324/4797/3324 3325/4798/3325 3319/4790/3319 
f 3318/4789/3318 3320/4799/3320 3326/4800/3326 3324/4797/3324 
f 3319/4790/3319 3325/4798/3325 3327/4801/3327 3321/4793/3321 
f 3321/4793/3321 3327/4801/3327 3328/4802/3328 3322/4794/3322 
f 3322/4795/3322 3328/4803/3328 3329/4804/3329 3323/4796/3323 
f 3324/4797/3324 3330/4805/3330 3331/4806/3331 3325/4798/3325 
f 3324/4797/3324 3326/4800/3326 3332/4807/3332 3330/4805/3330 
f 3325/4798/3325 3331/4806/3331 3333/4808/3333 3327/4801/3327 
f 3327/4801/3327 3333/4808/3333 3334/4809/3334 3328/4802/3328 
f 3328/4803/3328 3334/4810/3334 3335/4811/3335 3329/4804/3329 
f 3330/4805/3330 3336/4812/3336 3337/4813/3337 3331/4806/3331 
f 3330/4805/3330 3332/4807/3332 3338/4814/3338 3336/4812/3336 
f 3331/4806/3331 3337/4813/3337 3339/4815/3339 3333/4808/3333 
f 3333/4808/3333 3339/4815/3339 3340/4816/3340 3334/4809/3334 
f 3334/4809/3334 3340/4816/3340 3341/4817/3341 3335/4818/3335 
f 3336/4812/3336 3342/4819/3342 3343/4820/3343 3337/4813/3337 
f 3336/4812/3336 3338/4814/3338 3344/4821/3344 3342/4819/3342 
f 3337/4813/3337 3343/4820/3343 3345/4822/3345 3339/4815/3339 
f 3339/4815/3339 3345/4822/3345 3346/4823/3346 3340/4816/3340 
f 3340/4816/3340 3346/4823/3346 3347/4824/3347 3341/4817/3341 
f 3342/4819/3342 3348/4825/3348 3349/4826/3349 3343/4820/3343 
f 3342/4819/3342 3344/4821/3344 3350/4827/3350 3348/4825/3348 
f 3343/4820/3343 3349/4826/3349 3351/4828/3351 3345/4822/3345 
f 3345/4822/3345 3351/4828/3351 3352/4829/3352 3346/4823/3346 
f 3346/4830/3346 3352/4831/3352 3353/4832/3353 3347/4833/3347 
f 3348/4825/3348 3354/4834/3354 3355/4835/3355 3349/4826/3349 
f 3348/4825/3348 3350/4827/3350 3356/4836/3356 3354/4834/3354 
f 3349/4826/3349 3355/4835/3355 3357/4837/3357 3351/4828/3351 
f 3351/4828/3351 3357/4837/3357 3358/4838/3358 3352/4829/3352 
f 3352/4831/3352 3358/4839/3358 3359/4840/3359 3353/4832/3353 
f 3354/4834/3354 3360/4841/3360 3361/4842/3361 3355/4835/3355 
f 3354/4834/3354 3356/4836/3356 3362/4843/3362 3360/4841/3360 
f 3355/4835/3355 3361/4842/3361 3363/4844/3363 3357/4837/3357 
f 3357/4837/3357 3363/4844/3363 3364/4845/3364 3358/4838/3358 
f 3358/4839/3358 3364/4846/3364 3365/4847/3365 3359/4840/3359 
f 3360/4841/3360 3366/4848/3366 3367/4849/3367 3361/4842/3361 
f 3360/4841/3360 3362/4843/3362 3368/4850/3368 3366/4848/3366 
f 3361/4842/3361 3367/4849/3367 3369/4851/3369 3363/4844/3363 
f 3363/4844/3363 3369/4851/3369 3370/4852/3370 3364/4845/3364 
f 3364/4846/3364 3370/4853/3370 3371/4854/3371 3365/4847/3365 
f 3366/4848/3366 3372/4855/3372 3373/4856/3373 3367/4849/3367 
f 3366/4848/3366 3368/4850/3368 3374/4857/3374 3372/4855/3372 
f 3367/4849/3367 3373/4856/3373 3375/4858/3375 3369/4851/3369 
f 3369/4851/3369 3375/4858/3375 3376/4859/3376 3370/4852/3370 
f 3370/4853/3370 3376/4860/3376 3377/4861/3377 3371/4854/3371 
f 3372/4855/3372 3378/4862/3378 3379/4863/3379 3373/4856/3373 
f 3372/4855/3372 3374/4857/3374 3380/4864/3380 3378/4862/3378 
f 3373/4856/3373 3379/4863/3379 3381/4865/3381 3375/4858/3375 
f 3375/4858/3375 3381/4865/3381 3382/4866/3382 3376/4859/3376 
f 3376/4867/3376 3382/4868/3382 3383/4869/3383 3377/4870/3377 
f 3378/4862/3378 3384/4871/3384 3385/4872/3385 3379/4863/3379 
f 3378/4862/3378 3380/4864/3380 3386/4873/3386 3384/4871/3384 
f 3379/4863/3379 3385/4872/3385 3387/4874/3387 3381/4865/3381 
f 3381/4865/3381 3387/4874/3387 3388/4875/3388 3382/4866/3382 
f 3382/4868/3382 3388/4876/3388 3389/4877/3389 3383/4869/3383 
f 3384/4871/3384 3390/4878/3390 3391/4879/3391 3385/4872/3385 
f 3384/4871/3384 3386/4873/3386 3392/4880/3392 3390/4878/3390 
f 3385/4872/3385 3391/4879/3391 3393/4881/3393 3387/4874/3387 
f 3387/4874/3387 3393/4881/3393 3394/4882/3394 3388/4875/3388 
f 3388/4876/3388 3394/4883/3394 3395/4884/3395 3389/4877/3389 
f 3390/4878/3390 3396/4885/3396 3397/4886/3397 3391/4879/3391 
f 3390/4878/3390 3392/4880/3392 3398/4887/3398 3396/4885/3396 
f 3391/4879/3391 3397/4886/3397 3399/4888/3399 3393/4881/3393 
f 3393/4881/3393 3399/4888/3399 3400/4889/3400 3394/4882/3394 
f 3394/4883/3394 3400/4890/3400 3401/4891/3401 3395/4884/3395 
f 3396/4885/3396 3402/4892/3402 3403/4893/3403 3397/4886/3397 
f 3396/4894/3396 3398/4895/3398 3404/4896/3404 3402/4897/3402 
f 3397/4886/3397 3403/4893/3403 3405/4898/3405 3399/4888/3399 
f 3399/4899/3399 3405/4900/3405 3406/4901/3406 3400/4902/3400 
f 3402/4892/3402 3407/4903/3407 3408/4904/3408 3403/4893/3403 
f 3402/4897/3402 3404/4896/3404 3409/4905/3409 3407/4906/3407 
f 3403/4907/3403 3408/4908/3408 3410/4909/3410 3405/4910/3405 
f 3405/4911/3405 3410/4912/3410 3411/4913/3411 3406/4914/3406 
f 3407/4915/3407 3412/4916/3412 3413/4917/3413 3408/4908/3408 
f 3407/4906/3407 3409/4905/3409 3414/4918/3414 3412/4919/3412 
f 3408/4908/3408 3413/4917/3413 3415/4920/3415 3410/4909/3410 
f 3410/4912/3410 3415/4921/3415 3416/4922/3416 3411/4913/3411 
f 3412/4923/3412 3417/4924/3417 3418/4925/3418 3413/4926/3413 
f 3412/4919/3412 3414/4918/3414 3419/4927/3419 3417/4928/3417 
f 3413/4917/3413 3418/4929/3418 3420/4930/3420 3415/4920/3415 
f 3415/4920/3415 3420/4930/3420 3421/4931/3421 3416/4932/3416 
f 3417/4924/3417 3422/4933/3422 3423/4934/3423 3418/4925/3418 
f 3417/4928/3417 3419/4927/3419 3424/4935/3424 3422/4936/3422 
f 3418/4925/3418 3423/4934/3423 3425/4937/3425 3420/4938/3420 
f 3420/4939/3420 3425/4940/3425 3426/4941/3426 3421/4942/3421 
f 3422/4933/3422 3427/4943/3427 3428/4944/3428 3423/4934/3423 
f 3422/4936/3422 3424/4935/3424 3429/4945/3429 3427/4946/3427 
f 3423/4947/3423 3428/4948/3428 3430/4949/3430 3425/4950/3425 
f 3425/4940/3425 3430/4951/3430 3431/4952/3431 3426/4941/3426 
f 3427/4943/3427 3432/4953/3432 3433/4954/3433 3428/4944/3428 
f 3427/4943/3427 3429/4955/3429 3434/4956/3434 3432/4953/3432 
f 3428/4944/3428 3433/4954/3433 3435/4957/3435 3430/4958/3430 
f 3430/4951/3430 3435/4959/3435 3436/4960/3436 3431/4952/3431 
f 3432/4953/3432 3437/4961/3437 3438/4962/3438 3433/4954/3433 
f 3432/4953/3432 3434/4956/3434 3439/4963/3439 3437/4961/3437 
f 3433/4954/3433 3438/4962/3438 3440/4964/3440 3435/4957/3435 
f 3435/4959/3435 3440/4965/3440 3441/4966/3441 3436/4960/3436 
f 3437/4961/3437 3442/4967/3442 3443/4968/3443 3438/4962/3438 
f 3437/4961/3437 3439/4963/3439 3444/4969/3444 3442/4967/3442 
f 3438/4962/3438 3443/4968/3443 3445/4970/3445 3440/4964/3440 
f 3440/4971/3440 3445/4972/3445 3446/4973/3446 3441/4974/3441 
f 3442/4967/3442 3447/4975/3447 3448/4976/3448 3443/4968/3443 
f 3442/4967/3442 3444/4969/3444 3449/4977/3449 3447/4975/3447 
f 3443/4968/3443 3448/4976/3448 3450/4978/3450 3445/4970/3445 
f 3445/4972/3445 3450/4979/3450 3451/4980/3451 3446/4973/3446 
f 3447/4975/3447 3452/4981/3452 3453/4982/3453 3448/4976/3448 
f 3447/4975/3447 3449/4977/3449 3454/4983/3454 3452/4981/3452 
f 3448/4976/3448 3453/4982/3453 3455/4984/3455 3450/4978/3450 
f 3450/4979/3450 3455/4985/3455 3456/4986/3456 3451/4980/3451 
f 3452/4981/3452 3457/4987/3457 3458/4988/3458 3453/4982/3453 
f 3452/4981/3452 3454/4983/3454 3459/4989/3459 3457/4987/3457 
f 3453/4982/3453 3458/4988/3458 3460/4990/3460 3455/4984/3455 
f 3455/4985/3455 3460/4991/3460 3461/4992/3461 3456/4986/3456 
f 3457/4987/3457 3462/4993/3462 3463/4994/3463 3458/4988/3458 
f 3457/4987/3457 3459/4989/3459 3464/4995/3464 3462/4993/3462 
f 3458/4996/3458 3463/4997/3463 3465/4998/3465 3460/4991/3460 
f 3460/4991/3460 3465/4998/3465 3466/4999/3466 3461/4992/3461 
f 3462/4993/3462 3467/5000/3467 3468/5001/3468 3463/4994/3463 
f 3462/4993/3462 3464/4995/3464 3469/5002/3469 3467/5000/3467 
f 3463/4994/3463 3468/5001/3468 3470/5003/3470 3465/5004/3465 
f 3465/4998/3465 3470/5005/3470 3471/5006/3471 3466/4999/3466 
f 3467/5000/3467 3472/5007/3472 3473/5008/3473 3468/5001/3468 
f 3467/5000/3467 3469/5002/3469 3474/5009/3474 3472/5007/3472 
f 3468/5010/3468 3473/5011/3473 3475/5012/3475 3470/5005/3470 
f 3470/5005/3470 3475/5012/3475 3476/5013/3476 3471/5006/3471 
f 3472/5007/3472 3477/5014/3477 3478/5015/3478 3473/5008/3473 
f 3472/5007/3472 3474/5009/3474 3479/5016/3479 3477/5014/3477 
f 3473/5008/3473 3478/5015/3478 3480/5017/3480 3475/5018/3475 
f 3475/5012/3475 3480/5019/3480 3481/5020/3481 3476/5013/3476 
f 3477/5014/3477 3482/5021/3482 3483/5022/3483 3478/5015/3478 
f 3477/5014/3477 3479/5016/3479 3484/5023/3484 3482/5021/3482 
f 3478/5024/3478 3483/5025/3483 3485/5026/3485 3480/5019/3480 
f 3482/5021/3482 3486/5027/3486 3487/5028/3487 3483/5022/3483 
f 3482/5021/3482 3484/5023/3484 3488/5029/3488 3486/5027/3486 
f 3483/5025/3483 3487/5030/3487 3489/5031/3489 3485/5026/3485 
f 3486/5027/3486 3490/5032/3490 3491/5033/3491 3487/5028/3487 
f 3486/5027/3486 3488/5029/3488 3492/5034/3492 3490/5032/3490 
f 3487/5030/3487 3491/5035/3491 3493/5036/3493 3489/5031/3489 
f 3490/5032/3490 3494/5037/3494 3495/5038/3495 3491/5033/3491 
f 3490/5032/3490 3492/5034/3492 3496/5039/3496 3494/5037/3494 
f 3491/5035/3491 3495/5040/3495 3497/5041/3497 3493/5036/3493 
f 3494/5037/3494 3498/5042/3498 3499/5043/3499 3495/5038/3495 
f 3494/5037/3494 3496/5039/3496 3500/5044/3500 3498/5042/3498 
f 3495/5040/3495 3499/5045/3499 3501/5046/3501 3497/5041/3497 
f 3498/5042/3498 3502/5047/3502 3503/5048/3503 3499/5043/3499 
f 3498/5042/3498 3500/5044/3500 3504/5049/3504 3502/5047/3502 
f 3499/5045/3499 3503/5050/3503 3505/5051/3505 3501/5046/3501 
f 3502/5047/3502 3506/5052/3506 3507/5053/3507 3503/5048/3503 
f 3502/5047/3502 3504/5049/3504 3508/5054/3508 3506/5052/3506 
f 3503/5050/3503 3507/5055/3507 3509/5056/3509 3505/5051/3505 
f 3506/5052/3506 3510/5057/3510 3511/5058/3511 3507/5053/3507 
f 3506/5052/3506 3508/5054/3508 3512/5059/3512 3510/5057/3510 
f 3507/5055/3507 3511/5060/3511 3513/5061/3513 3509/5056/3509 
f 3510/5057/3510 3514/5062/3514 3515/5063/3515 3511/5058/3511 
f 3510/5057/3510 3512/5059/3512 3516/5064/3516 3514/5062/3514 
f 3511/5060/3511 3515/5065/3515 3517/5066/3517 3513/5061/3513 
f 3514/5062/3514 3518/5067/3518 3519/5068/3519 3515/5063/3515 
f 3514/5062/3514 3516/5064/3516 3520/5069/3520 3518/5067/3518 
f 3515/5063/3515 3519/5068/3519 3521/5070/3521 3517/5071/3517 
f 3518/5067/3518 3522/5072/3522 3523/5073/3523 3519/5068/3519 
f 3518/5067/3518 3520/5069/3520 3524/5074/3524 3522/5072/3522 
f 3519/5068/3519 3523/5073/3523 3525/5075/3525 3521/5070/3521 
f 3522/5072/3522 3526/5076/3526 3527/5077/3527 3523/5073/3523 
f 3522/5072/3522 3524/5074/3524 3528/5078/3528 3526/5076/3526 
f 3523/5079/3523 3527/5080/3527 3529/5081/3529 3525/5082/3525 
f 3526/5076/3526 3530/5083/3530 3531/5084/3531 3527/5077/3527 
f 3526/5076/3526 3528/5078/3528 3532/5085/3532 3530/5083/3530 
f 3527/5086/3527 3531/5087/3531 3533/5088/3533 3529/5089/3529 
f 3530/5083/3530 3534/5090/3534 3535/5091/3535 3531/5084/3531 
f 3530/5083/3530 3532/5085/3532 3536/5092/3536 3534/5090/3534 
f 3531/5087/3531 3535/5093/3535 3537/5094/3537 3533/5088/3533 
f 3534/5095/3534 3538/5096/3538 3539/5097/3539 3535/5093/3535 
f 3534/5090/3534 3536/5092/3536 3540/5098/3540 3538/5099/3538 
f 3535/5093/3535 3539/5097/3539 3541/5100/3541 3537/5094/3537 
f 3538/5099/3538 3540/5098/3540 3542/5101/3542 3543/5102/3543 
f 3538/5096/3538 3543/5103/3543 3544/5104/3544 3539/5097/3539 
f 3543/5105/3543 3542/5106/3542 3545/5107/3545 3546/5108/3546 
f 3543/5103/3543 3546/5109/3546 3547/5110/3547 3544/5104/3544 
f 3546/5108/3546 3545/5107/3545 3548/5111/3548 3549/5112/3549 
f 3546/5109/3546 3549/5113/3549 3550/5114/3550 3547/5110/3547 
f 3549/5112/3549 3548/5111/3548 3551/5115/3551 3552/5116/3552 
f 3549/5113/3549 3552/5117/3552 3553/5118/3553 3550/5114/3550 
f 3552/5119/3552 3551/5120/3551 3554/5121/3554 3555/5122/3555 
f 3552/5117/3552 3555/5123/3555 3556/5124/3556 3553/5118/3553 
f 3555/5122/3555 3554/5121/3554 3557/5125/3557 3558/5126/3558 
f 3555/5123/3555 3558/5127/3558 3559/5128/3559 3556/5124/3556 
f 3558/5126/3558 3557/5125/3557 3560/5129/3560 3561/5130/3561 
f 3558/5131/3558 3561/5132/3561 3562/5133/3562 3559/5134/3559 
f 3561/5130/3561 3560/5129/3560 3563/5135/3563 3564/5136/3564 
f 3561/5130/3561 3564/5136/3564 3565/5137/3565 3562/5138/3562 
f 3564/5136/3564 3563/5135/3563 3566/5139/3566 3567/5140/3567 
f 3564/5136/3564 3567/5140/3567 3568/5141/3568 3565/5137/3565 
f 3567/5140/3567 3566/5139/3566 3569/5142/3569 3570/5143/3570 
f 3567/5140/3567 3570/5143/3570 3571/5144/3571 3568/5141/3568 
f 3570/5143/3570 3569/5142/3569 3572/5145/3572 3573/5146/3573 
f 3570/5143/3570 3573/5146/3573 3574/5147/3574 3571/5144/3571 
f 3573/5146/3573 3572/5145/3572 3575/5148/3575 3576/5149/3576 
f 3573/5146/3573 3576/5149/3576 3577/5150/3577 3574/5147/3574 
f 3576/5149/3576 3575/5148/3575 3578/5151/3578 3579/5152/3579 
f 3576/5149/3576 3579/5152/3579 3580/5153/3580 3577/5150/3577 
f 3579/5152/3579 3578/5151/3578 3581/5154/3581 3582/5155/3582 
f 3579/5152/3579 3582/5155/3582 3583/5156/3583 3580/5153/3580 
f 3582/5155/3582 3581/5154/3581 3584/5157/3584 3585/5158/3585 
f 3582/5155/3582 3585/5158/3585 3586/5159/3586 3583/5156/3583 
f 2651/3768/2651 1941/2694/1941 3587/5160/3587 2659/3779/2659 
f 2659/3779/2659 3587/5160/3587 3588/5161/3588 3589/5162/3589 
f 2659/3779/2659 3589/5162/3589 3590/5163/3590 2660/3780/2660 
f 2660/3780/2660 3590/5163/3590 2993/5164/2993 2661/3781/2661 
f 2661/3782/2661 2993/4299/2993 2992/4298/2992 2662/3783/2662 
f 3590/5163/3590 3591/5165/3591 2994/5166/2994 2993/5164/2993 
f 3590/5163/3590 3589/5162/3589 3592/5167/3592 3591/5165/3591 
f 3591/5165/3591 3592/5167/3592 3593/5168/3593 3594/5169/3594 
f 3591/5165/3591 3594/5169/3594 2999/5170/2999 2994/5166/2994 
f 2999/5170/2999 3594/5169/3594 3595/5171/3595 3000/5172/3000 
f 3000/5173/3000 3595/5174/3595 2614/5175/2614 210/5176/210 
f 1831/2543/1831 1834/2546/1834 2655/3772/2655 3596/5177/3596 
f 1831/2543/1831 3596/5177/3596 2461/3438/2461 1832/2544/1832 
f 2655/5178/2655 2658/5179/2658 3597/5180/3597 3596/5181/3596 
f 84/124/84 83/123/83 3598/5182/3598 2786/3965/2786 
f 2786/3965/2786 3598/5182/3598 3599/5183/3599 2787/3966/2787 
f 325/450/325 1140/5184/1140 3600/5185/3600 326/451/326 
f 325/5186/325 1131/1591/1131 1126/1584/1126 1140/1603/1140 
f 325/5187/325 322/445/322 321/443/321 1131/5188/1131 
f 1140/5184/1140 1139/5189/1139 3601/5190/3601 3600/5185/3600 
f 1131/5188/1131 321/443/321 316/436/316 1129/5191/1129 
f 1940/2693/1940 3067/4422/3067 1932/2682/1932 1931/2681/1931 
f 3067/4422/3067 2437/3390/2437 2432/3382/2432 1932/2682/1932 
f 1932/2682/1932 2432/3382/2432 2431/3381/2431 1930/2683/1930 
f 1930/2683/1930 2431/3381/2431 1921/3392/1921 1920/5192/1920 
f 2437/3390/2437 3070/4425/3070 3602/5193/3602 2435/3387/2435 
f 1868/2592/1868 1869/2594/1869 3603/5194/3603 3604/5195/3604 
f 1868/2592/1868 3604/5195/3604 1225/5196/1225 1223/2593/1223 
f 1869/2594/1869 1871/2596/1871 3605/5197/3605 3603/5194/3603 
f 3603/5194/3603 3605/5197/3605 3606/5198/3606 3607/5199/3607 
f 3603/5194/3603 3607/5199/3607 3608/5200/3608 3604/5195/3604 
f 1871/2596/1871 3609/5201/3609 3610/5202/3610 3605/5197/3605 
f 1871/2596/1871 1870/2595/1870 3611/5203/3611 3609/5201/3609 
f 3605/5197/3605 3610/5202/3610 2581/3655/2581 3606/5198/3606 
f 3606/5198/3606 2581/3655/2581 2578/3649/2578 3612/5204/3612 
f 3606/5198/3606 3612/5204/3612 3613/5205/3613 3607/5199/3607 
f 3614/5206/3614 3615/5207/3615 3077/4434/3077 3079/4436/3079 
f 3614/5206/3614 3616/5208/3616 3617/5209/3617 3615/5207/3615 
f 3614/5206/3614 3618/5210/3618 3619/5211/3619 3616/5208/3616 
f 3614/5206/3614 3079/4436/3079 3082/4442/3082 3618/5210/3618 
f 3618/5212/3618 3082/5213/3082 3085/5214/3085 3620/5215/3620 
f 3618/5212/3618 3620/5215/3620 3621/5216/3621 3619/5217/3619 
f 3620/5218/3620 3622/5219/3622 3623/5220/3623 3621/5221/3621 
f 3620/5218/3620 3085/5222/3085 3088/5223/3088 3622/5219/3622 
f 381/523/381 3624/5224/3624 3625/5225/3625 382/524/382 
f 381/523/381 380/522/380 3626/5226/3626 3624/5224/3624 
f 3624/5224/3624 315/435/315 314/434/314 3625/5225/3625 
f 3624/5224/3624 3626/5226/3626 3627/5227/3627 315/435/315 
f 3628/5228/3628 3629/5229/3629 3630/5230/3630 3631/5231/3631 
f 3628/5232/3628 3632/5233/3632 3633/5234/3633 3629/5235/3629 
f 3628/5232/3628 3634/5236/3634 3635/5237/3635 3632/5233/3632 
f 3628/5228/3628 3631/5231/3631 3636/5238/3636 3634/5239/3634 
f 3632/5240/3632 3635/5241/3635 3637/5242/3637 3638/5243/3638 
f 3632/5240/3632 3638/5243/3638 3639/5244/3639 3633/5245/3633 
f 3633/5245/3633 3639/5244/3639 3640/5246/3640 3641/5247/3641 
f 3633/5248/3633 3641/5249/3641 3642/5250/3642 3629/5251/3629 
f 3641/5249/3641 3643/5252/3643 3644/5253/3644 3642/5250/3642 
f 3641/5247/3641 3640/5246/3640 3645/5254/3645 3643/5255/3643 
f 3639/5244/3639 3646/5256/3646 3647/5257/3647 3640/5246/3640 
f 3639/5244/3639 3638/5243/3638 3648/5258/3648 3646/5256/3646 
f 3640/5246/3640 3647/5257/3647 14/22/14 3645/5254/3645 
f 3645/5254/3645 14/22/14 5/21/5 8/5259/8 
f 3645/5254/3645 8/5259/8 3649/5260/3649 3643/5255/3643 
f 8/9/8 7/8/7 3650/5261/3650 3649/5262/3649 
f 3646/5256/3646 3648/5258/3648 3651/5263/3651 3652/5264/3652 
f 3646/5265/3646 3652/5266/3652 20/5267/20 3647/5268/3647 
f 3647/5257/3647 20/5269/20 12/18/12 14/22/14 
f 20/30/20 3652/5270/3652 26/36/26 18/27/18 
f 3652/5264/3652 3651/5263/3651 2427/5271/2427 26/5272/26 
f 3638/5243/3638 3637/5242/3637 3653/5273/3653 3648/5258/3648 
f 3648/5258/3648 3653/5273/3653 2989/5274/2989 3651/5263/3651 
f 3651/5275/3651 2989/4293/2989 676/899/676 2427/3366/2427 
f 4/12/4 3/5276/3 3654/5277/3654 3655/5278/3655 
f 4/12/4 3655/5278/3655 3656/5279/3656 9/13/9 
f 3655/5278/3655 3657/5280/3657 3658/5281/3658 3656/5279/3656 
f 3655/5278/3655 3654/5277/3654 3659/5282/3659 3657/5280/3657 
f 3657/5283/3657 3660/5284/3660 3661/5285/3661 3658/5286/3658 
f 3657/5283/3657 3659/5287/3659 3662/5288/3662 3660/5284/3660 
f 3/5276/3 15/5289/15 3663/5290/3663 3654/5277/3654 
f 3654/5291/3654 3663/5292/3663 3664/5293/3664 3659/5287/3659 
f 3659/5287/3659 3664/5293/3664 3665/5294/3665 3662/5288/3662 
f 3662/5295/3662 3665/5296/3665 3666/5297/3666 3667/5298/3667 
f 3662/5295/3662 3667/5298/3667 3668/5299/3668 3660/5300/3660 
f 3667/5298/3667 3666/5297/3666 3669/5301/3669 3670/5302/3670 
f 3667/5298/3667 3670/5302/3670 3671/5303/3671 3668/5299/3668 
f 3670/5302/3670 3672/5304/3672 3673/5305/3673 3671/5303/3671 
f 3670/5306/3670 3669/5307/3669 3674/5308/3674 3672/5309/3672 
f 3672/5304/3672 3675/5310/3675 3676/5311/3676 3673/5305/3673 
f 3672/5304/3672 3674/5312/3674 3677/5313/3677 3675/5310/3675 
f 15/5314/15 22/5315/22 3678/5316/3678 3663/5317/3663 
f 3663/5292/3663 3678/5318/3678 3679/5319/3679 3664/5293/3664 
f 3664/5293/3664 3679/5319/3679 3680/5320/3680 3665/5294/3665 
f 3665/5321/3665 3680/5322/3680 3681/5323/3681 3666/5324/3666 
f 3666/5324/3666 3681/5323/3681 3682/5325/3682 3669/5326/3669 
f 3669/5307/3669 3682/5327/3682 3683/5328/3683 3674/5308/3674 
f 3674/5308/3674 3683/5328/3683 3684/5329/3684 3677/5330/3677 
f 3677/5313/3677 3684/5331/3684 3685/5332/3685 3686/5333/3686 
f 3677/5313/3677 3686/5333/3686 3687/5334/3687 3675/5310/3675 
f 3686/5335/3686 3685/5336/3685 3688/5337/3688 3689/5338/3689 
f 3686/5333/3686 3689/5339/3689 3690/5340/3690 3687/5334/3687 
f 3689/5341/3689 3691/5342/3691 1874/5343/1874 3690/5344/3690 
f 3689/5341/3689 3688/5345/3688 3692/5346/3692 3691/5342/3691 
f 22/5315/22 30/5347/30 3693/5348/3693 3678/5316/3678 
f 3678/5318/3678 3693/5349/3693 3694/5350/3694 3679/5319/3679 
f 3679/5319/3679 3694/5350/3694 3695/5351/3695 3680/5320/3680 
f 3680/5322/3680 3695/5352/3695 3696/5353/3696 3681/5323/3681 
f 3681/5323/3681 3696/5353/3696 3697/5354/3697 3682/5325/3682 
f 3682/5327/3682 3697/5355/3697 3698/5356/3698 3683/5328/3683 
f 3683/5328/3683 3698/5356/3698 3699/5357/3699 3684/5329/3684 
f 3684/5358/3684 3699/5359/3699 3700/5360/3700 3685/5361/3685 
f 3685/5336/3685 3700/5362/3700 3701/5363/3701 3688/5337/3688 
f 30/5364/30 35/5365/35 3702/5366/3702 3693/5367/3693 
f 3693/5349/3693 3702/5368/3702 3703/5369/3703 3694/5350/3694 
f 3694/5350/3694 3703/5369/3703 3704/5370/3704 3695/5351/3695 
f 3695/5371/3695 3704/5372/3704 3705/5373/3705 3696/5374/3696 
f 3696/5374/3696 3705/5373/3705 3706/5375/3706 3697/5376/3697 
f 3697/5355/3697 3706/5377/3706 3707/5378/3707 3698/5356/3698 
f 3698/5356/3698 3707/5378/3707 3708/5379/3708 3699/5357/3699 
f 3699/5359/3699 3708/5380/3708 3709/5381/3709 3700/5360/3700 
f 3700/5360/3700 3709/5381/3709 3710/5382/3710 3701/5383/3701 
f 35/5365/35 40/5384/40 3711/5385/3711 3702/5366/3702 
f 3702/5368/3702 3711/5386/3711 3712/5387/3712 3703/5369/3703 
f 3703/5369/3703 3712/5387/3712 3713/5388/3713 3704/5370/3704 
f 3704/5372/3704 3713/5389/3713 3714/5390/3714 3705/5373/3705 
f 3705/5373/3705 3714/5390/3714 3715/5391/3715 3706/5375/3706 
f 3706/5377/3706 3715/5392/3715 3716/5393/3716 3707/5378/3707 
f 3707/5394/3707 3716/5395/3716 3717/5396/3717 3708/5380/3708 
f 3708/5380/3708 3717/5396/3717 3718/5397/3718 3709/5381/3709 
f 40/5384/40 44/5398/44 3719/5399/3719 3711/5385/3711 
f 3711/5385/3711 3719/5399/3719 3720/5400/3720 3712/5401/3712 
f 3712/5387/3712 3720/5402/3720 3721/5403/3721 3713/5388/3713 
f 3713/5389/3713 3721/5404/3721 3722/5405/3722 3714/5390/3714 
f 3714/5390/3714 3722/5405/3722 3723/5406/3723 3715/5391/3715 
f 3715/5392/3715 3723/5407/3723 3724/5408/3724 3716/5393/3716 
f 3716/5395/3716 3724/5409/3724 3725/5410/3725 3717/5396/3717 
f 44/5398/44 48/77/48 3726/5411/3726 3719/5399/3719 
f 3719/5412/3719 3726/5413/3726 3727/5414/3727 3720/5415/3720 
f 3720/5416/3720 3727/5417/3727 3728/5418/3728 3721/5419/3721 
f 3721/5404/3721 3728/5420/3728 3729/5421/3729 3722/5405/3722 
f 3722/5405/3722 3729/5421/3729 3730/5422/3730 3723/5406/3723 
f 3723/5423/3723 3730/5424/3730 3731/5425/3731 3724/5426/3724 
f 48/77/48 52/76/52 3732/5427/3732 3726/5411/3726 
f 3726/5428/3726 3732/5429/3732 3733/5430/3733 3727/5417/3727 
f 3727/5417/3727 3733/5430/3733 3734/5431/3734 3728/5418/3728 
f 3728/5420/3728 3734/5432/3734 3735/5433/3735 3729/5421/3729 
f 3729/5421/3729 3735/5433/3735 3736/5434/3736 3730/5422/3730 
f 52/76/52 54/5435/54 3737/5436/3737 3732/5427/3732 
f 3732/5429/3732 3737/5437/3737 3738/5438/3738 3733/5430/3733 
f 3733/5430/3733 3738/5438/3738 3739/5439/3739 3734/5431/3734 
f 3734/5432/3734 3739/5440/3739 3740/5441/3740 3735/5433/3735 
f 54/79/54 58/84/58 3741/5442/3741 3737/5437/3737 
f 3737/5437/3737 3741/5442/3741 3742/5443/3742 3738/5438/3738 
f 3738/5438/3738 3742/5443/3742 3743/5444/3743 3739/5439/3739 
f 58/84/58 2428/3378/2428 3744/5445/3744 3741/5442/3741 
f 3741/5442/3741 3744/5445/3744 3745/5446/3745 3742/5443/3742 
f 2428/5447/2428 3746/5448/3746 3747/5449/3747 3744/5450/3744 
f 2428/5447/2428 1079/1547/1079 1092/1546/1092 3746/5448/3746 
f 310/429/310 3748/5451/3748 3749/5452/3749 307/426/307 
f 310/429/310 3750/5453/3750 3751/5454/3751 3748/5451/3748 
f 310/429/310 309/428/309 3752/5455/3752 3750/5453/3750 
f 307/426/307 3749/5452/3749 3753/5456/3753 308/427/308 
f 308/427/308 3753/5456/3753 3754/5457/3754 312/431/312 
f 312/431/312 3754/5457/3754 288/399/288 287/432/287 
f 3748/5451/3748 3755/5458/3755 3756/5459/3756 3749/5452/3749 
f 3748/5451/3748 3751/5454/3751 3757/5460/3757 3755/5458/3755 
f 3749/5452/3749 3756/5459/3756 3758/5461/3758 3753/5456/3753 
f 3753/5456/3753 3758/5461/3758 3759/5462/3759 3754/5457/3754 
f 3755/5458/3755 3757/5460/3757 3760/5463/3760 3761/5464/3761 
f 3755/5458/3755 3761/5464/3761 3762/5465/3762 3756/5459/3756 
f 3756/5459/3756 3762/5465/3762 3763/5466/3763 3758/5461/3758 
f 3761/5464/3761 3760/5463/3760 2998/4304/2998 3002/4308/3002 
f 3761/5464/3761 3002/4308/3002 3764/5467/3764 3762/5465/3762 
f 3750/5453/3750 3765/5468/3765 3766/5469/3766 3751/5454/3751 
f 3750/5470/3750 3752/5471/3752 3767/5472/3767 3765/5473/3765 
f 3751/5454/3751 3766/5469/3766 3768/5474/3768 3757/5460/3757 
f 3757/5460/3757 3768/5474/3768 3769/5475/3769 3760/5463/3760 
f 3770/5476/3770 3771/5477/3771 3772/5478/3772 3773/5479/3773 
f 3770/5476/3770 2681/3812/2681 2677/3804/2677 3771/5477/3771 
f 3770/5476/3770 2631/3730/2631 2680/3809/2680 2681/3812/2681 
f 3770/5476/3770 3773/5479/3773 2632/3731/2632 2631/3730/2631 
f 3773/5479/3773 3772/5478/3772 3774/5480/3774 3775/5481/3775 
f 3773/5479/3773 3775/5481/3775 2633/3732/2633 2632/3731/2632 
f 1213/5482/1213 1217/5483/1217 2637/5484/2637 2636/5485/2636 
f 1213/1698/1213 2636/3735/2636 2635/3734/2635 1214/1699/1214 
f 1216/5486/1216 1225/5196/1225 3776/5487/3776 1217/5488/1217 
f 1217/5488/1217 3776/5487/3776 3777/5489/3777 2637/3738/2637 
f 2637/3738/2637 3777/5489/3777 2639/3740/2639 2638/3739/2638 
f 3778/5490/3778 3621/5491/3621 3623/5492/3623 3779/5493/3779 
f 3778/5490/3778 3616/5208/3616 3619/5211/3619 3621/5491/3621 
f 3778/5490/3778 3780/5494/3780 3617/5209/3617 3616/5208/3616 
f 3778/5490/3778 3779/5493/3779 3781/5495/3781 3780/5494/3780 
f 3780/5494/3780 3781/5495/3781 2812/5496/2812 2811/4009/2811 
f 3780/5494/3780 2811/4009/2811 2814/4008/2814 3617/5209/3617 
f 3781/5497/3781 3779/5498/3779 3782/5499/3782 3783/5500/3783 
f 3781/5501/3781 3783/5502/3783 391/533/391 2812/4005/2812 
f 391/533/391 3783/5502/3783 390/532/390 389/531/389 
f 3784/5503/3784 1867/2591/1867 3785/5504/3785 3786/5505/3786 
f 3784/5503/3784 3787/5506/3787 1864/2587/1864 1867/2591/1867 
f 3784/5503/3784 3788/5507/3788 3789/5508/3789 3787/5506/3787 
f 3784/5509/3784 3786/5510/3786 3790/5511/3790 3788/5512/3788 
f 1867/2591/1867 1222/2590/1222 1221/5513/1221 3785/5504/3785 
f 3791/5514/3791 3792/5515/3792 3793/5516/3793 3794/5517/3794 
f 3791/5514/3791 3658/5518/3658 3661/5519/3661 3792/5515/3792 
f 3791/5520/3791 3795/5521/3795 3656/5279/3656 3658/5281/3658 
f 3791/5520/3791 3794/5522/3794 3796/5523/3796 3795/5521/3795 
f 3792/5524/3792 3797/5525/3797 3798/5526/3798 3793/5527/3793 
f 3792/5524/3792 3661/5528/3661 3799/5529/3799 3797/5525/3797 
f 3797/5525/3797 3800/5530/3800 3801/5531/3801 3798/5526/3798 
f 3797/5525/3797 3799/5529/3799 3802/5532/3802 3800/5530/3800 
f 3800/5530/3800 3802/5532/3802 3803/5533/3803 3804/5534/3804 
f 3800/5530/3800 3804/5534/3804 3805/5535/3805 3801/5531/3801 
f 3804/5534/3804 3803/5533/3803 3806/5536/3806 3807/5537/3807 
f 3804/5538/3804 3807/5539/3807 3808/5540/3808 3805/5541/3805 
f 3807/5537/3807 3806/5536/3806 3809/5542/3809 3810/5543/3810 
f 3807/5537/3807 3810/5543/3810 3811/5544/3811 3808/5545/3808 
f 3810/5543/3810 3809/5542/3809 3812/5546/3812 3789/5508/3789 
f 3810/5543/3810 3789/5508/3789 3788/5507/3788 3811/5544/3811 
f 3789/5508/3789 3812/5546/3812 1876/2601/1876 3787/5506/3787 
f 3787/5506/3787 1876/2601/1876 1865/2588/1865 1864/2587/1864 
f 3799/5529/3799 3668/5299/3668 3671/5303/3671 3802/5532/3802 
f 3799/5529/3799 3661/5528/3661 3660/5300/3660 3668/5299/3668 
f 3802/5532/3802 3671/5303/3671 3673/5305/3673 3803/5533/3803 
f 3803/5533/3803 3673/5305/3673 3676/5311/3676 3806/5536/3806 
f 3806/5536/3806 3676/5311/3676 3813/5547/3813 3809/5542/3809 
f 3809/5542/3809 3813/5547/3813 3814/5548/3814 3812/5546/3812 
f 3812/5546/3812 3814/5548/3814 1873/2598/1873 1876/2601/1876 
f 3676/5311/3676 3675/5310/3675 3687/5334/3687 3813/5547/3813 
f 3813/5547/3813 3687/5334/3687 3690/5340/3690 3814/5548/3814 
f 3814/5548/3814 3690/5340/3690 1874/2599/1874 1873/2598/1873 
f 1874/2599/1874 3691/5549/3691 3815/5550/3815 1875/2600/1875 
f 3783/5502/3783 3782/5551/3782 3816/5552/3816 390/532/390 
f 3779/5553/3779 3623/5554/3623 3817/5555/3817 3782/5556/3782 
f 3782/5556/3782 3817/5555/3817 3818/5557/3818 3816/5558/3816 
f 3623/5554/3623 3622/5559/3622 3819/5560/3819 3817/5555/3817 
f 3817/5555/3817 3819/5560/3819 3820/5561/3820 3818/5557/3818 
f 3819/5560/3819 3091/5562/3091 3094/5563/3094 3820/5561/3820 
f 3819/5564/3819 3622/5565/3622 3088/4449/3088 3091/4452/3091 
f 3821/5566/3821 3822/5567/3822 3823/5568/3823 3824/5569/3824 
f 3821/5566/3821 3825/5570/3825 3826/5571/3826 3822/5567/3822 
f 3821/5566/3821 1139/1602/1139 1138/1601/1138 3825/5570/3825 
f 3821/5572/3821 3824/5573/3824 3601/5190/3601 1139/5189/1139 
f 412/554/412 3827/5574/3827 3828/5575/3828 415/557/415 
f 412/554/412 409/551/409 3829/5576/3829 3827/5574/3827 
f 415/557/415 3828/5575/3828 680/903/680 418/560/418 
f 687/5577/687 3830/5578/3830 3831/5579/3831 688/5580/688 
f 687/5577/687 686/5581/686 3832/5582/3832 3830/5578/3830 
f 688/5580/688 3831/5579/3831 3833/5583/3833 689/917/689 
f 689/917/689 3833/5583/3833 3834/5584/3834 690/918/690 
f 690/5585/690 3834/5586/3834 3835/5587/3835 691/5588/691 
f 691/919/691 3835/5589/3835 773/1046/773 692/920/692 
f 774/1049/774 3836/5590/3836 3837/5591/3837 775/1051/775 
f 774/1049/774 772/1048/772 3838/5592/3838 3836/5590/3836 
f 775/1051/775 3837/5591/3837 3839/5593/3839 776/1053/776 
f 776/1053/776 3839/5593/3839 3840/5594/3840 777/1055/777 
f 777/1055/777 3840/5594/3840 3841/5595/3841 778/1057/778 
f 778/1057/778 3841/5595/3841 3842/5596/3842 779/1059/779 
f 779/1059/779 3842/5596/3842 3843/5597/3843 780/1061/780 
f 780/1061/780 3843/5597/3843 3844/5598/3844 781/1063/781 
f 781/1063/781 3844/5598/3844 851/1146/851 782/1145/782 
f 852/1147/852 3845/5599/3845 3846/5600/3846 853/1148/853 
f 852/1147/852 851/1146/851 3847/5601/3847 3845/5599/3845 
f 853/1148/853 3846/5600/3846 3848/5602/3848 854/5603/854 
f 854/5603/854 3848/5602/3848 3849/5604/3849 855/5605/855 
f 855/5605/855 3849/5604/3849 3850/5606/3850 856/5607/856 
f 856/1156/856 3850/5608/3850 3851/5609/3851 857/1158/857 
f 857/5610/857 3851/5611/3851 3852/5612/3852 858/5613/858 
f 858/1160/858 3852/5614/3852 3853/5615/3853 859/1162/859 
f 859/5616/859 3853/5617/3853 3854/5618/3854 860/5619/860 
f 3854/5618/3854 3855/5620/3855 3856/5621/3856 3857/5622/3857 
f 3854/5618/3854 3853/5617/3853 3858/5623/3858 3855/5620/3855 
f 3854/5624/3854 3857/5625/3857 861/1166/861 860/1164/860 
f 3857/5622/3857 3856/5621/3856 3859/5626/3859 3860/5627/3860 
f 3857/5625/3857 3860/5628/3860 862/1168/862 861/1166/861 
f 3860/5627/3860 3859/5626/3859 3861/5629/3861 922/1258/922 
f 3860/5628/3860 922/5630/922 863/1170/863 862/1168/862 
f 922/1258/922 3861/5629/3861 3862/5631/3862 920/1254/920 
f 920/1254/920 3862/5631/3862 3863/5632/3863 921/1255/921 
f 921/1255/921 3863/5632/3863 3864/5633/3864 923/1259/923 
f 923/1259/923 3864/5633/3864 3865/5634/3865 924/1261/924 
f 924/1261/924 3865/5634/3865 3866/5635/3866 925/1263/925 
f 925/1263/925 3866/5635/3866 3867/5636/3867 926/1265/926 
f 3867/5636/3867 3868/5637/3868 3869/5638/3869 3870/5639/3870 
f 3867/5636/3867 3866/5635/3866 3871/5640/3871 3868/5637/3868 
f 3867/5636/3867 3870/5639/3870 927/1267/927 926/1265/926 
f 3870/5639/3870 3869/5638/3869 3872/5641/3872 3873/5642/3873 
f 3870/5639/3870 3873/5642/3873 928/1269/928 927/1267/927 
f 3873/5642/3873 3872/5641/3872 3874/5643/3874 3875/5644/3875 
f 3873/5642/3873 3875/5644/3875 929/1271/929 928/1269/928 
f 3875/5644/3875 3874/5643/3874 3876/5645/3876 3877/5646/3877 
f 3875/5644/3875 3877/5646/3877 930/1273/930 929/1271/929 
f 3877/5646/3877 976/1360/976 931/1275/931 930/1273/930 
f 3877/5646/3877 3876/5645/3876 3878/5647/3878 976/1360/976 
f 976/1360/976 3878/5647/3878 3879/5648/3879 977/1361/977 
f 977/1361/977 3879/5648/3879 3880/5649/3880 978/1362/978 
f 978/1362/978 3880/5649/3880 3881/5650/3881 979/1363/979 
f 3881/5650/3881 3471/5651/3471 3476/5652/3476 3882/5653/3882 
f 3881/5650/3881 3880/5649/3880 3466/5654/3466 3471/5651/3471 
f 3881/5650/3881 3882/5653/3882 980/1364/980 979/1363/979 
f 3882/5653/3882 3476/5652/3476 3481/5655/3481 3883/5656/3883 
f 3882/5653/3882 3883/5656/3883 981/1365/981 980/1364/980 
f 3883/5656/3883 3481/5655/3481 3884/5657/3884 3885/5658/3885 
f 3883/5656/3883 3885/5658/3885 982/1366/982 981/1365/981 
f 3885/5658/3885 3884/5657/3884 3886/5659/3886 3887/5660/3887 
f 3885/5658/3885 3887/5660/3887 983/1368/983 982/1366/982 
f 3887/5660/3887 3886/5659/3886 3888/5661/3888 3889/5662/3889 
f 3887/5660/3887 3889/5662/3889 984/1370/984 983/1368/983 
f 3889/5662/3889 3890/5663/3890 985/1372/985 984/1370/984 
f 3889/5662/3889 3888/5661/3888 3891/5664/3891 3890/5663/3890 
f 3890/5663/3890 3892/5665/3892 986/5666/986 985/1372/985 
f 3890/5663/3890 3891/5664/3891 3893/5667/3893 3892/5665/3892 
f 3892/5668/3892 3894/5669/3894 987/1378/987 986/1376/986 
f 3892/5670/3892 3893/5671/3893 3895/5672/3895 3894/5673/3894 
f 3894/5669/3894 1024/1432/1024 988/1380/988 987/1378/987 
f 3894/5673/3894 3895/5672/3895 3896/5674/3896 1024/5675/1024 
f 3896/5674/3896 3509/5056/3509 3513/5061/3513 3897/5676/3897 
f 3896/5674/3896 3895/5672/3895 3505/5051/3505 3509/5056/3509 
f 3896/5674/3896 3897/5676/3897 1022/5677/1022 1024/5675/1024 
f 3897/5676/3897 3513/5061/3513 3517/5066/3517 3898/5678/3898 
f 3897/5676/3897 3898/5678/3898 1023/5679/1023 1022/5677/1022 
f 3898/5678/3898 3517/5066/3517 3521/5680/3521 3899/5681/3899 
f 3898/5682/3898 3899/5683/3899 1025/1435/1025 1023/1434/1023 
f 3899/5683/3899 3521/5684/3521 3525/5685/3525 3900/5686/3900 
f 3899/5683/3899 3900/5686/3900 1026/1437/1026 1025/1435/1025 
f 3900/5686/3900 3901/5687/3901 1027/1439/1027 1026/1437/1026 
f 3900/5686/3900 3525/5685/3525 3529/5089/3529 3901/5687/3901 
f 3901/5687/3901 3902/5688/3902 1028/1441/1028 1027/1439/1027 
f 3901/5687/3901 3529/5089/3529 3533/5088/3533 3902/5688/3902 
f 3902/5688/3902 3903/5689/3903 1029/1443/1029 1028/1441/1028 
f 3902/5688/3902 3533/5088/3533 3537/5094/3537 3903/5689/3903 
f 3903/5689/3903 3904/5690/3904 1030/1445/1030 1029/1443/1029 
f 3903/5689/3903 3537/5094/3537 3541/5100/3541 3904/5690/3904 
f 3541/5100/3541 3539/5097/3539 3544/5104/3544 3905/5691/3905 
f 3541/5100/3541 3905/5691/3905 3906/5692/3906 3904/5690/3904 
f 3904/5690/3904 3906/5692/3906 1031/1447/1031 1030/1445/1030 
f 3905/5691/3905 3544/5104/3544 3547/5110/3547 3907/5693/3907 
f 3905/5691/3905 3907/5693/3907 3908/5694/3908 3906/5692/3906 
f 3906/5692/3906 3908/5694/3908 1032/1449/1032 1031/1447/1031 
f 3907/5693/3907 3547/5110/3547 3550/5114/3550 3909/5695/3909 
f 3907/5693/3907 3909/5695/3909 3910/5696/3910 3908/5694/3908 
f 3908/5694/3908 3910/5696/3910 1033/1451/1033 1032/1449/1032 
f 3909/5695/3909 3550/5114/3550 3553/5118/3553 3911/5697/3911 
f 3909/5695/3909 3911/5697/3911 1058/1492/1058 3910/5696/3910 
f 3910/5696/3910 1058/1492/1058 1034/1453/1034 1033/1451/1033 
f 3911/5697/3911 3553/5118/3553 3556/5124/3556 3912/5698/3912 
f 3911/5697/3911 3912/5698/3912 1056/1490/1056 1058/1492/1058 
f 3912/5698/3912 3913/5699/3913 1057/1491/1057 1056/1490/1056 
f 3912/5698/3912 3556/5124/3556 3559/5128/3559 3913/5699/3913 
f 3913/5699/3913 3914/5700/3914 1059/1493/1059 1057/1491/1057 
f 3913/5699/3913 3559/5128/3559 3562/5701/3562 3914/5700/3914 
f 3914/5700/3914 3915/5702/3915 1060/1494/1060 1059/1493/1059 
f 3914/5700/3914 3562/5701/3562 3565/5703/3565 3915/5702/3915 
f 3915/5702/3915 3916/5704/3916 1061/1495/1061 1060/1494/1060 
f 3915/5702/3915 3565/5703/3565 3568/5705/3568 3916/5704/3916 
f 3568/5705/3568 3571/5706/3571 3917/5707/3917 3916/5704/3916 
f 3916/5704/3916 3917/5707/3917 1062/1496/1062 1061/1495/1061 
f 3571/5706/3571 3574/5708/3574 3918/5709/3918 3917/5707/3917 
f 3917/5707/3917 3918/5709/3918 1063/1497/1063 1062/1496/1062 
f 3574/5708/3574 3577/5710/3577 3919/5711/3919 3918/5709/3918 
f 3918/5709/3918 3919/5711/3919 1064/1498/1064 1063/1497/1063 
f 3577/5710/3577 3580/5712/3580 3920/5713/3920 3919/5711/3919 
f 3919/5711/3919 3920/5713/3920 1065/1499/1065 1064/1498/1064 
f 3580/5712/3580 3583/5714/3583 3921/5715/3921 3920/5713/3920 
f 3920/5713/3920 3921/5715/3921 1066/1500/1066 1065/1499/1065 
f 3583/5716/3583 3586/5717/3586 1080/1518/1080 3921/5718/3921 
f 3921/5715/3921 1080/5719/1080 1067/5720/1067 1066/1500/1066 
f 3586/5717/3586 3922/5721/3922 1081/1519/1081 1080/1518/1080 
f 3586/5159/3586 3585/5158/3585 3923/5722/3923 3922/5723/3922 
f 3922/5723/3922 3924/5724/3924 1082/5725/1082 1081/5726/1081 
f 3922/5723/3922 3923/5722/3923 3925/5727/3925 3924/5724/3924 
f 3924/5724/3924 3926/5728/3926 1083/5729/1083 1082/5725/1082 
f 3924/5724/3924 3925/5727/3925 3927/5730/3927 3926/5728/3926 
f 3927/5730/3927 3928/5731/3928 3929/5732/3929 3930/5733/3930 
f 3927/5730/3927 3925/5727/3925 3931/5734/3931 3928/5731/3928 
f 3927/5730/3927 3930/5733/3930 3932/5735/3932 3926/5728/3926 
f 3926/5728/3926 3932/5735/3932 1084/5736/1084 1083/5729/1083 
f 3930/5733/3930 3929/5732/3929 3634/5239/3634 3636/5238/3636 
f 3930/5733/3930 3636/5238/3636 3933/5737/3933 3932/5735/3932 
f 3932/5735/3932 3933/5737/3933 1085/5738/1085 1084/5736/1084 
f 3636/5238/3636 3631/5231/3631 3934/5739/3934 3933/5737/3933 
f 3933/5737/3933 3934/5739/3934 1086/5740/1086 1085/5738/1085 
f 3631/5231/3631 3630/5230/3630 3935/5741/3935 3934/5739/3934 
f 3934/5739/3934 3935/5741/3935 1087/1533/1087 1086/5740/1086 
f 3935/5741/3935 3936/5742/3936 1088/1534/1088 1087/1533/1087 
f 3935/5741/3935 3630/5230/3630 3937/5743/3937 3936/5742/3936 
f 3936/5742/3936 3938/5744/3938 1089/1541/1089 1088/1534/1088 
f 3936/5742/3936 3937/5743/3937 3939/5745/3939 3938/5744/3938 
f 3938/5744/3938 3939/5745/3939 3940/5746/3940 3941/5747/3941 
f 3938/5744/3938 3941/5747/3941 1090/1542/1090 1089/1541/1089 
f 1090/1542/1090 3941/5747/3941 3942/5748/3942 1091/1544/1091 
f 1091/1544/1091 3942/5748/3942 3943/5749/3943 1092/1546/1092 
f 1092/1546/1092 3943/5749/3943 3944/5750/3944 3746/5448/3746 
f 2814/4008/2814 2813/4007/2813 3945/5751/3945 3946/5752/3946 
f 2814/4008/2814 3946/5752/3946 3615/5207/3615 3617/5209/3617 
f 3946/5752/3946 3945/5751/3945 3075/4432/3075 3078/4435/3078 
f 3946/5752/3946 3078/4435/3078 3077/4434/3077 3615/5207/3615 
f 3043/4382/3043 2453/3419/2453 2444/3407/2444 2448/3411/2448 
f 3043/4382/3043 3044/4383/3044 2454/3420/2454 2453/3419/2453 
f 3051/4393/3051 2460/3434/2460 2450/3416/2450 2454/3420/2454 
f 3051/4392/3051 1832/2544/1832 2461/3438/2461 2460/3437/2460 
f 3947/5753/3947 3948/5754/3948 3949/5755/3949 3950/5756/3950 
f 3947/5753/3947 3951/5757/3951 3952/5758/3952 3948/5754/3948 
f 3947/5753/3947 3953/5759/3953 3954/5760/3954 3951/5757/3951 
f 3947/5753/3947 3950/5756/3950 3955/5761/3955 3953/5759/3953 
f 3951/5757/3951 3956/5762/3956 3957/5763/3957 3952/5758/3952 
f 3951/5757/3951 3954/5760/3954 3958/5764/3958 3956/5762/3956 
f 3959/5765/3959 3960/5766/3960 3961/5767/3961 3962/5768/3962 
f 3959/5765/3959 2417/3352/2417 296/409/296 3960/5766/3960 
f 3959/5765/3959 3963/5769/3963 2663/3784/2663 2417/3352/2417 
f 3959/5765/3959 3962/5768/3962 3964/5770/3964 3963/5769/3963 
f 3962/5768/3962 3961/5767/3961 3764/5467/3764 3965/5771/3965 
f 3962/5768/3962 3965/5771/3965 3966/5772/3966 3964/5770/3964 
f 3965/5771/3965 213/287/213 212/286/212 3966/5772/3966 
f 3965/5771/3965 3764/5467/3764 3002/4308/3002 213/287/213 
f 3966/5772/3966 212/286/212 215/289/215 3967/5773/3967 
f 3966/5772/3966 3967/5773/3967 3968/5774/3968 3964/5770/3964 
f 3969/5775/3969 3970/5776/3970 3971/5777/3971 3972/5778/3972 
f 3969/5775/3969 2624/3717/2624 3973/5779/3973 3970/5776/3970 
f 3969/5775/3969 215/289/215 214/288/214 2624/3717/2624 
f 3969/5775/3969 3972/5778/3972 3974/5780/3974 215/289/215 
f 2677/3804/2677 2676/3803/2676 3975/5781/3975 3771/5477/3771 
f 3771/5477/3771 3975/5781/3975 3976/5782/3976 3772/5478/3772 
f 3772/5783/3772 3976/5784/3976 3977/5785/3977 3774/5786/3774 
f 2675/5787/2675 2686/3826/2686 3978/5788/3978 2676/5789/2676 
f 2676/5790/2676 3978/5791/3978 3979/5792/3979 3975/5793/3975 
f 3975/5793/3975 3979/5792/3979 3980/5794/3980 3976/5795/3976 
f 2686/3826/2686 2692/3825/2692 3981/5796/3981 3978/5788/3978 
f 3978/5791/3978 3981/5797/3981 3982/5798/3982 3979/5792/3979 
f 2691/3824/2691 2698/5799/2698 3983/5800/3983 2692/3825/2692 
f 2692/3825/2692 3983/5800/3983 3984/5801/3984 3981/5796/3981 
f 2698/5799/2698 2703/5802/2703 3985/5803/3985 3983/5800/3983 
f 2702/3836/2702 2705/3839/2705 2731/3875/2731 2703/3837/2703 
f 2520/3536/2520 2519/3535/2519 2538/3571/2538 2642/5804/2642 
f 2562/3619/2562 2495/3494/2495 108/156/108 107/155/107 
f 2789/5805/2789 3986/5806/3986 3987/5807/3987 2790/5808/2790 
f 2789/5805/2789 2793/5809/2793 3988/5810/3988 3986/5806/3986 
f 3986/5806/3986 3989/5811/3989 3990/5812/3990 3987/5807/3987 
f 3986/5806/3986 3988/5810/3988 3991/5813/3991 3989/5811/3989 
f 3989/5814/3989 3992/5815/3992 3993/5816/3993 3990/5817/3990 
f 3989/5818/3989 3991/5819/3991 3994/5820/3994 3992/5821/3992 
f 3992/5815/3992 3995/5822/3995 3996/5823/3996 3993/5816/3993 
f 3992/5824/3992 3994/5825/3994 3997/5826/3997 3995/5827/3995 
f 3995/5827/3995 3998/5828/3998 3999/5829/3999 3996/5830/3996 
f 3995/5827/3995 3997/5826/3997 4000/5831/4000 3998/5828/3998 
f 3998/5828/3998 4001/5832/4001 4002/5833/4002 3999/5829/3999 
f 3998/5834/3998 4000/5835/4000 4003/5836/4003 4001/5837/4001 
f 4001/5837/4001 4004/5838/4004 4005/5839/4005 4002/5840/4002 
f 4001/5837/4001 4003/5836/4003 4006/5841/4006 4004/5838/4004 
f 4004/5838/4004 4007/5842/4007 4008/5843/4008 4005/5839/4005 
f 4004/5838/4004 4006/5841/4006 4009/5844/4009 4007/5842/4007 
f 4007/5842/4007 4010/5845/4010 4011/5846/4011 4008/5843/4008 
f 4007/5847/4007 4009/5848/4009 4012/5849/4012 4010/5850/4010 
f 4010/5845/4010 4013/5851/4013 4014/5852/4014 4011/5846/4011 
f 4010/5850/4010 4012/5849/4012 4015/5853/4015 4013/5854/4013 
f 4013/5851/4013 4016/5855/4016 4017/5856/4017 4014/5852/4014 
f 4013/5854/4013 4015/5853/4015 4018/5857/4018 4016/5858/4016 
f 4016/5855/4016 4019/5859/4019 4020/5860/4020 4017/5856/4017 
f 4016/5858/4016 4018/5857/4018 4021/5861/4021 4019/5862/4019 
f 4019/5859/4019 4022/5863/4022 4023/5864/4023 4020/5860/4020 
f 4019/5862/4019 4021/5861/4021 4024/5865/4024 4022/5866/4022 
f 4022/5867/4022 4025/5868/4025 4026/5869/4026 4023/5870/4023 
f 4022/5866/4022 4024/5865/4024 4027/5871/4027 4025/5872/4025 
f 4025/5873/4025 4028/5874/4028 4029/5875/4029 4026/5876/4026 
f 4025/5872/4025 4027/5871/4027 4030/5877/4030 4028/5878/4028 
f 4028/5879/4028 4031/5880/4031 4032/5881/4032 4029/5882/4029 
f 4028/5878/4028 4030/5877/4030 4033/5883/4033 4031/5884/4031 
f 4031/5880/4031 4034/5885/4034 4035/5886/4035 4032/5881/4032 
f 4031/5884/4031 4033/5883/4033 4036/5887/4036 4034/5888/4034 
f 4034/5885/4034 4037/5889/4037 4038/5890/4038 4035/5886/4035 
f 4034/5885/4034 4036/5891/4036 4039/5892/4039 4037/5889/4037 
f 4037/5889/4037 4040/5893/4040 4041/5894/4041 4038/5890/4038 
f 4037/5889/4037 4039/5892/4039 4042/5895/4042 4040/5893/4040 
f 4040/5893/4040 4043/5896/4043 4044/5897/4044 4041/5894/4041 
f 4040/5893/4040 4042/5895/4042 4045/5898/4045 4043/5896/4043 
f 4043/5896/4043 4046/5899/4046 4047/5900/4047 4044/5897/4044 
f 4043/5896/4043 4045/5898/4045 4048/5901/4048 4046/5899/4046 
f 4046/5899/4046 4049/5902/4049 4050/5903/4050 4047/5900/4047 
f 4046/5899/4046 4048/5901/4048 4051/5904/4051 4049/5902/4049 
f 4049/5902/4049 4052/5905/4052 4053/5906/4053 4050/5903/4050 
f 4049/5902/4049 4051/5904/4051 4054/5907/4054 4052/5905/4052 
f 4052/5905/4052 4055/5908/4055 4056/5909/4056 4053/5906/4053 
f 4052/5905/4052 4054/5907/4054 4057/5910/4057 4055/5908/4055 
f 4055/5908/4055 4058/5911/4058 4059/5912/4059 4056/5909/4056 
f 4055/5908/4055 4057/5910/4057 1977/5913/1977 4058/5911/4058 
f 4058/5911/4058 4060/5914/4060 4061/5915/4061 4059/5912/4059 
f 4058/5911/4058 1977/5913/1977 1976/5916/1976 4060/5914/4060 
f 4060/5914/4060 4062/5917/4062 4063/5918/4063 4061/5915/4061 
f 4060/5914/4060 1976/5916/1976 1979/5919/1979 4062/5917/4062 
f 4062/5917/4062 4064/5920/4064 4065/5921/4065 4063/5918/4063 
f 4062/5917/4062 1979/5919/1979 1982/5922/1982 4064/5920/4064 
f 4064/5920/4064 4066/5923/4066 4067/5924/4067 4065/5921/4065 
f 4064/5920/4064 1982/5922/1982 1985/5925/1985 4066/5923/4066 
f 4066/5923/4066 4068/5926/4068 4069/5927/4069 4067/5924/4067 
f 4066/5923/4066 1985/5925/1985 1988/5928/1988 4068/5926/4068 
f 4068/5926/4068 4070/5929/4070 4071/5930/4071 4069/5927/4069 
f 4068/5926/4068 1988/5928/1988 1991/5931/1991 4070/5929/4070 
f 4070/5929/4070 4072/5932/4072 4073/5933/4073 4071/5930/4071 
f 4070/5929/4070 1991/5931/1991 1994/5934/1994 4072/5932/4072 
f 4072/5932/4072 4074/5935/4074 4075/5936/4075 4073/5933/4073 
f 4072/5932/4072 1994/5934/1994 1997/5937/1997 4074/5935/4074 
f 4074/5935/4074 4076/5938/4076 4077/5939/4077 4075/5936/4075 
f 4074/5940/4074 1997/2754/1997 2000/2757/2000 4076/5941/4076 
f 2793/5809/2793 2050/5942/2050 2049/5943/2049 3988/5810/3988 
f 2793/5944/2793 2792/5945/2792 2055/2814/2055 2050/2807/2050 
f 3988/5810/3988 2049/5943/2049 2057/5946/2057 3991/5813/3991 
f 3991/5819/3991 2057/5947/2057 2060/5948/2060 3994/5820/3994 
f 3994/5820/3994 2060/5948/2060 2063/5949/2063 3997/5950/3997 
f 3997/5826/3997 2063/5951/2063 2066/5952/2066 4000/5831/4000 
f 4000/5953/4000 2066/5954/2066 2069/5955/2069 4003/5956/4003 
f 4003/5956/4003 2069/5955/2069 2072/5957/2072 4006/5958/4006 
f 4006/5958/4006 2072/5957/2072 2075/5959/2075 4009/5848/4009 
f 4009/5848/4009 2075/5959/2075 2078/5960/2078 4012/5849/4012 
f 4012/5961/4012 2078/2839/2078 2081/2842/2081 4015/5962/4015 
f 4015/5853/4015 2081/5963/2081 2084/5964/2084 4018/5857/4018 
f 4018/5857/4018 2084/5964/2084 2087/5965/2087 4021/5861/4021 
f 4021/5861/4021 2087/5965/2087 2091/5966/2091 4024/5865/4024 
f 4024/5967/4024 2091/2852/2091 2094/2855/2094 4027/5968/4027 
f 4027/5871/4027 2094/5969/2094 2097/5970/2097 4030/5877/4030 
f 4030/5877/4030 2097/5970/2097 2100/5971/2100 4033/5883/4033 
f 4033/5883/4033 2100/5971/2100 2103/5972/2103 4036/5887/4036 
f 4036/5887/4036 2103/5972/2103 2106/5973/2106 4039/5974/4039 
f 4039/5974/4039 2106/5973/2106 2109/5975/2109 4042/5976/4042 
f 4042/5976/4042 2109/5975/2109 2112/2879/2112 4045/5977/4045 
f 4045/5977/4045 2112/2879/2112 2115/2878/2115 4048/5978/4048 
f 4048/5978/4048 2115/2878/2115 2118/2885/2118 4051/5979/4051 
f 4051/5979/4051 2118/2885/2118 2121/2889/2121 4054/5980/4054 
f 4054/5980/4054 2121/2889/2121 2124/2893/2124 4057/5981/4057 
f 4057/5981/4057 2124/2893/2124 1973/2726/1973 1977/2730/1977 
f 2000/2757/2000 2003/2760/2003 4078/5982/4078 4076/5941/4076 
f 2003/2760/2003 2006/2763/2006 4079/5983/4079 4078/5982/4078 
f 2006/2763/2006 2009/2766/2009 4080/5984/4080 4079/5983/4079 
f 2009/2766/2009 2012/2769/2012 4081/5985/4081 4080/5984/4080 
f 2012/2769/2012 2015/2772/2015 4082/5986/4082 4081/5985/4081 
f 2015/2772/2015 2019/2776/2019 4083/5987/4083 4082/5986/4082 
f 2019/2776/2019 2022/2779/2022 4084/5988/4084 4083/5987/4083 
f 2022/2779/2022 2025/2782/2025 4085/5989/4085 4084/5988/4084 
f 2025/2782/2025 2028/2785/2028 4086/5990/4086 4085/5989/4085 
f 2028/2785/2028 2031/2788/2031 4087/5991/4087 4086/5990/4086 
f 2031/2788/2031 2034/2791/2034 4088/5992/4088 4087/5991/4087 
f 2034/2791/2034 2037/2794/2037 4089/5993/4089 4088/5992/4088 
f 2037/2794/2037 2040/2797/2040 4090/5994/4090 4089/5993/4089 
f 2040/2797/2040 2043/2800/2043 4091/5995/4091 4090/5994/4090 
f 2043/2800/2043 2046/2803/2046 4092/5996/4092 4091/5995/4091 
f 2046/2803/2046 4093/5997/4093 4094/5998/4094 4092/5996/4092 
f 2046/2803/2046 2045/2802/2045 4095/5999/4095 4093/5997/4093 
f 4093/6000/4093 4096/6001/4096 4097/6002/4097 4094/6003/4094 
f 4093/5997/4093 4095/5999/4095 4098/6004/4098 4096/6005/4096 
f 4096/6005/4096 1950/2703/1950 1952/2705/1952 4097/6006/4097 
f 4096/6005/4096 4098/6004/4098 1951/2704/1951 1950/2703/1950 
f 1970/2723/1970 1971/2724/1971 4099/6007/4099 4100/6008/4100 
f 1970/2723/1970 4100/6008/4100 1806/2518/1806 1805/2517/1805 
f 4100/6008/4100 4099/6007/4099 4101/6009/4101 4102/6010/4102 
f 4100/6008/4100 4102/6010/4102 1807/2519/1807 1806/2518/1806 
f 4102/6010/4102 4101/6009/4101 4103/6011/4103 4104/6012/4104 
f 4102/6010/4102 4104/6012/4104 1808/2520/1808 1807/2519/1807 
f 4104/6012/4104 4103/6011/4103 4105/6013/4105 1820/2532/1820 
f 4104/6012/4104 1820/2532/1820 1809/2521/1809 1808/2520/1808 
f 1820/2532/1820 4105/6013/4105 4106/6014/4106 1821/2533/1821 
f 1821/2533/1821 4106/6014/4106 4107/6015/4107 1822/2534/1822 
f 1822/2534/1822 4107/6015/4107 4108/6016/4108 1823/2535/1823 
f 1823/2535/1823 4108/6016/4108 4109/6017/4109 1824/2536/1824 
f 1824/2536/1824 4109/6017/4109 4110/6018/4110 1825/2537/1825 
f 1825/2537/1825 4110/6018/4110 4111/6019/4111 1826/2538/1826 
f 1826/2538/1826 4111/6019/4111 4112/6020/4112 3036/4375/3036 
f 3036/4375/3036 4113/6021/4113 1817/2529/1817 1816/2528/1816 
f 3036/4375/3036 4112/6020/4112 4114/6022/4114 4113/6021/4113 
f 2045/2802/2045 2044/2801/2044 4115/6023/4115 4095/5999/4095 
f 4095/5999/4095 4115/6023/4115 4116/6024/4116 4098/6004/4098 
f 4098/6004/4098 4116/6024/4116 4117/6025/4117 1951/2704/1951 
f 1951/2704/1951 4117/6025/4117 4118/6026/4118 1948/2701/1948 
f 1948/2701/1948 4118/6026/4118 4119/6027/4119 1949/2702/1949 
f 1949/2702/1949 4119/6027/4119 4120/6028/4120 1955/2708/1955 
f 1955/2708/1955 4120/6028/4120 4121/6029/4121 1958/2711/1958 
f 1958/2711/1958 4121/6029/4121 4122/6030/4122 1961/2714/1961 
f 1961/2714/1961 4122/6030/4122 4123/6031/4123 1963/2716/1963 
f 1963/2716/1963 4123/6031/4123 4124/6032/4124 1965/2718/1965 
f 1965/6033/1965 4124/6034/4124 4125/6035/4125 1967/6036/1967 
f 1967/6036/1967 4125/6035/4125 4126/6037/4126 1969/6038/1969 
f 1969/2722/1969 4126/6039/4126 4127/6040/4127 1971/2724/1971 
f 1971/2724/1971 4127/6040/4127 4128/6041/4128 4099/6007/4099 
f 4099/6007/4099 4128/6041/4128 4129/6042/4129 4101/6009/4101 
f 4101/6009/4101 4129/6042/4129 4130/6043/4130 4103/6011/4103 
f 4103/6011/4103 4130/6043/4130 4131/6044/4131 4105/6013/4105 
f 4105/6013/4105 4131/6044/4131 4132/6045/4132 4106/6014/4106 
f 4106/6014/4106 4132/6045/4132 4133/6046/4133 4107/6015/4107 
f 4107/6015/4107 4133/6046/4133 4134/6047/4134 4108/6016/4108 
f 4108/6016/4108 4134/6047/4134 4135/6048/4135 4109/6017/4109 
f 4109/6049/4109 4135/6050/4135 4136/6051/4136 4110/6052/4110 
f 4110/6052/4110 4136/6051/4136 4137/6053/4137 4111/6054/4111 
f 4111/6055/4111 4137/6056/4137 4138/6057/4138 4112/6058/4112 
f 4112/6020/4112 4138/6059/4138 4139/6060/4139 4114/6022/4114 
f 4114/6061/4114 4139/6062/4139 4140/6063/4140 4141/6064/4141 
f 4114/6022/4114 4141/6065/4141 4142/6066/4142 4113/6021/4113 
f 4141/6064/4141 4140/6063/4140 4143/6067/4143 4144/6068/4144 
f 4141/6065/4141 4144/6069/4144 4145/6070/4145 4142/6066/4142 
f 4144/6068/4144 4143/6067/4143 4146/6071/4146 4147/6072/4147 
f 4144/6073/4144 4147/6074/4147 4148/6075/4148 4145/6076/4145 
f 4147/6077/4147 4149/6078/4149 4150/6079/4150 4148/6080/4148 
f 4147/6072/4147 4146/6071/4146 4151/6081/4151 4149/6082/4149 
f 4149/6078/4149 4152/6083/4152 4153/6084/4153 4150/6079/4150 
f 4149/6082/4149 4151/6081/4151 4154/6085/4154 4152/6086/4152 
f 4152/6083/4152 4155/6087/4155 4156/6088/4156 4153/6084/4153 
f 4152/6086/4152 4154/6085/4154 4157/6089/4157 4155/6090/4155 
f 2004/2761/2004 2135/2913/2135 4158/6091/4158 2007/2764/2007 
f 2007/2764/2007 4158/6091/4158 4159/6092/4159 2010/2767/2010 
f 2010/2767/2010 4159/6092/4159 4160/6093/4160 2013/2770/2013 
f 2013/2770/2013 4160/6093/4160 4161/6094/4161 2016/2773/2016 
f 2016/2773/2016 4161/6094/4161 4162/6095/4162 2017/2774/2017 
f 2017/2774/2017 4162/6095/4162 4163/6096/4163 2020/2777/2020 
f 2020/2777/2020 4163/6096/4163 4164/6097/4164 2023/2780/2023 
f 2023/2780/2023 4164/6097/4164 4165/6098/4165 2026/2783/2026 
f 2026/2783/2026 4165/6098/4165 4166/6099/4166 2029/2786/2029 
f 2029/6100/2029 4166/6101/4166 4167/6102/4167 2032/6103/2032 
f 2032/2789/2032 4167/6104/4167 4168/6105/4168 2035/2792/2035 
f 2035/6106/2035 4168/6107/4168 4169/6108/4169 2038/6109/2038 
f 2038/6110/2038 4169/6111/4169 4170/6112/4170 2041/6113/2041 
f 2041/6113/2041 4170/6112/4170 4171/6114/4171 2044/6115/2044 
f 2044/6115/2044 4171/6114/4171 4172/6116/4172 4115/6117/4115 
f 4115/6117/4115 4172/6116/4172 4173/6118/4173 4116/6119/4116 
f 4116/6119/4116 4173/6118/4173 4174/6120/4174 4117/6121/4117 
f 4117/6121/4117 4174/6120/4174 4175/6122/4175 4118/6123/4118 
f 4118/6123/4118 4175/6122/4175 4176/6124/4176 4119/6125/4119 
f 4119/6125/4119 4176/6124/4176 4177/6126/4177 4120/6127/4120 
f 4120/6127/4120 4177/6126/4177 4178/6128/4178 4121/6129/4121 
f 4121/6129/4121 4178/6128/4178 4179/6130/4179 4122/6131/4122 
f 4122/6131/4122 4179/6130/4179 4180/6132/4180 4123/6133/4123 
f 4123/6133/4123 4180/6132/4180 4181/6134/4181 4124/6135/4124 
f 4124/6135/4124 4181/6134/4181 4182/6136/4182 4125/6137/4125 
f 4125/6137/4125 4182/6136/4182 4183/6138/4183 4126/6139/4126 
f 4126/6139/4126 4183/6138/4183 4184/6140/4184 4127/6141/4127 
f 4127/6141/4127 4184/6140/4184 4185/6142/4185 4128/6143/4128 
f 4128/6144/4128 4185/6145/4185 4186/6146/4186 4129/6147/4129 
f 4129/6147/4129 4186/6146/4186 4187/6148/4187 4130/6149/4130 
f 4130/6149/4130 4187/6148/4187 4188/6150/4188 4131/6151/4131 
f 4131/6151/4131 4188/6150/4188 4189/6152/4189 4132/6153/4132 
f 4132/6153/4132 4189/6152/4189 4190/6154/4190 4133/6155/4133 
f 4133/6155/4133 4190/6154/4190 4191/6156/4191 4134/6157/4134 
f 4134/6158/4134 4191/6159/4191 4192/6160/4192 4135/6161/4135 
f 4135/6162/4135 4192/6163/4192 4193/6164/4193 4136/6165/4136 
f 4136/6166/4136 4193/6167/4193 4194/6168/4194 4137/6056/4137 
f 4137/6169/4137 4194/6170/4194 4195/6171/4195 4138/6172/4138 
f 4138/6172/4138 4195/6171/4195 4196/6173/4196 4139/6062/4139 
f 4139/6062/4139 4196/6173/4196 4197/6174/4197 4140/6063/4140 
f 4140/6063/4140 4197/6174/4197 4198/6175/4198 4143/6067/4143 
f 4143/6067/4143 4198/6175/4198 4199/6176/4199 4146/6071/4146 
f 4146/6071/4146 4199/6176/4199 4200/6177/4200 4151/6081/4151 
f 4151/6081/4151 4200/6177/4200 4201/6178/4201 4154/6085/4154 
f 4154/6085/4154 4201/6178/4201 4202/6179/4202 4157/6089/4157 
f 4157/6089/4157 4202/6179/4202 4203/6180/4203 4204/6181/4204 
f 4157/6089/4157 4204/6181/4204 4205/6182/4205 4155/6090/4155 
f 4204/6181/4204 4203/6180/4203 4206/6183/4206 4207/6184/4207 
f 4204/6181/4204 4207/6184/4207 4208/6185/4208 4205/6182/4205 
f 4207/6184/4207 4206/6183/4206 4209/6186/4209 4210/6187/4210 
f 4207/6184/4207 4210/6187/4210 4211/6188/4211 4208/6185/4208 
f 4210/6189/4210 4212/6190/4212 4213/6191/4213 4211/6192/4211 
f 4210/6187/4210 4209/6186/4209 4214/6193/4214 4212/6194/4212 
f 4212/6190/4212 4215/6195/4215 4216/6196/4216 4213/6191/4213 
f 4212/6194/4212 4214/6193/4214 4217/6197/4217 4215/6198/4215 
f 4215/6195/4215 4218/6199/4218 4219/6200/4219 4216/6196/4216 
f 4215/6198/4215 4217/6197/4217 4220/6201/4220 4218/6202/4218 
f 2116/2940/2116 2159/2939/2159 4221/6203/4221 2119/2890/2119 
f 2119/2890/2119 4221/6203/4221 4222/6204/4222 2122/2891/2122 
f 2122/2891/2122 4222/6204/4222 4223/6205/4223 2125/6206/2125 
f 2125/6206/2125 4223/6205/4223 4224/6207/4224 2126/6208/2126 
f 2126/6208/2126 4224/6207/4224 4225/6209/4225 2127/6210/2127 
f 2127/2901/2127 4225/6211/4225 4226/6212/4226 2128/2902/2128 
f 2128/2904/2128 4226/6213/4226 4227/6214/4227 2129/2905/2129 
f 2129/2907/2129 4227/6215/4227 4228/6216/4228 2130/2908/2130 
f 2130/6217/2130 4228/6218/4228 4229/6219/4229 2131/6220/2131 
f 2131/6221/2131 4229/6222/4229 4230/6223/4230 2132/6224/2132 
f 2132/6224/2132 4230/6223/4230 4231/6225/4231 2133/6226/2133 
f 2133/6226/2133 4231/6225/4231 4232/6227/4232 2134/6228/2134 
f 2134/6228/2134 4232/6227/4232 4233/6229/4233 2135/6230/2135 
f 2135/6230/2135 4233/6229/4233 4234/6231/4234 4158/6232/4158 
f 4158/6232/4158 4234/6231/4234 4235/6233/4235 4159/6234/4159 
f 4159/6235/4159 4235/6236/4235 4236/6237/4236 4160/6238/4160 
f 4160/6238/4160 4236/6237/4236 4237/6239/4237 4161/6240/4161 
f 4161/6240/4161 4237/6239/4237 4238/6241/4238 4162/6242/4162 
f 4162/6242/4162 4238/6241/4238 4239/6243/4239 4163/6244/4163 
f 4163/6244/4163 4239/6243/4239 4240/6245/4240 4164/6246/4164 
f 4164/6246/4164 4240/6245/4240 4241/6247/4241 4165/6248/4165 
f 4165/6249/4165 4241/6250/4241 4242/6251/4242 4166/6101/4166 
f 4166/6101/4166 4242/6251/4242 4243/6252/4243 4167/6102/4167 
f 4167/6102/4167 4243/6252/4243 4244/6253/4244 4168/6254/4168 
f 4168/6254/4168 4244/6253/4244 4245/6255/4245 4169/6111/4169 
f 4169/6111/4169 4245/6255/4245 4246/6256/4246 4170/6112/4170 
f 4170/6112/4170 4246/6256/4246 4247/6257/4247 4171/6114/4171 
f 4171/6114/4171 4247/6257/4247 4248/6258/4248 4172/6116/4172 
f 4172/6116/4172 4248/6258/4248 4249/6259/4249 4173/6118/4173 
f 4173/6118/4173 4249/6259/4249 4250/6260/4250 4174/6120/4174 
f 4174/6120/4174 4250/6260/4250 4251/6261/4251 4175/6122/4175 
f 4175/6122/4175 4251/6261/4251 4252/6262/4252 4176/6124/4176 
f 4176/6124/4176 4252/6262/4252 4253/6263/4253 4177/6126/4177 
f 4177/6126/4177 4253/6263/4253 4254/6264/4254 4178/6128/4178 
f 4178/6128/4178 4254/6264/4254 4255/6265/4255 4179/6130/4179 
f 4179/6130/4179 4255/6265/4255 4256/6266/4256 4180/6132/4180 
f 4180/6132/4180 4256/6266/4256 4257/6267/4257 4181/6134/4181 
f 4181/6134/4181 4257/6267/4257 4258/6268/4258 4182/6136/4182 
f 4182/6136/4182 4258/6268/4258 4259/6269/4259 4183/6138/4183 
f 4183/6138/4183 4259/6269/4259 4260/6270/4260 4184/6140/4184 
f 4184/6140/4184 4260/6270/4260 4261/6271/4261 4185/6142/4185 
f 4185/6142/4185 4261/6271/4261 4262/6272/4262 4186/6273/4186 
f 4186/6273/4186 4262/6272/4262 4263/6274/4263 4187/6275/4187 
f 4187/6275/4187 4263/6274/4263 4264/6276/4264 4188/6277/4188 
f 4188/6277/4188 4264/6276/4264 4265/6278/4265 4189/6279/4189 
f 4189/6279/4189 4265/6278/4265 4266/6280/4266 4190/6281/4190 
f 4190/6281/4190 4266/6280/4266 4267/6282/4267 4191/6159/4191 
f 4191/6159/4191 4267/6282/4267 4268/6283/4268 4192/6160/4192 
f 4192/6163/4192 4268/6284/4268 4269/6285/4269 4193/6164/4193 
f 4193/6164/4193 4269/6285/4269 4270/6286/4270 4194/6287/4194 
f 4194/6170/4194 4270/6288/4270 4271/6289/4271 4195/6171/4195 
f 4195/6171/4195 4271/6289/4271 4272/6290/4272 4196/6173/4196 
f 4196/6173/4196 4272/6290/4272 4273/6291/4273 4197/6174/4197 
f 4197/6174/4197 4273/6291/4273 4274/6292/4274 4198/6175/4198 
f 4198/6175/4198 4274/6292/4274 4275/6293/4275 4199/6176/4199 
f 4199/6176/4199 4275/6293/4275 4276/6294/4276 4200/6177/4200 
f 4200/6177/4200 4276/6294/4276 4277/6295/4277 4201/6178/4201 
f 4201/6178/4201 4277/6295/4277 4278/6296/4278 4202/6179/4202 
f 4202/6179/4202 4278/6296/4278 4279/6297/4279 4203/6180/4203 
f 4203/6180/4203 4279/6297/4279 4280/6298/4280 4206/6183/4206 
f 4206/6183/4206 4280/6298/4280 4281/6299/4281 4209/6186/4209 
f 4209/6186/4209 4281/6299/4281 4282/6300/4282 4214/6193/4214 
f 4214/6193/4214 4282/6300/4282 4283/6301/4283 4217/6197/4217 
f 4217/6197/4217 4283/6301/4283 4284/6302/4284 4220/6201/4220 
f 4220/6303/4220 4284/6304/4284 4285/6305/4285 4286/6306/4286 
f 4220/6303/4220 4286/6306/4286 4287/6307/4287 4218/6308/4218 
f 4286/6306/4286 4285/6305/4285 4288/6309/4288 4289/6310/4289 
f 4286/6311/4286 4289/6312/4289 4290/6313/4290 4287/6314/4287 
f 4289/6312/4289 4288/6315/4288 4291/6316/4291 4292/6317/4292 
f 4289/6312/4289 4292/6317/4292 4293/6318/4293 4290/6313/4290 
f 4292/6319/4292 4294/6320/4294 4295/6321/4295 4293/6322/4293 
f 4292/6323/4292 4291/6324/4291 4296/6325/4296 4294/6326/4294 
f 4294/6326/4294 4297/6327/4297 4298/6328/4298 4295/6329/4295 
f 4294/6330/4294 4296/6331/4296 4299/6332/4299 4297/6333/4297 
f 4297/6327/4297 4300/6334/4300 4301/6335/4301 4298/6328/4298 
f 4297/6333/4297 4299/6332/4299 4302/6336/4302 4300/6337/4300 
f 2146/2924/2146 2170/2951/2170 2198/3005/2198 2147/2925/2147 
f 2147/2925/2147 2198/3005/2198 2201/3009/2201 2148/2926/2148 
f 2148/2926/2148 2201/3009/2201 2204/3013/2204 2149/2927/2149 
f 2149/2927/2149 2204/3013/2204 2207/3017/2207 2150/2928/2150 
f 2150/2928/2150 2207/3017/2207 2210/3023/2210 2151/2929/2151 
f 2151/2929/2151 2210/3023/2210 2213/3027/2213 2152/2930/2152 
f 2152/2930/2152 2213/3027/2213 2215/3029/2215 2153/2931/2153 
f 2153/2931/2153 2215/3029/2215 2218/6338/2218 2154/2932/2154 
f 2154/2932/2154 2218/6338/2218 2221/6339/2221 2155/2933/2155 
f 2155/6340/2155 2221/6341/2221 2224/6342/2224 2156/6343/2156 
f 2156/6343/2156 2224/6342/2224 2227/6344/2227 2157/6345/2157 
f 2157/6346/2157 2227/3043/2227 2230/3046/2230 2158/6347/2158 
f 2158/6348/2158 2230/6349/2230 2233/6350/2233 2159/6351/2159 
f 2159/6352/2159 2233/3049/2233 2236/3052/2236 4221/6353/4221 
f 4221/6354/4221 2236/6355/2236 2239/6356/2239 4222/6357/4222 
f 4222/6357/4222 2239/6356/2239 2242/6358/2242 4223/6359/4223 
f 4223/6359/4223 2242/6358/2242 4303/6360/4303 4224/6361/4224 
f 4224/6362/4224 4303/6363/4303 4304/6364/4304 4225/6365/4225 
f 4225/6365/4225 4304/6364/4304 4305/6366/4305 4226/6367/4226 
f 4226/6367/4226 4305/6366/4305 4306/6368/4306 4227/6369/4227 
f 4227/6369/4227 4306/6368/4306 4307/6370/4307 4228/6371/4228 
f 4228/6371/4228 4307/6370/4307 4308/6372/4308 4229/6373/4229 
f 4229/6222/4229 4308/6374/4308 4309/6375/4309 4230/6223/4230 
f 4230/6223/4230 4309/6375/4309 4310/6376/4310 4231/6225/4231 
f 4231/6225/4231 4310/6376/4310 4311/6377/4311 4232/6227/4232 
f 4232/6227/4232 4311/6377/4311 4312/6378/4312 4233/6229/4233 
f 4233/6229/4233 4312/6378/4312 4313/6379/4313 4234/6231/4234 
f 4234/6231/4234 4313/6379/4313 4314/6380/4314 4235/6233/4235 
f 4235/6233/4235 4314/6380/4314 4315/6381/4315 4236/6382/4236 
f 4236/6382/4236 4315/6381/4315 4316/6383/4316 4237/6384/4237 
f 4237/6385/4237 4316/6386/4316 4317/6387/4317 4238/6388/4238 
f 4238/6388/4238 4317/6387/4317 4318/6389/4318 4239/6390/4239 
f 4239/6390/4239 4318/6389/4318 4319/6391/4319 4240/6392/4240 
f 4240/6392/4240 4319/6391/4319 4320/6393/4320 4241/6250/4241 
f 4241/6250/4241 4320/6393/4320 4321/6394/4321 4242/6251/4242 
f 4242/6251/4242 4321/6394/4321 4322/6395/4322 4243/6252/4243 
f 4243/6252/4243 4322/6395/4322 4323/6396/4323 4244/6253/4244 
f 4244/6253/4244 4323/6396/4323 4324/6397/4324 4245/6255/4245 
f 4245/6255/4245 4324/6397/4324 4325/6398/4325 4246/6256/4246 
f 4246/6256/4246 4325/6398/4325 4326/6399/4326 4247/6257/4247 
f 4247/6257/4247 4326/6399/4326 4327/6400/4327 4248/6258/4248 
f 4248/6258/4248 4327/6400/4327 4328/6401/4328 4249/6259/4249 
f 4249/6259/4249 4328/6401/4328 4329/6402/4329 4250/6260/4250 
f 4250/6260/4250 4329/6402/4329 4330/6403/4330 4251/6261/4251 
f 4251/6261/4251 4330/6403/4330 4331/6404/4331 4252/6262/4252 
f 4252/6262/4252 4331/6404/4331 4332/6405/4332 4253/6263/4253 
f 4253/6263/4253 4332/6405/4332 4333/6406/4333 4254/6264/4254 
f 4254/6264/4254 4333/6406/4333 4334/6407/4334 4255/6265/4255 
f 4255/6265/4255 4334/6407/4334 4335/6408/4335 4256/6266/4256 
f 4256/6266/4256 4335/6408/4335 4336/6409/4336 4257/6267/4257 
f 4257/6267/4257 4336/6409/4336 4337/6410/4337 4258/6268/4258 
f 4258/6268/4258 4337/6410/4337 4338/6411/4338 4259/6269/4259 
f 4259/6269/4259 4338/6411/4338 4339/6412/4339 4260/6270/4260 
f 4260/6270/4260 4339/6412/4339 4340/6413/4340 4261/6271/4261 
f 4261/6271/4261 4340/6413/4340 4341/6414/4341 4262/6272/4262 
f 4262/6272/4262 4341/6414/4341 4342/6415/4342 4263/6274/4263 
f 4263/6274/4263 4342/6415/4342 4343/6416/4343 4264/6276/4264 
f 4264/6276/4264 4343/6416/4343 4344/6417/4344 4265/6278/4265 
f 4265/6278/4265 4344/6417/4344 4345/6418/4345 4266/6280/4266 
f 4266/6280/4266 4345/6418/4345 4346/6419/4346 4267/6282/4267 
f 4267/6282/4267 4346/6419/4346 4347/6420/4347 4268/6283/4268 
f 4268/6421/4268 4347/6422/4347 4348/6423/4348 4269/6424/4269 
f 4269/6424/4269 4348/6423/4348 4349/6425/4349 4270/6426/4270 
f 4270/6288/4270 4349/6427/4349 4350/6428/4350 4271/6289/4271 
f 4271/6289/4271 4350/6428/4350 4351/6429/4351 4272/6290/4272 
f 4272/6290/4272 4351/6429/4351 4352/6430/4352 4273/6291/4273 
f 4273/6291/4273 4352/6430/4352 4353/6431/4353 4274/6292/4274 
f 4274/6292/4274 4353/6431/4353 4354/6432/4354 4275/6293/4275 
f 4275/6293/4275 4354/6432/4354 4355/6433/4355 4276/6294/4276 
f 4276/6294/4276 4355/6433/4355 4356/6434/4356 4277/6295/4277 
f 4277/6295/4277 4356/6434/4356 4357/6435/4357 4278/6296/4278 
f 4278/6296/4278 4357/6435/4357 4358/6436/4358 4279/6297/4279 
f 4279/6297/4279 4358/6436/4358 4359/6437/4359 4280/6298/4280 
f 4280/6298/4280 4359/6437/4359 4360/6438/4360 4281/6299/4281 
f 4281/6299/4281 4360/6438/4360 4361/6439/4361 4282/6300/4282 
f 4282/6300/4282 4361/6439/4361 4362/6440/4362 4283/6301/4283 
f 4283/6301/4283 4362/6440/4362 4363/6441/4363 4284/6302/4284 
f 4284/6442/4284 4363/6443/4363 4364/6444/4364 4285/6445/4285 
f 4285/6445/4285 4364/6444/4364 4365/6446/4365 4288/6447/4288 
f 4288/6315/4288 4365/6448/4365 4366/6449/4366 4291/6316/4291 
f 4291/6450/4291 4366/6451/4366 4367/6452/4367 4296/6453/4296 
f 4296/6453/4296 4367/6452/4367 4368/6454/4368 4299/6455/4299 
f 4299/6332/4299 4368/6456/4368 4369/6457/4369 4302/6336/4302 
f 4302/6458/4302 4369/6459/4369 4370/6460/4370 4371/6461/4371 
f 4302/6462/4302 4371/6463/4371 4372/6464/4372 4300/6334/4300 
f 4371/6461/4371 4370/6460/4370 4373/6465/4373 4374/6466/4374 
f 4371/6463/4371 4374/6467/4374 4375/6468/4375 4372/6464/4372 
f 4374/6466/4374 4373/6465/4373 4376/6469/4376 4377/6470/4377 
f 4374/6467/4374 4377/6471/4377 4378/6472/4378 4375/6468/4375 
f 4377/6471/4377 4379/6473/4379 4380/6474/4380 4378/6472/4378 
f 4377/6470/4377 4376/6469/4376 4381/6475/4381 4379/6476/4379 
f 4379/6477/4379 4382/6478/4382 4383/6479/4383 4380/6480/4380 
f 4379/6476/4379 4381/6475/4381 4384/6481/4384 4382/6482/4382 
f 4382/6483/4382 4385/6484/4385 4386/6485/4386 4383/6486/4383 
f 4382/6482/4382 4384/6481/4384 4387/6487/4387 4385/6488/4385 
f 2800/3988/2800 2054/2813/2054 2053/2812/2053 2055/6489/2055 
f 2242/3058/2242 2241/3057/2241 2274/3104/2274 4303/6363/4303 
f 4303/6363/4303 2274/3104/2274 2277/3107/2277 4304/6364/4304 
f 4304/6364/4304 2277/3107/2277 2280/3110/2280 4305/6366/4305 
f 4305/6366/4305 2280/3110/2280 2283/3113/2283 4306/6368/4306 
f 4306/6368/4306 2283/3113/2283 2286/3116/2286 4307/6370/4307 
f 4307/6370/4307 2286/3116/2286 2289/3119/2289 4308/6372/4308 
f 4308/6372/4308 2289/3119/2289 2292/3122/2292 4309/6490/4309 
f 4309/6490/4309 2292/3122/2292 2295/3125/2295 4310/6491/4310 
f 4310/6491/4310 2295/3125/2295 2298/3128/2298 4311/6492/4311 
f 4311/6492/4311 2298/3128/2298 2300/3130/2300 4312/6493/4312 
f 4312/6493/4312 2300/3130/2300 2303/3136/2303 4313/6494/4313 
f 4313/6494/4313 2303/3136/2303 2306/3148/2306 4314/6495/4314 
f 4314/6495/4314 2306/3148/2306 2309/3147/2309 4315/6496/4315 
f 4315/6496/4315 2309/3147/2309 2312/3152/2312 4316/6386/4316 
f 4316/6386/4316 2312/3152/2312 2315/3158/2315 4317/6387/4317 
f 4317/6387/4317 2315/3158/2315 2318/6497/2318 4318/6389/4318 
f 4318/6389/4318 2318/6497/2318 2321/6498/2321 4319/6391/4319 
f 4319/6391/4319 2321/6498/2321 2324/6499/2324 4320/6393/4320 
f 4320/6393/4320 2324/6499/2324 2327/6500/2327 4321/6394/4321 
f 4321/6394/4321 2327/6500/2327 4388/6501/4388 4322/6395/4322 
f 4322/6395/4322 4388/6501/4388 4389/6502/4389 4323/6396/4323 
f 4323/6396/4323 4389/6502/4389 4390/6503/4390 4324/6397/4324 
f 4324/6397/4324 4390/6503/4390 4391/6504/4391 4325/6398/4325 
f 4325/6398/4325 4391/6504/4391 4392/6505/4392 4326/6399/4326 
f 4326/6399/4326 4392/6505/4392 4393/6506/4393 4327/6400/4327 
f 4327/6400/4327 4393/6506/4393 4394/6507/4394 4328/6401/4328 
f 4328/6401/4328 4394/6507/4394 4395/6508/4395 4329/6402/4329 
f 4329/6402/4329 4395/6508/4395 4396/6509/4396 4330/6403/4330 
f 4330/6403/4330 4396/6509/4396 4397/6510/4397 4331/6404/4331 
f 4331/6404/4331 4397/6510/4397 4398/6511/4398 4332/6405/4332 
f 4332/6405/4332 4398/6511/4398 4399/6512/4399 4333/6406/4333 
f 4333/6406/4333 4399/6512/4399 4400/6513/4400 4334/6407/4334 
f 4334/6407/4334 4400/6513/4400 4401/6514/4401 4335/6408/4335 
f 4335/6408/4335 4401/6514/4401 4402/6515/4402 4336/6409/4336 
f 4336/6409/4336 4402/6515/4402 4403/6516/4403 4337/6410/4337 
f 4337/6410/4337 4403/6516/4403 4404/6517/4404 4338/6411/4338 
f 4338/6411/4338 4404/6517/4404 4405/6518/4405 4339/6412/4339 
f 4339/6412/4339 4405/6518/4405 4406/6519/4406 4340/6413/4340 
f 4340/6413/4340 4406/6519/4406 4407/6520/4407 4341/6414/4341 
f 4341/6414/4341 4407/6520/4407 4408/6521/4408 4342/6415/4342 
f 4342/6415/4342 4408/6521/4408 4409/6522/4409 4343/6416/4343 
f 4343/6416/4343 4409/6522/4409 4410/6523/4410 4344/6417/4344 
f 4344/6524/4344 4410/6525/4410 4411/6526/4411 4345/6527/4345 
f 4345/6527/4345 4411/6526/4411 4412/6528/4412 4346/6529/4346 
f 4346/6419/4346 4412/6530/4412 4413/6531/4413 4347/6420/4347 
f 4347/6422/4347 4413/6532/4413 4414/6533/4414 4348/6423/4348 
f 4348/6423/4348 4414/6533/4414 4415/6534/4415 4349/6425/4349 
f 4349/6425/4349 4415/6534/4415 4416/6535/4416 4350/6536/4350 
f 4350/6536/4350 4416/6535/4416 4417/6537/4417 4351/6538/4351 
f 4351/6538/4351 4417/6537/4417 4418/6539/4418 4352/6540/4352 
f 4352/6540/4352 4418/6539/4418 4419/6541/4419 4353/6542/4353 
f 4353/6542/4353 4419/6541/4419 4420/6543/4420 4354/6544/4354 
f 4354/6545/4354 4420/6546/4420 4421/6547/4421 4355/6548/4355 
f 4355/6549/4355 4421/6550/4421 4422/6551/4422 4356/6552/4356 
f 4356/6552/4356 4422/6551/4422 4423/6553/4423 4357/6554/4357 
f 4357/6555/4357 4423/6556/4423 4424/6557/4424 4358/6558/4358 
f 4358/6559/4358 4424/6560/4424 4425/6561/4425 4359/6562/4359 
f 4359/6563/4359 4425/6564/4425 4426/6565/4426 4360/6566/4360 
f 4360/6567/4360 4426/6568/4426 4427/6569/4427 4361/6570/4361 
f 4361/6571/4361 4427/6572/4427 4428/6573/4428 4362/6574/4362 
f 4362/6574/4362 4428/6573/4428 4429/6575/4429 4363/6443/4363 
f 4363/6443/4363 4429/6575/4429 4430/6576/4430 4364/6444/4364 
f 4364/6444/4364 4430/6576/4430 4431/6577/4431 4365/6446/4365 
f 4365/6578/4365 4431/6579/4431 4432/6580/4432 4366/6581/4366 
f 4366/6451/4366 4432/6582/4432 4433/6583/4433 4367/6452/4367 
f 4367/6452/4367 4433/6583/4433 4434/6584/4434 4368/6454/4368 
f 4368/6454/4368 4434/6584/4434 4435/6585/4435 4369/6459/4369 
f 4369/6459/4369 4435/6585/4435 4436/6586/4436 4370/6460/4370 
f 4370/6460/4370 4436/6586/4436 4437/6587/4437 4373/6465/4373 
f 4373/6465/4373 4437/6587/4437 4438/6588/4438 4376/6469/4376 
f 4376/6469/4376 4438/6588/4438 4439/6589/4439 4381/6475/4381 
f 4381/6475/4381 4439/6589/4439 4440/6590/4440 4384/6481/4384 
f 4384/6481/4384 4440/6590/4440 4441/6591/4441 4387/6487/4387 
f 4387/6487/4387 4441/6591/4441 4442/6592/4442 4443/6593/4443 
f 4387/6487/4387 4443/6593/4443 4444/6594/4444 4385/6488/4385 
f 4443/6593/4443 4442/6592/4442 4445/6595/4445 4446/6596/4446 
f 4443/6597/4443 4446/6598/4446 4447/6599/4447 4444/6600/4444 
f 4446/6601/4446 4445/6602/4445 1136/6603/1136 4448/6604/4448 
f 4446/6598/4446 4448/6605/4448 4449/6606/4449 4447/6599/4447 
f 4448/6607/4448 1130/1590/1130 4450/6608/4450 4449/6609/4449 
f 4448/6607/4448 1136/1598/1136 1127/1586/1127 1130/1590/1130 
f 1130/6610/1130 1129/5191/1129 3627/5227/3627 4450/6611/4450 
f 2327/3174/2327 2326/3173/2326 2338/3225/2338 4388/6612/4388 
f 4388/6612/4388 2338/3225/2338 2340/6613/2340 4389/6614/4389 
f 4389/6614/4389 2340/6613/2340 2342/6615/2342 4390/6616/4390 
f 4390/6503/4390 2342/6617/2342 2344/6618/2344 4391/6504/4391 
f 4391/6504/4391 2344/6618/2344 2346/6619/2346 4392/6505/4392 
f 4392/6620/4392 2346/3244/2346 2348/3243/2348 4393/6621/4393 
f 4393/6621/4393 2348/3243/2348 2350/3248/2350 4394/6622/4394 
f 4394/6507/4394 2350/6623/2350 2352/6624/2352 4395/6508/4395 
f 4395/6508/4395 2352/6624/2352 2354/6625/2354 4396/6509/4396 
f 4396/6509/4396 2354/6625/2354 2356/6626/2356 4397/6510/4397 
f 4397/6510/4397 2356/6626/2356 2358/6627/2358 4398/6511/4398 
f 4398/6511/4398 2358/6627/2358 2360/6628/2360 4399/6512/4399 
f 4399/6512/4399 2360/6628/2360 2362/6629/2362 4400/6513/4400 
f 4400/6513/4400 2362/6629/2362 2364/6630/2364 4401/6514/4401 
f 4401/6514/4401 2364/6630/2364 2366/6631/2366 4402/6515/4402 
f 4402/6515/4402 2366/6631/2366 2368/6632/2368 4403/6516/4403 
f 4403/6516/4403 2368/6632/2368 2370/6633/2370 4404/6517/4404 
f 4404/6517/4404 2370/6633/2370 2372/6634/2372 4405/6518/4405 
f 4405/6518/4405 2372/6634/2372 2374/6635/2374 4406/6519/4406 
f 4406/6636/4406 2374/3281/2374 4451/6637/4451 4407/6638/4407 
f 4407/6638/4407 4451/6637/4451 4452/6639/4452 4408/6640/4408 
f 4408/6640/4408 4452/6639/4452 4453/6641/4453 4409/6642/4409 
f 4409/6642/4409 4453/6641/4453 4454/6643/4454 4410/6644/4410 
f 4410/6644/4410 4454/6643/4454 4455/6645/4455 4411/6646/4411 
f 4411/6646/4411 4455/6645/4455 4456/6647/4456 4412/6648/4412 
f 4412/6648/4412 4456/6647/4456 4457/6649/4457 4413/6650/4413 
f 4413/6650/4413 4457/6649/4457 4458/6651/4458 4414/6652/4414 
f 4414/6652/4414 4458/6651/4458 4459/6653/4459 4415/6654/4415 
f 4415/6654/4415 4459/6653/4459 4460/6655/4460 4416/6656/4416 
f 4416/6656/4416 4460/6655/4460 4461/6657/4461 4417/6658/4417 
f 4417/6658/4417 4461/6657/4461 4462/6659/4462 4418/6660/4418 
f 4418/6660/4418 4462/6659/4462 4463/6661/4463 4419/6662/4419 
f 4419/6662/4419 4463/6661/4463 4464/6663/4464 4420/6664/4420 
f 4420/6664/4420 4464/6663/4464 4465/6665/4465 4421/6550/4421 
f 4421/6550/4421 4465/6665/4465 4466/6666/4466 4422/6551/4422 
f 4422/6551/4422 4466/6666/4466 4467/6667/4467 4423/6553/4423 
f 4423/6553/4423 4467/6667/4467 4468/6668/4468 4424/6560/4424 
f 4424/6560/4424 4468/6668/4468 4469/6669/4469 4425/6561/4425 
f 4425/6561/4425 4469/6669/4469 4470/6670/4470 4426/6671/4426 
f 4426/6671/4426 4470/6670/4470 4471/6672/4471 4427/6572/4427 
f 4427/6572/4427 4471/6672/4471 4472/6673/4472 4428/6573/4428 
f 4428/6573/4428 4472/6673/4472 4473/6674/4473 4429/6575/4429 
f 4429/6575/4429 4473/6674/4473 4474/6675/4474 4430/6576/4430 
f 4430/6576/4430 4474/6675/4474 4475/6676/4475 4431/6577/4431 
f 4431/6577/4431 4475/6676/4475 4476/6677/4476 4432/6582/4432 
f 4432/6582/4432 4476/6677/4476 4477/6678/4477 4433/6583/4433 
f 4433/6583/4433 4477/6678/4477 4478/6679/4478 4434/6584/4434 
f 4434/6584/4434 4478/6679/4478 4479/6680/4479 4435/6585/4435 
f 4435/6585/4435 4479/6680/4479 4480/6681/4480 4436/6586/4436 
f 4436/6586/4436 4480/6681/4480 4481/6682/4481 4437/6587/4437 
f 4437/6587/4437 4481/6682/4481 4482/6683/4482 4438/6588/4438 
f 4438/6588/4438 4482/6683/4482 4483/6684/4483 4439/6589/4439 
f 4439/6589/4439 4483/6684/4483 4484/6685/4484 4440/6590/4440 
f 4440/6590/4440 4484/6685/4484 4485/6686/4485 4441/6591/4441 
f 4441/6591/4441 4485/6686/4485 4486/6687/4486 4442/6592/4442 
f 4442/6592/4442 4486/6687/4486 1144/6688/1144 4445/6595/4445 
f 4445/6595/4445 1144/6688/1144 1134/1599/1134 1136/1598/1136 
f 2374/3281/2374 2373/3280/2373 2383/3300/2383 4451/6637/4451 
f 4451/6637/4451 2383/3300/2383 2384/3301/2384 4452/6639/4452 
f 4452/6639/4452 2384/3301/2384 2385/3302/2385 4453/6641/4453 
f 4453/6641/4453 2385/3302/2385 2386/3303/2386 4454/6643/4454 
f 4454/6643/4454 2386/3303/2386 2387/3304/2387 4455/6645/4455 
f 4455/6645/4455 2387/3304/2387 2388/3305/2388 4456/6647/4456 
f 4456/6647/4456 2388/3305/2388 2389/3306/2389 4457/6649/4457 
f 4457/6649/4457 2389/3306/2389 2390/3307/2390 4458/6651/4458 
f 4458/6651/4458 2390/3307/2390 2391/3308/2391 4459/6653/4459 
f 4459/6653/4459 2391/3308/2391 2392/3309/2392 4460/6655/4460 
f 4460/6655/4460 2392/3309/2392 2393/3310/2393 4461/6657/4461 
f 4461/6657/4461 2393/3310/2393 2394/3311/2394 4462/6659/4462 
f 4462/6659/4462 2394/3311/2394 2395/3312/2395 4463/6661/4463 
f 4463/6661/4463 2395/3312/2395 2396/3314/2396 4464/6663/4464 
f 4464/6663/4464 2396/3314/2396 2397/3316/2397 4465/6665/4465 
f 4465/6665/4465 2397/3316/2397 2398/6689/2398 4466/6666/4466 
f 4466/6666/4466 2398/6689/2398 2399/6690/2399 4467/6667/4467 
f 4467/6667/4467 2399/6690/2399 2400/6691/2400 4468/6668/4468 
f 4468/6692/4468 2400/6693/2400 2401/6694/2401 4469/6695/4469 
f 4469/6696/4469 2401/3324/2401 4487/6697/4487 4470/6698/4470 
f 4470/6698/4470 4487/6697/4487 4488/6699/4488 4471/6700/4471 
f 4471/6700/4471 4488/6699/4488 4489/6701/4489 4472/6702/4472 
f 4472/6702/4472 4489/6701/4489 4490/6703/4490 4473/6704/4473 
f 4473/6704/4473 4490/6703/4490 4491/6705/4491 4474/6706/4474 
f 4474/6706/4474 4491/6705/4491 4492/6707/4492 4475/6708/4475 
f 4475/6708/4475 4492/6707/4492 4493/6709/4493 4476/6710/4476 
f 4476/6710/4476 4493/6709/4493 4494/6711/4494 4477/6712/4477 
f 4477/6678/4477 4494/6713/4494 4495/6714/4495 4478/6679/4478 
f 4478/6679/4478 4495/6714/4495 4496/6715/4496 4479/6680/4479 
f 4479/6680/4479 4496/6715/4496 4497/6716/4497 4480/6681/4480 
f 4480/6681/4480 4497/6716/4497 4498/6717/4498 4481/6682/4481 
f 4481/6682/4481 4498/6717/4498 4499/6718/4499 4482/6683/4482 
f 4482/6683/4482 4499/6718/4499 4500/6719/4500 4483/6684/4483 
f 4483/6684/4483 4500/6719/4500 4501/6720/4501 4484/6685/4484 
f 4484/6685/4484 4501/6720/4501 4502/6721/4502 4485/6686/4485 
f 4485/6722/4485 4502/6723/4502 1150/1616/1150 4486/6724/4486 
f 4486/6724/4486 1150/1616/1150 1141/1615/1141 1144/6725/1144 
f 2401/3324/2401 1470/2040/1470 1473/2039/1473 4487/6697/4487 
f 4487/6697/4487 1473/2039/1473 1476/2044/1476 4488/6699/4488 
f 4488/6699/4488 1476/2044/1476 1479/2048/1479 4489/6701/4489 
f 4489/6701/4489 1479/2048/1479 1482/2052/1482 4490/6703/4490 
f 4490/6703/4490 1482/2052/1482 1485/2056/1485 4491/6705/4491 
f 4491/6705/4491 1485/2056/1485 1488/2060/1488 4492/6707/4492 
f 4492/6707/4492 1488/2060/1488 1491/2064/1491 4493/6709/4493 
f 4493/6709/4493 1491/2064/1491 1494/2068/1494 4494/6711/4494 
f 4494/6711/4494 1494/2068/1494 1497/2071/1497 4495/6726/4495 
f 4495/6726/4495 1497/2071/1497 1500/2074/1500 4496/6727/4496 
f 4496/6727/4496 1500/2074/1500 1503/2077/1503 4497/6728/4497 
f 4497/6728/4497 1503/2077/1503 1506/2080/1506 4498/6729/4498 
f 4498/6729/4498 1506/2080/1506 1509/2083/1509 4499/6730/4499 
f 4499/6730/4499 1509/2083/1509 1512/2086/1512 4500/6731/4500 
f 4500/6731/4500 1512/2086/1512 1515/2089/1515 4501/6732/4501 
f 4501/6733/4501 1515/6734/1515 1518/6735/1518 4502/6723/4502 
f 4502/6723/4502 1518/6735/1518 1147/1617/1147 1150/1616/1150 
f 2408/3335/2408 4503/6736/4503 4504/6737/4504 2409/3336/2409 
f 2408/3340/2408 2410/3339/2410 2796/3975/2796 4503/6738/4503 
f 2407/3338/2407 2412/3343/2412 2798/3977/2798 2410/3339/2410 
f 2410/3339/2410 2798/3977/2798 2794/3973/2794 2796/3975/2796 
f 2796/3975/2796 2791/3970/2791 4505/6739/4505 4503/6738/4503 
f 4506/6740/4506 2790/6741/2790 3987/6742/3987 4507/6743/4507 
f 4506/6744/4506 4505/6739/4505 2791/3970/2791 2790/3969/2790 
f 4506/6744/4506 4508/6745/4508 4509/6746/4509 4505/6739/4505 
f 4506/6740/4506 4507/6743/4507 4510/6747/4510 4508/6748/4508 
f 4507/6743/4507 3987/6742/3987 3990/5817/3990 4511/6749/4511 
f 4507/6750/4507 4511/6751/4511 4512/6752/4512 4510/6753/4510 
f 4511/6749/4511 3990/5817/3990 3993/5816/3993 4513/6754/4513 
f 4511/6751/4511 4513/6755/4513 4514/6756/4514 4512/6752/4512 
f 4513/6754/4513 3993/5816/3993 3996/5823/3996 4515/6757/4515 
f 4513/6754/4513 4515/6757/4515 4516/6758/4516 4514/6759/4514 
f 4515/6757/4515 3996/5823/3996 3999/6760/3999 4517/6761/4517 
f 4515/6757/4515 4517/6761/4517 4518/6762/4518 4516/6758/4516 
f 4517/6761/4517 3999/6760/3999 4002/6763/4002 4519/6764/4519 
f 4517/6765/4517 4519/6766/4519 4520/6767/4520 4518/6768/4518 
f 4519/6769/4519 4002/5840/4002 4005/5839/4005 4521/6770/4521 
f 4519/6766/4519 4521/6771/4521 4522/6772/4522 4520/6767/4520 
f 4521/6770/4521 4005/5839/4005 4008/5843/4008 4523/6773/4523 
f 4521/6771/4521 4523/6774/4523 4524/6775/4524 4522/6772/4522 
f 4523/6776/4523 4008/6777/4008 4011/6778/4011 4525/6779/4525 
f 4523/6774/4523 4525/6780/4525 4526/6781/4526 4524/6775/4524 
f 4525/6779/4525 4011/6778/4011 4014/6782/4014 4527/6783/4527 
f 4525/6780/4525 4527/6784/4527 4528/6785/4528 4526/6781/4526 
f 4527/6784/4527 4529/6786/4529 4530/6787/4530 4528/6785/4528 
f 4527/6783/4527 4014/6782/4014 4017/6788/4017 4529/6789/4529 
f 4529/6786/4529 4531/6790/4531 4532/6791/4532 4530/6787/4530 
f 4529/6786/4529 4017/6792/4017 4020/6793/4020 4531/6790/4531 
f 4531/6790/4531 4533/6794/4533 4534/6795/4534 4532/6791/4532 
f 4531/6796/4531 4020/6797/4020 4023/6798/4023 4533/6799/4533 
f 4533/6799/4533 4535/6800/4535 4536/6801/4536 4534/6802/4534 
f 4533/6799/4533 4023/6798/4023 4026/5876/4026 4535/6800/4535 
f 4535/6803/4535 4537/6804/4537 4538/6805/4538 4536/6806/4536 
f 4535/6800/4535 4026/5876/4026 4029/5875/4029 4537/6807/4537 
f 4537/6804/4537 4539/6808/4539 4540/6809/4540 4538/6805/4538 
f 4537/6810/4537 4029/5882/4029 4032/5881/4032 4539/6811/4539 
f 4539/6808/4539 4541/6812/4541 4542/6813/4542 4540/6809/4540 
f 4539/6811/4539 4032/5881/4032 4035/5886/4035 4541/6814/4541 
f 4541/6814/4541 4543/6815/4543 4544/6816/4544 4542/6817/4542 
f 4541/6814/4541 4035/5886/4035 4038/5890/4038 4543/6815/4543 
f 4543/6815/4543 4545/6818/4545 4546/6819/4546 4544/6816/4544 
f 4543/6815/4543 4038/5890/4038 4041/5894/4041 4545/6818/4545 
f 4545/6818/4545 4547/6820/4547 4548/6821/4548 4546/6819/4546 
f 4545/6818/4545 4041/5894/4041 4044/5897/4044 4547/6820/4547 
f 4547/6820/4547 4549/6822/4549 4550/6823/4550 4548/6821/4548 
f 4547/6820/4547 4044/5897/4044 4047/5900/4047 4549/6822/4549 
f 4047/5900/4047 4050/5903/4050 4551/6824/4551 4549/6822/4549 
f 4050/5903/4050 4053/5906/4053 4552/6825/4552 4551/6824/4551 
f 4053/5906/4053 4056/5909/4056 4553/6826/4553 4552/6825/4552 
f 4056/5909/4056 4059/5912/4059 4554/6827/4554 4553/6826/4553 
f 4059/5912/4059 4061/5915/4061 4555/6828/4555 4554/6827/4554 
f 4061/5915/4061 4063/5918/4063 4556/6829/4556 4555/6828/4555 
f 4063/5918/4063 4065/5921/4065 4557/6830/4557 4556/6829/4556 
f 4065/5921/4065 4067/5924/4067 4558/6831/4558 4557/6830/4557 
f 4067/5924/4067 4069/5927/4069 4559/6832/4559 4558/6831/4558 
f 4069/5927/4069 4071/5930/4071 4560/6833/4560 4559/6832/4559 
f 4071/5930/4071 4073/5933/4073 4561/6834/4561 4560/6833/4560 
f 4073/5933/4073 4075/5936/4075 4562/6835/4562 4561/6834/4561 
f 4075/5936/4075 4077/5939/4077 4563/6836/4563 4562/6835/4562 
f 4077/5939/4077 4564/6837/4564 4565/6838/4565 4563/6836/4563 
f 4077/5939/4077 4076/5938/4076 4078/6839/4078 4564/6837/4564 
f 4564/6837/4564 4566/6840/4566 4567/6841/4567 4565/6838/4565 
f 4564/6837/4564 4078/6839/4078 4079/6842/4079 4566/6840/4566 
f 4566/6840/4566 4568/6843/4568 4569/6844/4569 4567/6841/4567 
f 4566/6845/4566 4079/6846/4079 4080/6847/4080 4568/6848/4568 
f 4568/6843/4568 4570/6849/4570 4571/6850/4571 4569/6844/4569 
f 4568/6848/4568 4080/6847/4080 4081/6851/4081 4570/6852/4570 
f 4570/6852/4570 4572/6853/4572 4573/6854/4573 4571/6855/4571 
f 4570/6852/4570 4081/6851/4081 4082/6856/4082 4572/6853/4572 
f 4572/6853/4572 4574/6857/4574 4575/6858/4575 4573/6854/4573 
f 4572/6853/4572 4082/6856/4082 4083/6859/4083 4574/6857/4574 
f 4574/6857/4574 4576/6860/4576 1728/6861/1728 4575/6858/4575 
f 4574/6857/4574 4083/6859/4083 4084/6862/4084 4576/6860/4576 
f 4576/6863/4576 4577/6864/4577 1726/2401/1726 1728/2403/1728 
f 4576/6860/4576 4084/6862/4084 4085/6865/4085 4577/6866/4577 
f 4085/6865/4085 4086/6867/4086 4578/6868/4578 4577/6866/4577 
f 4086/6867/4086 4087/6869/4087 4579/6870/4579 4578/6868/4578 
f 4087/6869/4087 4088/6871/4088 4580/6872/4580 4579/6870/4579 
f 4088/6871/4088 4089/6873/4089 4581/6874/4581 4580/6872/4580 
f 4089/6873/4089 4090/6875/4090 4582/6876/4582 4581/6874/4581 
f 4090/6875/4090 4091/6877/4091 4583/6878/4583 4582/6876/4582 
f 4091/6877/4091 4092/6879/4092 1769/6880/1769 4583/6878/4583 
f 4092/6879/4092 4094/6003/4094 1770/6881/1770 1769/6880/1769 
f 4094/6003/4094 4097/6002/4097 1771/6882/1771 1770/6881/1770 
f 4097/6002/4097 1952/6883/1952 1772/6884/1772 1771/6882/1771 
f 1952/6883/1952 1947/6885/1947 1773/6886/1773 1772/6884/1772 
f 1947/6885/1947 1946/6887/1946 1774/6888/1774 1773/6886/1773 
f 1946/6887/1946 1954/6889/1954 1775/6890/1775 1774/6888/1774 
f 1954/2707/1954 1957/2710/1957 1776/6891/1776 1775/6892/1775 
f 1957/2710/1957 1960/2713/1960 1777/6893/1777 1776/6891/1776 
f 1960/2713/1960 1803/2515/1803 1778/2514/1778 1777/6893/1777 
f 4503/6738/4503 4505/6739/4505 4509/6746/4509 4504/6894/4504 
f 2409/3336/2409 4584/6895/4584 4585/6896/4585 2405/3328/2405 
f 2409/3336/2409 4504/6737/4504 4586/6897/4586 4584/6895/4584 
f 4584/6895/4584 4587/6898/4587 4588/6899/4588 4585/6896/4585 
f 4584/6895/4584 4586/6897/4586 4589/6900/4589 4587/6898/4587 
f 4587/6898/4587 4590/6901/4590 4591/6902/4591 4588/6899/4588 
f 4587/6898/4587 4589/6900/4589 4592/6903/4592 4590/6901/4590 
f 4590/6901/4590 4593/6904/4593 4594/6905/4594 4591/6902/4591 
f 4590/6901/4590 4592/6903/4592 4595/6906/4595 4593/6904/4593 
f 4593/6904/4593 4596/6907/4596 4597/6908/4597 4594/6905/4594 
f 4593/6904/4593 4595/6906/4595 4598/6909/4598 4596/6907/4596 
f 4596/6907/4596 4599/6910/4599 4600/6911/4600 4597/6908/4597 
f 4596/6907/4596 4598/6909/4598 4601/6912/4601 4599/6910/4599 
f 4504/6737/4504 4509/6913/4509 4508/6914/4508 4586/6897/4586 
f 4586/6897/4586 4508/6914/4508 4510/6753/4510 4589/6900/4589 
f 4589/6900/4589 4510/6753/4510 4512/6752/4512 4592/6903/4592 
f 4592/6903/4592 4512/6752/4512 4514/6756/4514 4595/6906/4595 
f 4595/6906/4595 4514/6756/4514 4516/6915/4516 4598/6909/4598 
f 4598/6909/4598 4516/6915/4516 4518/6768/4518 4601/6912/4601 
f 4601/6912/4601 4518/6768/4518 4520/6767/4520 4602/6916/4602 
f 4601/6912/4601 4602/6916/4602 4603/6917/4603 4599/6910/4599 
f 4602/6916/4602 4520/6767/4520 4522/6772/4522 4604/6918/4604 
f 4602/6916/4602 4604/6918/4604 4605/6919/4605 4603/6917/4603 
f 4604/6918/4604 4522/6772/4522 4524/6775/4524 4606/6920/4606 
f 4604/6918/4604 4606/6920/4606 4607/6921/4607 4605/6919/4605 
f 4606/6920/4606 4524/6775/4524 4526/6781/4526 4608/6922/4608 
f 4606/6920/4606 4608/6922/4608 4609/6923/4609 4607/6921/4607 
f 4608/6922/4608 4526/6781/4526 4528/6785/4528 4610/6924/4610 
f 4608/6922/4608 4610/6924/4610 4611/6925/4611 4609/6923/4609 
f 4610/6924/4610 4528/6785/4528 4530/6787/4530 4612/6926/4612 
f 4610/6924/4610 4612/6926/4612 4613/6927/4613 4611/6925/4611 
f 4612/6926/4612 4614/6928/4614 4615/6929/4615 4613/6927/4613 
f 4612/6926/4612 4530/6787/4530 4532/6791/4532 4614/6928/4614 
f 4614/6928/4614 4616/6930/4616 4617/6931/4617 4615/6929/4615 
f 4614/6928/4614 4532/6791/4532 4534/6795/4534 4616/6930/4616 
f 4616/6930/4616 4618/6932/4618 4619/6933/4619 4617/6931/4617 
f 4616/6930/4616 4534/6795/4534 4536/6806/4536 4618/6932/4618 
f 4618/6932/4618 4620/6934/4620 1522/2096/1522 4619/6933/4619 
f 4618/6932/4618 4536/6806/4536 4538/6805/4538 4620/6934/4620 
f 4620/6934/4620 4621/6935/4621 1520/2094/1520 1522/2096/1522 
f 4620/6934/4620 4538/6805/4538 4540/6809/4540 4621/6935/4621 
f 4621/6935/4621 4622/6936/4622 1521/2095/1521 1520/2094/1520 
f 4621/6935/4621 4540/6809/4540 4542/6813/4542 4622/6936/4622 
f 4542/6813/4542 4544/6937/4544 4623/6938/4623 4622/6936/4622 
f 4544/6939/4544 4546/6940/4546 4624/6941/4624 4623/6942/4623 
f 4546/6940/4546 4548/6943/4548 4625/6944/4625 4624/6941/4624 
f 4548/6943/4548 4550/6945/4550 4626/6946/4626 4625/6944/4625 
f 4550/6823/4550 4549/6822/4549 4551/6824/4551 4627/6947/4627 
f 4550/6823/4550 4627/6947/4627 4628/6948/4628 4626/6949/4626 
f 4627/6947/4627 4551/6824/4551 4552/6825/4552 4629/6950/4629 
f 4627/6947/4627 4629/6950/4629 1601/6951/1601 4628/6948/4628 
f 4629/6950/4629 4630/6952/4630 1602/6953/1602 1601/6951/1601 
f 4629/6950/4629 4552/6825/4552 4553/6826/4553 4630/6952/4630 
f 4630/6954/4630 4631/6955/4631 1603/2219/1603 1602/2215/1602 
f 4630/6952/4630 4553/6826/4553 4554/6827/4554 4631/6956/4631 
f 4631/6956/4631 4632/6957/4632 1604/6958/1604 1603/6959/1603 
f 4631/6956/4631 4554/6827/4554 4555/6828/4555 4632/6957/4632 
f 4632/6957/4632 4633/6960/4633 1605/6961/1605 1604/6958/1604 
f 4632/6957/4632 4555/6828/4555 4556/6829/4556 4633/6960/4633 
f 4633/6960/4633 4634/6962/4634 1606/6963/1606 1605/6961/1605 
f 4633/6960/4633 4556/6829/4556 4557/6830/4557 4634/6962/4634 
f 4634/6962/4634 4635/6964/4635 1607/6965/1607 1606/6963/1606 
f 4634/6962/4634 4557/6830/4557 4558/6831/4558 4635/6964/4635 
f 4558/6831/4558 4559/6832/4559 4636/6966/4636 4635/6964/4635 
f 4559/6832/4559 4560/6833/4560 4637/6967/4637 4636/6966/4636 
f 4560/6833/4560 4561/6834/4561 1672/2332/1672 4637/6967/4637 
f 4561/6834/4561 4562/6835/4562 1670/2328/1670 1672/2332/1672 
f 4562/6835/4562 4563/6836/4563 1671/2329/1671 1670/2328/1670 
f 4563/6836/4563 4565/6838/4565 1673/2333/1673 1671/2329/1671 
f 4565/6838/4565 4567/6841/4567 1674/2335/1674 1673/2333/1673 
f 4567/6841/4567 4569/6844/4569 1675/2340/1675 1674/2335/1674 
f 4569/6844/4569 4571/6850/4571 1676/2341/1676 1675/2340/1675 
f 4571/6850/4571 4573/6968/4573 1677/2343/1677 1676/2341/1676 
f 4573/6968/4573 4575/6969/4575 1678/2345/1678 1677/2343/1677 
f 4575/6969/4575 1728/2403/1728 1679/2346/1679 1678/2345/1678 
f 4577/6864/4577 4578/6970/4578 1727/2402/1727 1726/2401/1726 
f 4578/6868/4578 4579/6870/4579 1729/6971/1729 1727/6972/1727 
f 4579/6870/4579 4580/6872/4580 1730/6973/1730 1729/6971/1729 
f 4580/6974/4580 4581/6975/4581 1731/2406/1731 1730/2405/1730 
f 4581/6975/4581 4582/6976/4582 1732/2407/1732 1731/2406/1731 
f 4582/6976/4582 4583/6977/4583 1733/2408/1733 1732/2407/1732 
f 4583/6977/4583 1769/2459/1769 1734/2409/1734 1733/2408/1733 
f 2375/3287/2375 2405/3328/2405 4585/6896/4585 2376/6978/2376 
f 2376/6978/2376 4585/6896/4585 4588/6899/4588 2378/6979/2378 
f 2378/6979/2378 4588/6899/4588 4591/6902/4591 2379/6980/2379 
f 2379/6980/2379 4591/6902/4591 4594/6905/4594 2380/6981/2380 
f 2380/6981/2380 4594/6905/4594 4597/6908/4597 2381/6982/2381 
f 2381/6982/2381 4597/6908/4597 4600/6911/4600 2382/6983/2382 
f 2382/6983/2382 4600/6911/4600 1243/6984/1243 1242/6985/1242 
f 4600/6911/4600 4599/6910/4599 4603/6917/4603 1243/6984/1243 
f 1243/6984/1243 4603/6917/4603 4605/6919/4605 1244/1752/1244 
f 1244/1752/1244 4605/6919/4605 4607/6921/4607 1249/1753/1249 
f 1249/1753/1249 4607/6921/4607 4609/6923/4609 1250/1754/1250 
f 1250/1754/1250 4609/6923/4609 4611/6925/4611 1253/1757/1253 
f 1253/1757/1253 4611/6925/4611 4613/6927/4613 1256/1763/1256 
f 1256/1763/1256 4613/6927/4613 4615/6929/4615 1259/1767/1259 
f 1259/1767/1259 4615/6929/4615 4617/6931/4617 1262/1771/1262 
f 1262/1771/1262 4617/6931/4617 4619/6933/4619 1265/1775/1265 
f 1265/1775/1265 4619/6933/4619 1522/2096/1522 1268/1779/1268 
f 1521/2095/1521 4622/6936/4622 4623/6938/4623 1523/2097/1523 
f 1523/2097/1523 4623/6938/4623 4624/6986/4624 1524/2098/1524 
f 1524/2098/1524 4624/6986/4624 4625/6987/4625 1525/2099/1525 
f 1525/2099/1525 4625/6987/4625 4626/6988/4626 1526/2100/1526 
f 1526/2100/1526 4626/6988/4626 4628/6989/4628 1527/2101/1527 
f 1527/2101/1527 4628/6989/4628 1601/6990/1601 1528/2102/1528 
f 1607/6965/1607 4635/6964/4635 4636/6966/4636 1608/6991/1608 
f 1608/6991/1608 4636/6966/4636 4637/6967/4637 1609/6992/1609 
f 1609/6992/1609 4637/6967/4637 1672/2332/1672 1610/2331/1610 
f 1220/4427/1220 1215/1700/1215 1214/1699/1214 2487/3481/2487 
f 2442/3401/2442 1903/2631/1903 1902/2630/1902 1901/2629/1901 
f 4638/6993/4638 4639/6994/4639 4640/6995/4640 4641/6996/4641 
f 4638/6997/4638 4642/6998/4642 4643/6999/4643 4639/7000/4639 
f 4638/7001/4638 4644/7002/4644 4645/7003/4645 4642/7004/4642 
f 4638/6997/4638 4641/7005/4641 4646/7006/4646 4644/7007/4644 
f 4644/7007/4644 4646/7006/4646 4647/7008/4647 1848/7009/1848 
f 4644/7002/4644 1848/2562/1848 1847/2561/1847 4645/7003/4645 
f 4648/7010/4648 4649/7011/4649 4650/7012/4650 4651/7013/4651 
f 4648/7010/4648 4652/7014/4652 4653/7015/4653 4649/7011/4649 
f 4648/7016/4648 4640/6995/4640 4639/6994/4639 4652/7017/4652 
f 4648/7016/4648 4651/7018/4651 4654/7019/4654 4640/6995/4640 
f 4640/6995/4640 4654/7019/4654 4655/7020/4655 4641/6996/4641 
f 4641/6996/4641 4655/7020/4655 4656/7021/4656 4646/7022/4646 
f 4646/7022/4646 4656/7021/4656 4657/7023/4657 4647/7024/4647 
f 4658/7025/4658 4659/7026/4659 4660/7027/4660 4661/7028/4661 
f 4658/7025/4658 4662/7029/4662 3736/7030/3736 4659/7026/4659 
f 4658/7025/4658 4650/7031/4650 4649/7032/4649 4662/7029/4662 
f 4658/7025/4658 4661/7028/4661 4663/7033/4663 4650/7031/4650 
f 4650/7031/4650 4663/7033/4663 4664/7034/4664 4651/7018/4651 
f 4651/7018/4651 4664/7034/4664 4665/7035/4665 4654/7019/4654 
f 4654/7019/4654 4665/7035/4665 4666/7036/4666 4655/7020/4655 
f 4655/7020/4655 4666/7036/4666 4667/7037/4667 4656/7021/4656 
f 4656/7021/4656 4667/7037/4667 4668/7038/4668 4657/7023/4657 
f 4669/7039/4669 3743/5444/3743 4670/7040/4670 4671/7041/4671 
f 4669/7039/4669 3740/7042/3740 3739/5439/3739 3743/5444/3743 
f 4669/7039/4669 4660/7027/4660 4659/7026/4659 3740/7042/3740 
f 4669/7039/4669 4671/7041/4671 4672/7043/4672 4660/7027/4660 
f 4660/7027/4660 4672/7043/4672 4673/7044/4673 4661/7028/4661 
f 4661/7028/4661 4673/7044/4673 4674/7045/4674 4663/7033/4663 
f 4663/7033/4663 4674/7045/4674 4675/7046/4675 4664/7034/4664 
f 4664/7034/4664 4675/7046/4675 4676/7047/4676 4665/7035/4665 
f 4665/7035/4665 4676/7047/4676 4677/7048/4677 4666/7036/4666 
f 4666/7036/4666 4677/7048/4677 4678/7049/4678 4667/7037/4667 
f 4667/7037/4667 4678/7049/4678 3602/5193/3602 4668/7038/4668 
f 3745/5446/3745 3744/5445/3744 3747/7050/3747 4679/7051/4679 
f 3745/5446/3745 4670/7040/4670 3743/5444/3743 3742/5443/3742 
f 3745/7052/3745 4679/7053/4679 4680/7054/4680 4670/7055/4670 
f 4670/7056/4670 4680/7057/4680 4681/7058/4681 4671/7059/4671 
f 4671/7041/4671 4681/7060/4681 4682/7061/4682 4672/7043/4672 
f 4672/7043/4672 4682/7061/4682 4683/7062/4683 4673/7044/4673 
f 4673/7044/4673 4683/7062/4683 4684/7063/4684 4674/7045/4674 
f 4674/7045/4674 4684/7063/4684 4685/7064/4685 4675/7046/4675 
f 4675/7046/4675 4685/7064/4685 4686/7065/4686 4676/7047/4676 
f 4676/7047/4676 4686/7065/4686 4687/7066/4687 4677/7048/4677 
f 4677/7048/4677 4687/7066/4687 2990/7067/2990 4678/7049/4678 
f 4678/7049/4678 2990/7067/2990 2435/3387/2435 3602/5193/3602 
f 3746/5448/3746 3944/5750/3944 4688/7068/4688 3747/5449/3747 
f 3747/5449/3747 4688/7068/4688 4689/7069/4689 4679/7070/4679 
f 4679/7070/4679 4689/7069/4689 4690/7071/4690 4680/7057/4680 
f 4680/7057/4680 4690/7071/4690 4691/7072/4691 4681/7058/4681 
f 4681/7073/4681 4691/7074/4691 4692/7075/4692 4682/7076/4682 
f 4682/7076/4682 4692/7075/4692 4693/7077/4693 4683/7078/4683 
f 4683/7078/4683 4693/7077/4693 4694/7079/4694 4684/7080/4684 
f 4684/7080/4684 4694/7079/4694 4695/7081/4695 4685/7082/4685 
f 4685/7083/4685 4695/7084/4695 4696/7085/4696 4686/7086/4686 
f 4686/7086/4686 4696/7085/4696 2806/3995/2806 4687/7087/4687 
f 4687/7087/4687 2806/3995/2806 2803/3992/2803 2990/4296/2990 
f 4692/7088/4692 4691/7089/4691 4697/7090/4697 4698/7091/4698 
f 4692/7088/4692 4698/7091/4698 4699/7092/4699 4693/7093/4693 
f 4693/7093/4693 4699/7092/4699 4700/7094/4700 4694/7095/4694 
f 4694/7095/4694 4700/7094/4700 4701/7096/4701 4695/7084/4695 
f 4695/7084/4695 4701/7096/4701 4702/7097/4702 4696/7085/4696 
f 4696/7085/4696 4702/7097/4702 2804/3993/2804 2806/3995/2806 
f 4703/7098/4703 3068/4423/3068 1836/2548/1836 4704/7099/4704 
f 4703/7098/4703 4705/7100/4705 3069/4424/3069 3068/4423/3068 
f 4703/7098/4703 2528/3556/2528 2529/3558/2529 4705/7100/4705 
f 4703/7098/4703 4704/7099/4704 1857/2574/1857 2528/3556/2528 
f 3069/4424/3069 4668/7038/4668 3602/5193/3602 3070/4425/3070 
f 3069/4424/3069 4705/7100/4705 4657/7023/4657 4668/7038/4668 
f 1238/1739/1238 1240/1738/1240 4706/7101/4706 1859/2578/1859 
f 1187/1737/1187 69/7102/69 68/7103/68 1240/1738/1240 
f 3062/4411/3062 1859/2578/1859 4706/7101/4706 3063/4412/3063 
f 3062/4411/3062 1849/7104/1849 1860/2579/1860 1859/2578/1859 
f 1860/2579/1860 1849/7104/1849 1844/7105/1844 1861/2580/1861 
f 3976/5795/3976 3980/5794/3980 4707/7106/4707 3977/7107/3977 
f 3979/5792/3979 3982/5798/3982 4708/7108/4708 3980/5794/3980 
f 3980/5794/3980 4708/7108/4708 4709/7109/4709 4707/7106/4707 
f 3981/5797/3981 3984/7110/3984 4710/7111/4710 3982/5798/3982 
f 3982/5798/3982 4710/7111/4710 4711/7112/4711 4708/7108/4708 
f 4708/7113/4708 4711/7114/4711 4712/7115/4712 4709/7116/4709 
f 3983/7117/3983 3985/7118/3985 4713/7119/4713 3984/7120/3984 
f 3984/7120/3984 4713/7119/4713 4714/7121/4714 4710/7122/4710 
f 4710/7122/4710 4714/7121/4714 4715/7123/4715 4711/7124/4711 
f 4711/7124/4711 4715/7123/4715 4716/7125/4716 4712/7126/4712 
f 4712/7115/4712 4717/7127/4717 4718/7128/4718 4709/7116/4709 
f 4712/7126/4712 4716/7125/4716 4719/7129/4719 4717/7130/4717 
f 2703/5802/2703 2731/7131/2731 2732/7132/2732 3985/5803/3985 
f 3985/7133/3985 2732/3883/2732 2735/3882/2735 4713/7134/4713 
f 4713/7134/4713 2735/3882/2735 2737/3885/2737 4714/7135/4714 
f 4714/7135/4714 2737/3885/2737 181/246/181 4715/7136/4715 
f 4715/7136/4715 181/246/181 180/245/180 4716/7137/4716 
f 4716/7138/4716 180/7139/180 183/7140/183 4719/7141/4719 
f 2586/7142/2586 4720/7143/4720 4721/7144/4721 2584/3660/2584 
f 2586/7142/2586 4722/7145/4722 4723/7146/4723 4720/7143/4720 
f 2586/3662/2586 2583/3658/2583 4724/7147/4724 4722/7148/4722 
f 4724/7149/4724 4725/7150/4725 4726/7151/4726 4727/7152/4727 
f 4724/7147/4724 2583/3658/2583 2582/3657/2582 4725/7153/4725 
f 4724/7149/4724 4727/7152/4727 4728/7154/4728 4722/7145/4722 
f 4729/7155/4729 4730/7156/4730 4731/7157/4731 4732/7158/4732 
f 4729/7155/4729 4733/7159/4733 4734/7160/4734 4730/7156/4730 
f 4729/7155/4729 4735/7161/4735 4736/7162/4736 4733/7159/4733 
f 4729/7155/4729 4732/7158/4732 4737/7163/4737 4735/7161/4735 
f 4738/7164/4738 3718/5397/3718 4739/7165/4739 4643/7166/4643 
f 4738/7164/4738 3710/5382/3710 3709/5381/3709 3718/5397/3718 
f 4738/7167/4738 4731/7168/4731 4730/7169/4730 3710/7170/3710 
f 4738/7164/4738 4643/7166/4643 4642/7004/4642 4731/7157/4731 
f 4731/7157/4731 4642/7004/4642 4645/7003/4645 4732/7158/4732 
f 4732/7158/4732 4645/7003/4645 1847/2561/1847 4737/7163/4737 
f 4739/7165/4739 3725/5410/3725 4653/7015/4653 4652/7014/4652 
f 4739/7165/4739 3718/5397/3718 3717/5396/3717 3725/5410/3725 
f 4739/7165/4739 4652/7014/4652 4639/7171/4639 4643/7166/4643 
f 4653/7172/4653 3731/5425/3731 4662/7173/4662 4649/7174/4649 
f 4653/7015/4653 3725/5410/3725 3724/5409/3724 3731/7175/3731 
f 3736/7030/3736 3735/7176/3735 3740/7042/3740 4659/7026/4659 
f 3736/7030/3736 4662/7029/4662 3731/7177/3731 3730/7178/3730 
f 3064/4420/3064 4737/7179/4737 1847/7180/1847 1849/7181/1849 
f 3064/4420/3064 3065/4419/3065 4735/7182/4735 4737/7179/4737 
f 190/259/190 2787/3966/2787 2673/3797/2673 192/261/192 
f 2673/3797/2673 2787/3966/2787 3599/5183/3599 4740/7183/4740 
f 2673/3797/2673 4740/7183/4740 116/7184/116 118/3798/118 
f 2558/3617/2558 2560/3616/2560 4741/7185/4741 4742/7186/4742 
f 2558/3614/2558 4742/7187/4742 2574/7188/2574 2559/3615/2559 
f 2555/3625/2555 2564/3624/2564 4743/7189/4743 2560/7190/2560 
f 2560/3616/2560 4743/7191/4743 4744/7192/4744 4741/7185/4741 
f 4741/7185/4741 4744/7192/4744 4745/7193/4745 4746/7194/4746 
f 4741/7185/4741 4746/7194/4746 4747/7195/4747 4742/7186/4742 
f 2564/3627/2564 2565/3626/2565 4748/7196/4748 4743/7197/4743 
f 4743/7197/4743 4748/7196/4748 4749/7198/4749 4744/7199/4744 
f 2565/3626/2565 102/150/102 105/153/105 4748/7196/4748 
f 3540/5098/3540 3536/5092/3536 4750/7200/4750 4751/7201/4751 
f 3540/5098/3540 4751/7201/4751 4752/7202/4752 3542/5101/3542 
f 3542/5101/3542 4752/7202/4752 4753/7203/4753 3545/7204/3545 
f 3545/7204/3545 4753/7203/4753 4754/7205/4754 3548/7206/3548 
f 3548/5111/3548 4754/7207/4754 4755/7208/4755 3551/5115/3551 
f 3551/5120/3551 4755/7209/4755 4756/7210/4756 3554/5121/3554 
f 3554/5121/3554 4756/7210/4756 4757/7211/4757 3557/5125/3557 
f 3557/5125/3557 4757/7211/4757 4758/7212/4758 3560/5129/3560 
f 3560/5129/3560 4758/7212/4758 4759/7213/4759 3563/5135/3563 
f 3563/5135/3563 4759/7213/4759 4760/7214/4760 3566/5139/3566 
f 3566/5139/3566 4760/7214/4760 4761/7215/4761 3569/5142/3569 
f 3569/5142/3569 4761/7215/4761 4762/7216/4762 3572/5145/3572 
f 3572/5145/3572 4762/7216/4762 4763/7217/4763 3575/5148/3575 
f 3575/5148/3575 4763/7217/4763 4764/7218/4764 3578/5151/3578 
f 3578/5151/3578 4764/7218/4764 4765/7219/4765 3581/5154/3581 
f 3581/5154/3581 4765/7219/4765 4766/7220/4766 3584/5157/3584 
f 3584/5157/3584 4767/7221/4767 3923/5722/3923 3585/5158/3585 
f 3584/5157/3584 4766/7220/4766 4768/7222/4768 4767/7221/4767 
f 4767/7221/4767 4768/7222/4768 4769/7223/4769 3931/5734/3931 
f 4767/7221/4767 3931/5734/3931 3925/5727/3925 3923/5722/3923 
f 3931/5734/3931 4769/7223/4769 4770/7224/4770 3928/5731/3928 
f 3928/7225/3928 4770/7226/4770 4771/7227/4771 3929/7228/3929 
f 3929/7228/3929 4771/7227/4771 3635/5237/3635 3634/5236/3634 
f 4772/7229/4772 4773/7230/4773 4774/7231/4774 4775/7232/4775 
f 4772/7233/4772 3392/7234/3392 3386/7235/3386 4773/7236/4773 
f 4772/7233/4772 4776/7237/4776 3398/7238/3398 3392/7234/3392 
f 4772/7229/4772 4775/7232/4775 4777/7239/4777 4776/7240/4776 
f 4776/7241/4776 4778/7242/4778 3404/4896/3404 3398/4895/3398 
f 4776/7237/4776 4777/7243/4777 4779/7244/4779 4778/7245/4778 
f 4778/7242/4778 4780/7246/4780 3409/4905/3409 3404/4896/3404 
f 4778/7245/4778 4779/7244/4779 4781/7247/4781 4780/7248/4780 
f 4780/7246/4780 4782/7249/4782 3414/4918/3414 3409/4905/3409 
f 4780/7246/4780 4781/7250/4781 4783/7251/4783 4782/7249/4782 
f 4782/7249/4782 4784/7252/4784 3419/4927/3419 3414/4918/3414 
f 4782/7253/4782 4783/7254/4783 4785/7255/4785 4784/7256/4784 
f 4784/7252/4784 4786/7257/4786 3424/4935/3424 3419/4927/3419 
f 4784/7258/4784 4785/7259/4785 4787/7260/4787 4786/7261/4786 
f 4786/7257/4786 4788/7262/4788 3429/4945/3429 3424/4935/3424 
f 4786/7261/4786 4787/7260/4787 4789/7263/4789 4788/7264/4788 
f 4788/7265/4788 4790/7266/4790 3434/7267/3434 3429/7268/3429 
f 4788/7264/4788 4789/7263/4789 4791/7269/4791 4790/7270/4790 
f 4790/7266/4790 4792/7271/4792 3439/7272/3439 3434/7267/3434 
f 4790/7270/4790 4791/7269/4791 4793/7273/4793 4792/7274/4792 
f 4792/7271/4792 4794/7275/4794 3444/7276/3444 3439/7272/3439 
f 4792/7274/4792 4793/7273/4793 4795/7277/4795 4794/7278/4794 
f 4794/7279/4794 4796/7280/4796 3449/4977/3449 3444/4969/3444 
f 4794/7278/4794 4795/7277/4795 4797/7281/4797 4796/7282/4796 
f 4796/7280/4796 4798/7283/4798 3454/4983/3454 3449/4977/3449 
f 4796/7282/4796 4797/7281/4797 4799/7284/4799 4798/7285/4798 
f 4798/7283/4798 4800/7286/4800 3459/4989/3459 3454/4983/3454 
f 4798/7285/4798 4799/7284/4799 4801/7287/4801 4800/7288/4800 
f 4800/7286/4800 4802/7289/4802 3464/4995/3464 3459/4989/3459 
f 4800/7288/4800 4801/7287/4801 4803/7290/4803 4802/7291/4802 
f 4802/7289/4802 4804/7292/4804 3469/5002/3469 3464/4995/3464 
f 4802/7291/4802 4803/7290/4803 4805/7293/4805 4804/7294/4804 
f 4804/7292/4804 4806/7295/4806 3474/5009/3474 3469/5002/3469 
f 4804/7294/4804 4805/7293/4805 4807/7296/4807 4806/7297/4806 
f 4806/7297/4806 4807/7296/4807 4808/7298/4808 4809/7299/4809 
f 4806/7295/4806 4809/7300/4809 3479/5016/3479 3474/5009/3474 
f 4809/7301/4809 4808/7302/4808 4810/7303/4810 4811/7304/4811 
f 4809/7300/4809 4811/7305/4811 3484/5023/3484 3479/5016/3479 
f 4811/7305/4811 4810/7306/4810 4812/7307/4812 4813/7308/4813 
f 4811/7305/4811 4813/7308/4813 3488/5029/3488 3484/5023/3484 
f 4813/7308/4813 4812/7307/4812 4814/7309/4814 4815/7310/4815 
f 4813/7308/4813 4815/7310/4815 3492/5034/3492 3488/5029/3488 
f 4815/7310/4815 4814/7309/4814 4816/7311/4816 4817/7312/4817 
f 4815/7310/4815 4817/7312/4817 3496/5039/3496 3492/5034/3492 
f 4817/7312/4817 4816/7311/4816 4818/7313/4818 4819/7314/4819 
f 4817/7312/4817 4819/7314/4819 3500/5044/3500 3496/5039/3496 
f 4819/7314/4819 4818/7313/4818 4820/7315/4820 4821/7316/4821 
f 4819/7314/4819 4821/7316/4821 3504/5049/3504 3500/5044/3500 
f 4821/7316/4821 4820/7315/4820 4822/7317/4822 4823/7318/4823 
f 4821/7316/4821 4823/7318/4823 3508/5054/3508 3504/5049/3504 
f 4823/7318/4823 4822/7317/4822 4824/7319/4824 4825/7320/4825 
f 4823/7318/4823 4825/7320/4825 3512/5059/3512 3508/5054/3508 
f 4825/7320/4825 4824/7319/4824 4826/7321/4826 4827/7322/4827 
f 4825/7320/4825 4827/7322/4827 3516/5064/3516 3512/5059/3512 
f 4827/7322/4827 4826/7321/4826 4828/7323/4828 4829/7324/4829 
f 4827/7322/4827 4829/7324/4829 3520/5069/3520 3516/5064/3516 
f 4829/7324/4829 4828/7323/4828 4830/7325/4830 4831/7326/4831 
f 4829/7324/4829 4831/7326/4831 3524/5074/3524 3520/5069/3520 
f 4831/7326/4831 4830/7325/4830 4832/7327/4832 4833/7328/4833 
f 4831/7326/4831 4833/7328/4833 3528/5078/3528 3524/5074/3524 
f 4833/7328/4833 4832/7327/4832 4834/7329/4834 4835/7330/4835 
f 4833/7328/4833 4835/7330/4835 3532/5085/3532 3528/5078/3528 
f 4835/7330/4835 4834/7329/4834 4836/7331/4836 4750/7200/4750 
f 4835/7330/4835 4750/7200/4750 3536/5092/3536 3532/5085/3532 
f 4750/7200/4750 4836/7331/4836 4837/7332/4837 4751/7201/4751 
f 4751/7201/4751 4837/7332/4837 4838/7333/4838 4752/7202/4752 
f 4752/7202/4752 4838/7333/4838 4839/7334/4839 4753/7203/4753 
f 4753/7203/4753 4839/7334/4839 4840/7335/4840 4754/7205/4754 
f 4754/7205/4754 4840/7335/4840 4841/7336/4841 4755/7337/4755 
f 4755/7337/4755 4841/7336/4841 4842/7338/4842 4756/7339/4756 
f 4756/7339/4756 4842/7338/4842 4843/7340/4843 4757/7341/4757 
f 4757/7341/4757 4843/7340/4843 4844/7342/4844 4758/7343/4758 
f 4758/7343/4758 4844/7342/4844 4845/7344/4845 4759/7345/4759 
f 4759/7345/4759 4845/7344/4845 4846/7346/4846 4760/7347/4760 
f 4760/7347/4760 4846/7346/4846 4847/7348/4847 4761/7349/4761 
f 4761/7349/4761 4847/7348/4847 4848/7350/4848 4762/7351/4762 
f 4762/7351/4762 4848/7350/4848 4849/7352/4849 4763/7353/4763 
f 4763/7353/4763 4849/7352/4849 4850/7354/4850 4764/7355/4764 
f 4764/7355/4764 4850/7354/4850 4851/7356/4851 4765/7357/4765 
f 4765/7357/4765 4851/7356/4851 4852/7358/4852 4766/7359/4766 
f 4766/7359/4766 4852/7358/4852 4853/7360/4853 4768/7361/4768 
f 4768/7361/4768 4853/7360/4853 4854/7362/4854 4769/7363/4769 
f 4769/7363/4769 4854/7362/4854 4855/7364/4855 4770/7365/4770 
f 4770/7365/4770 4855/7364/4855 4856/7366/4856 4771/7367/4771 
f 4771/7367/4771 4856/7366/4856 3637/5242/3637 3635/5241/3635 
f 2847/4055/2847 4857/7368/4857 4858/7369/4858 2844/4051/2844 
f 2847/4055/2847 2850/4059/2850 4859/7370/4859 4857/7368/4857 
f 2850/7371/2850 2853/7372/2853 4860/7373/4860 4859/7374/4859 
f 2853/4069/2853 2856/4068/2856 4861/7375/4861 4860/7376/4860 
f 2856/4068/2856 2859/4073/2859 4862/7377/4862 4861/7375/4861 
f 2859/4073/2859 2862/4077/2862 4863/7378/4863 4862/7377/4862 
f 2862/4077/2862 2865/4081/2865 4864/7379/4864 4863/7378/4863 
f 2865/4081/2865 2868/4084/2868 4865/7380/4865 4864/7379/4864 
f 2868/4084/2868 2871/4087/2871 4866/7381/4866 4865/7380/4865 
f 2871/4087/2871 2874/4090/2874 4867/7382/4867 4866/7381/4866 
f 2874/4090/2874 2877/4093/2877 4868/7383/4868 4867/7382/4867 
f 2877/4093/2877 4869/7384/4869 4870/7385/4870 4868/7383/4868 
f 2877/4093/2877 2876/4092/2876 2880/4105/2880 4869/7384/4869 
f 4869/7384/4869 4871/7386/4871 4872/7387/4872 4870/7385/4870 
f 4869/7384/4869 2880/4105/2880 2882/4108/2882 4871/7386/4871 
f 4871/7386/4871 4873/7388/4873 4874/7389/4874 4872/7387/4872 
f 4871/7386/4871 2882/4108/2882 2884/7390/2884 4873/7388/4873 
f 4873/7388/4873 4875/7391/4875 4876/7392/4876 4874/7389/4874 
f 4873/7388/4873 2884/7390/2884 2886/7393/2886 4875/7391/4875 
f 4875/7391/4875 4877/7394/4877 4878/7395/4878 4876/7392/4876 
f 4875/7391/4875 2886/7393/2886 2888/4127/2888 4877/7394/4877 
f 4877/7394/4877 4879/7396/4879 4880/7397/4880 4878/7395/4878 
f 4877/7394/4877 2888/4127/2888 2890/4126/2890 4879/7396/4879 
f 4879/7396/4879 2890/4126/2890 2892/4131/2892 4881/7398/4881 
f 4879/7396/4879 4881/7398/4881 4882/7399/4882 4880/7397/4880 
f 4881/7398/4881 2892/4131/2892 2894/7400/2894 4883/7401/4883 
f 4881/7398/4881 4883/7401/4883 4884/7402/4884 4882/7399/4882 
f 4883/7401/4883 2894/7400/2894 2896/7403/2896 4885/7404/4885 
f 4883/7401/4883 4885/7404/4885 4886/7405/4886 4884/7402/4884 
f 4885/7404/4885 2896/7403/2896 2898/4155/2898 4887/7406/4887 
f 4885/7404/4885 4887/7406/4887 4888/7407/4888 4886/7405/4886 
f 4887/7406/4887 2898/4155/2898 2900/4154/2900 4889/7408/4889 
f 4887/7406/4887 4889/7408/4889 4890/7409/4890 4888/7407/4888 
f 4889/7408/4889 2900/4154/2900 2902/4159/2902 4891/7410/4891 
f 4889/7408/4889 4891/7410/4891 4892/7411/4892 4890/7409/4890 
f 4891/7410/4891 2902/4159/2902 2904/7412/2904 4893/7413/4893 
f 4891/7410/4891 4893/7413/4893 4894/7414/4894 4892/7411/4892 
f 4893/7413/4893 2904/7412/2904 2906/7415/2906 4895/7416/4895 
f 4893/7413/4893 4895/7416/4895 4896/7417/4896 4894/7414/4894 
f 4895/7416/4895 2906/7415/2906 2908/7418/2908 4897/7419/4897 
f 4895/7420/4895 4897/7421/4897 4898/7422/4898 4896/7423/4896 
f 4897/7419/4897 2908/7418/2908 2910/4183/2910 4899/7424/4899 
f 4897/7419/4897 4899/7424/4899 4900/7425/4900 4898/7426/4898 
f 4899/7424/4899 2910/4183/2910 2912/4182/2912 4901/7427/4901 
f 4899/7428/4899 4901/7429/4901 4902/7430/4902 4900/7431/4900 
f 4901/7427/4901 2912/4182/2912 2914/4187/2914 4903/7432/4903 
f 4901/7429/4901 4903/7433/4903 4904/7434/4904 4902/7430/4902 
f 4903/7432/4903 2914/4187/2914 2916/4193/2916 4905/7435/4905 
f 4903/7432/4903 4905/7435/4905 4906/7436/4906 4904/7437/4904 
f 4905/7435/4905 2916/4193/2916 2918/4195/2918 4907/7438/4907 
f 4905/7439/4905 4907/7440/4907 4908/7441/4908 4906/7442/4906 
f 4907/7438/4907 2918/4195/2918 2920/4199/2920 4774/7231/4774 
f 4907/7440/4907 4774/7443/4774 4773/7236/4773 4908/7441/4908 
f 4774/7231/4774 2920/4199/2920 2922/4202/2922 4775/7232/4775 
f 4775/7232/4775 2922/4202/2922 2924/4204/2924 4777/7239/4777 
f 4777/7239/4777 2924/4204/2924 2926/4206/2926 4779/7444/4779 
f 4779/7444/4779 2926/4206/2926 2928/4209/2928 4781/7445/4781 
f 4781/7445/4781 2928/4209/2928 2930/4211/2930 4783/7446/4783 
f 4783/7446/4783 2930/4211/2930 2932/4213/2932 4785/7259/4785 
f 4785/7259/4785 2932/4213/2932 2934/4215/2934 4787/7260/4787 
f 4787/7260/4787 2934/4215/2934 2936/4217/2936 4789/7263/4789 
f 4789/7263/4789 2936/4217/2936 2938/4219/2938 4791/7269/4791 
f 4791/7269/4791 2938/4219/2938 2940/4221/2940 4793/7273/4793 
f 4793/7273/4793 2940/4221/2940 2942/4223/2942 4795/7277/4795 
f 4795/7277/4795 2942/4223/2942 2944/4225/2944 4797/7281/4797 
f 4797/7281/4797 2944/4225/2944 2946/4227/2946 4799/7284/4799 
f 4799/7284/4799 2946/4227/2946 2948/4229/2948 4801/7287/4801 
f 4801/7287/4801 2948/4229/2948 2950/4231/2950 4803/7290/4803 
f 4803/7290/4803 2950/4231/2950 2952/4233/2952 4805/7293/4805 
f 4805/7293/4805 2952/4233/2952 4909/7447/4909 4807/7296/4807 
f 4807/7296/4807 4909/7447/4909 4910/7448/4910 4808/7298/4808 
f 4808/7298/4808 4910/7448/4910 4911/7449/4911 4810/7450/4810 
f 4810/7450/4810 4911/7449/4911 4912/7451/4912 4812/7452/4812 
f 4812/7452/4812 4912/7451/4912 4913/7453/4913 4814/7454/4814 
f 4814/7454/4814 4913/7453/4913 4914/7455/4914 4816/7456/4816 
f 4816/7456/4816 4914/7455/4914 4915/7457/4915 4818/7458/4818 
f 4818/7458/4818 4915/7457/4915 4916/7459/4916 4820/7460/4820 
f 4820/7461/4820 4916/7462/4916 4917/7463/4917 4822/7464/4822 
f 4822/7464/4822 4917/7463/4917 4918/7465/4918 4824/7466/4824 
f 4824/7466/4824 4918/7465/4918 4919/7467/4919 4826/7468/4826 
f 4826/7468/4826 4919/7467/4919 4920/7469/4920 4828/7470/4828 
f 4828/7470/4828 4920/7469/4920 4921/7471/4921 4830/7472/4830 
f 4830/7472/4830 4921/7471/4921 4922/7473/4922 4832/7474/4832 
f 4832/7474/4832 4922/7473/4922 4923/7475/4923 4834/7476/4834 
f 4834/7476/4834 4923/7475/4923 4924/7477/4924 4836/7478/4836 
f 4836/7478/4836 4924/7477/4924 4925/7479/4925 4837/7480/4837 
f 4837/7480/4837 4925/7479/4925 4926/7481/4926 4838/7482/4838 
f 4838/7333/4838 4926/7483/4926 4927/7484/4927 4839/7334/4839 
f 4839/7334/4839 4927/7484/4927 4928/7485/4928 4840/7335/4840 
f 4840/7335/4840 4928/7485/4928 4929/7486/4929 4841/7336/4841 
f 4841/7336/4841 4929/7486/4929 4930/7487/4930 4842/7338/4842 
f 4842/7338/4842 4930/7487/4930 4931/7488/4931 4843/7340/4843 
f 4843/7489/4843 4931/7490/4931 4932/7491/4932 4844/7492/4844 
f 4844/7342/4844 4932/7493/4932 4933/7494/4933 4845/7344/4845 
f 4845/7344/4845 4933/7494/4933 4934/7495/4934 4846/7346/4846 
f 4846/7346/4846 4934/7495/4934 4935/7496/4935 4847/7348/4847 
f 4847/7348/4847 4935/7496/4935 4936/7497/4936 4848/7350/4848 
f 4848/7350/4848 4936/7497/4936 4937/7498/4937 4849/7352/4849 
f 4849/7352/4849 4937/7498/4937 4938/7499/4938 4850/7354/4850 
f 4850/7354/4850 4938/7499/4938 4939/7500/4939 4851/7356/4851 
f 4851/7356/4851 4939/7500/4939 4940/7501/4940 4852/7358/4852 
f 4852/7358/4852 4940/7501/4940 4941/7502/4941 4853/7360/4853 
f 4853/7360/4853 4941/7502/4941 4942/7503/4942 4854/7362/4854 
f 4854/7362/4854 4942/7503/4942 4943/7504/4943 4855/7364/4855 
f 4855/7364/4855 4943/7504/4943 4944/7505/4944 4856/7366/4856 
f 4856/7366/4856 4944/7505/4944 3653/5273/3653 3637/5242/3637 
f 2952/4233/2952 2951/4232/2951 2953/4234/2953 4909/7447/4909 
f 4909/7447/4909 2953/4234/2953 2954/4235/2954 4910/7448/4910 
f 4910/7448/4910 2954/4235/2954 2955/4236/2955 4911/7449/4911 
f 4911/7449/4911 2955/4236/2955 2956/4237/2956 4912/7451/4912 
f 4912/7451/4912 2956/4237/2956 2957/4238/2957 4913/7453/4913 
f 4913/7453/4913 2957/4238/2957 2958/4240/2958 4914/7455/4914 
f 4914/7455/4914 2958/4240/2958 2959/4242/2959 4915/7457/4915 
f 4915/7457/4915 2959/4242/2959 2960/4244/2960 4916/7459/4916 
f 4916/7459/4916 2960/4244/2960 2961/4245/2961 4917/7506/4917 
f 4917/7506/4917 2961/4245/2961 2962/4246/2962 4918/7507/4918 
f 4918/7507/4918 2962/4246/2962 2963/4248/2963 4919/7508/4919 
f 4919/7467/4919 2963/7509/2963 2964/7510/2964 4920/7469/4920 
f 4920/7511/4920 2964/4253/2964 2965/4252/2965 4921/7512/4921 
f 4921/7512/4921 2965/4252/2965 2966/4254/2966 4922/7513/4922 
f 4922/7513/4922 2966/4254/2966 2967/4255/2967 4923/7514/4923 
f 4923/7514/4923 2967/4255/2967 2968/4256/2968 4924/7515/4924 
f 4924/7515/4924 2968/4256/2968 2969/4257/2969 4925/7516/4925 
f 4925/7516/4925 2969/4257/2969 2970/4258/2970 4926/7517/4926 
f 4926/7517/4926 2970/4258/2970 2971/4259/2971 4927/7518/4927 
f 4927/7518/4927 2971/4259/2971 2972/4260/2972 4928/7519/4928 
f 4928/7519/4928 2972/4260/2972 2973/4261/2973 4929/7520/4929 
f 4929/7520/4929 2973/4261/2973 2974/4262/2974 4930/7521/4930 
f 4930/7521/4930 2974/4262/2974 2975/4263/2975 4931/7522/4931 
f 4931/7522/4931 2975/4263/2975 2976/4264/2976 4932/7523/4932 
f 4932/7523/4932 2976/4264/2976 2977/4265/2977 4933/7524/4933 
f 4933/7524/4933 2977/4265/2977 2978/4266/2978 4934/7525/4934 
f 4934/7525/4934 2978/4266/2978 2979/4267/2979 4935/7526/4935 
f 4935/7496/4935 2979/4271/2979 2980/4270/2980 4936/7497/4936 
f 4936/7527/4936 2980/4273/2980 2981/4272/2981 4937/7528/4937 
f 4937/7498/4937 2981/7529/2981 2982/7530/2982 4938/7499/4938 
f 4938/7499/4938 2982/7530/2982 2983/7531/2983 4939/7500/4939 
f 4939/7500/4939 2983/7531/2983 2984/7532/2984 4940/7501/4940 
f 4940/7501/4940 2984/7532/2984 2985/7533/2985 4941/7502/4941 
f 4941/7502/4941 2985/7533/2985 2986/4288/2986 4942/7503/4942 
f 4942/7503/4942 2986/4288/2986 2987/4287/2987 4943/7504/4943 
f 4943/7504/4943 2987/4287/2987 2988/7534/2988 4944/7505/4944 
f 4944/7505/4944 2988/7534/2988 2989/5274/2989 3653/5273/3653 
f 4945/7535/4945 4946/7536/4946 4947/7537/4947 4948/7538/4948 
f 4945/7535/4945 2640/3741/2640 2639/3740/2639 4946/7536/4946 
f 4945/7535/4945 4949/7539/4949 2482/3475/2482 2640/3741/2640 
f 4945/7535/4945 4948/7538/4948 4950/7540/4950 4949/7539/4949 
f 4949/7539/4949 4950/7540/4950 4951/7541/4951 4952/7542/4952 
f 4949/7539/4949 4952/7542/4952 2481/3473/2481 2482/3475/2482 
f 4948/7538/4948 4953/7543/4953 4954/7544/4954 4950/7540/4950 
f 4948/7538/4948 4947/7537/4947 4955/7545/4955 4953/7543/4953 
f 4950/7540/4950 4954/7544/4954 4747/7195/4747 4951/7541/4951 
f 4951/7541/4951 3598/5182/3598 83/123/83 4952/7542/4952 
f 4951/7541/4951 4747/7195/4747 4746/7194/4746 3598/5182/3598 
f 4955/7545/4955 3612/5204/3612 2578/3649/2578 2572/3641/2572 
f 4955/7545/4955 4947/7537/4947 3613/5205/3613 3612/5204/3612 
f 4955/7545/4955 2572/3641/2572 2571/3640/2571 4953/7543/4953 
f 4953/7543/4953 2571/3640/2571 2574/3644/2574 4954/7544/4954 
f 4954/7544/4954 2574/3644/2574 4742/7186/4742 4747/7195/4747 
f 2644/3755/2644 4956/7546/4956 4957/7547/4957 2645/3756/2645 
f 2644/7548/2644 2643/3754/2643 4958/7549/4958 4956/7550/4956 
f 2645/3756/2645 4957/7547/4957 3042/4381/3042 2646/3757/2646 
f 2646/3757/2646 3042/4381/3042 3041/4380/3041 2648/3760/2648 
f 1114/1572/1114 3057/4406/3057 2717/3855/2717 1119/1577/1119 
f 4725/7551/4725 3609/5201/3609 3611/5203/3611 4726/7552/4726 
f 4725/7153/4725 2582/3657/2582 3610/7553/3610 3609/7554/3609 
f 4722/7145/4722 4728/7154/4728 4959/7555/4959 4723/7146/4723 
f 3941/5747/3941 3940/5746/3940 4960/7556/4960 3942/5748/3942 
f 3942/5748/3942 4960/7556/4960 4961/7557/4961 3943/5749/3943 
f 3943/5749/3943 4961/7557/4961 4962/7558/4962 3944/5750/3944 
f 3944/5750/3944 4962/7558/4962 4963/7559/4963 4688/7068/4688 
f 4688/7068/4688 4963/7559/4963 4964/7560/4964 4689/7069/4689 
f 4689/7069/4689 4964/7560/4964 4965/7561/4965 4690/7071/4690 
f 4690/7562/4690 4965/7563/4965 4697/7564/4697 4691/7074/4691 
f 3630/5230/3630 3629/5229/3629 3642/7565/3642 3937/5743/3937 
f 3937/7566/3937 3642/7567/3642 3644/7568/3644 3939/7569/3939 
f 3939/7570/3939 3644/5253/3644 4966/7571/4966 3940/7572/3940 
f 3940/7572/3940 4966/7571/4966 4967/7573/4967 4960/7574/4960 
f 4960/7574/4960 4967/7573/4967 4968/7575/4968 4961/7576/4961 
f 4961/7576/4961 4968/7575/4968 4969/7577/4969 4962/7578/4962 
f 4962/7578/4962 4969/7577/4969 4970/7579/4970 4963/7580/4963 
f 4963/7580/4963 4970/7579/4970 4971/7581/4971 4964/7582/4964 
f 4964/7582/4964 4971/7581/4971 4972/7583/4972 4965/7584/4965 
f 4965/7584/4965 4972/7583/4972 4973/7585/4973 4697/7090/4697 
f 4697/7090/4697 4973/7585/4973 4974/7586/4974 4698/7091/4698 
f 4698/7091/4698 4974/7586/4974 4975/7587/4975 4699/7092/4699 
f 4699/7092/4699 4975/7587/4975 4976/7588/4976 4700/7094/4700 
f 4700/7094/4700 4976/7588/4976 4977/7589/4977 4701/7096/4701 
f 4701/7096/4701 4977/7589/4977 4978/7590/4978 4702/7097/4702 
f 4702/7097/4702 4978/7590/4978 2805/3994/2805 2804/3993/2804 
f 4727/7591/4727 4979/7592/4979 4980/7593/4980 4728/7594/4728 
f 4727/7595/4727 4726/7552/4726 3611/5203/3611 4979/7596/4979 
f 4728/7154/4728 4980/7597/4980 4981/7598/4981 4959/7555/4959 
f 3611/5203/3611 1870/2595/1870 1877/2602/1877 4979/7596/4979 
f 4979/7596/4979 1877/2602/1877 4982/7599/4982 4980/7600/4980 
f 4983/7601/4983 4733/7602/4733 4736/7603/4736 4984/7604/4984 
f 4983/7605/4983 3692/7606/3692 4734/7160/4734 4733/7159/4733 
f 4983/7601/4983 3815/7607/3815 3691/7608/3691 3692/7609/3692 
f 4983/7601/4983 4984/7604/4984 4982/7610/4982 3815/7607/3815 
f 4984/7611/4984 4736/7162/4736 4985/7612/4985 4981/7598/4981 
f 4984/7604/4984 4981/7613/4981 4980/7614/4980 4982/7610/4982 
f 4981/7598/4981 4985/7612/4985 4986/7615/4986 4959/7555/4959 
f 3065/7616/3065 2671/7617/2671 4987/7618/4987 4735/7619/4735 
f 3065/7620/3065 3061/7621/3061 2672/7622/2672 2671/7623/2671 
f 1875/2600/1875 3815/5550/3815 4982/7599/4982 1877/2602/1877 
f 2618/3702/2618 2678/3806/2678 2627/7624/2627 2616/3703/2616 
f 2627/3810/2627 2680/3809/2680 2631/3730/2631 2625/3719/2625 
f 3644/5253/3644 3643/5252/3643 3649/5262/3649 4966/7571/4966 
f 4966/7571/4966 3649/5262/3649 3650/5261/3650 4967/7573/4967 
f 4967/7573/4967 3650/5261/3650 4988/7625/4988 4968/7575/4968 
f 4968/7575/4968 4988/7625/4988 4989/7626/4989 4969/7577/4969 
f 4969/7577/4969 4989/7626/4989 4990/7627/4990 4970/7579/4970 
f 4970/7579/4970 4990/7627/4990 4991/7628/4991 4971/7581/4971 
f 4971/7581/4971 4991/7628/4991 4992/7629/4992 4972/7583/4972 
f 4972/7583/4972 4992/7629/4992 4993/7630/4993 4973/7585/4973 
f 4973/7585/4973 4993/7630/4993 4994/7631/4994 4974/7586/4974 
f 4974/7586/4974 4994/7631/4994 4995/7632/4995 4975/7587/4975 
f 4975/7587/4975 4995/7632/4995 4996/7633/4996 4976/7588/4976 
f 3650/5261/3650 7/8/7 4997/7634/4997 4988/7625/4988 
f 4988/7625/4988 4997/7634/4997 4998/7635/4998 4989/7626/4989 
f 4989/7626/4989 4998/7635/4998 4999/7636/4999 4990/7627/4990 
f 4990/7627/4990 4999/7636/4999 5000/7637/5000 4991/7628/4991 
f 4991/7638/4991 5000/7639/5000 5001/7640/5001 4992/7641/4992 
f 4113/6021/4113 4142/6066/4142 1818/2530/1818 1817/2529/1817 
f 4142/6066/4142 4145/6070/4145 1819/2531/1819 1818/2530/1818 
f 4145/6076/4145 4148/6075/4148 3033/7642/3033 1819/7643/1819 
f 4148/6080/4148 4150/6079/4150 3034/4371/3034 3033/4370/3033 
f 4150/6079/4150 4153/6084/4153 3035/4373/3035 3034/4371/3034 
f 4155/6087/4155 4205/7644/4205 5002/7645/5002 4156/6088/4156 
f 4205/7644/4205 4208/7646/4208 5003/7647/5003 5002/7645/5002 
f 4208/7646/4208 4211/6192/4211 5004/7648/5004 5003/7647/5003 
f 4211/6192/4211 4213/6191/4213 5005/7649/5005 5004/7648/5004 
f 4213/6191/4213 4216/6196/4216 5006/7650/5006 5005/7649/5005 
f 4216/6196/4216 4219/6200/4219 5007/7651/5007 5006/7650/5006 
f 4218/6199/4218 4287/7652/4287 5008/7653/5008 4219/6200/4219 
f 4219/6200/4219 5008/7653/5008 5009/7654/5009 5007/7651/5007 
f 4287/7652/4287 4290/7655/4290 5010/7656/5010 5008/7653/5008 
f 5008/7653/5008 5010/7656/5010 5011/7657/5011 5009/7654/5009 
f 4290/6313/4290 4293/6318/4293 5012/7658/5012 5010/7659/5010 
f 5010/7656/5010 5012/7660/5012 5013/7661/5013 5011/7657/5011 
f 4293/6322/4293 4295/6321/4295 5014/7662/5014 5012/7660/5012 
f 5012/7660/5012 5014/7662/5014 5015/7663/5015 5013/7661/5013 
f 4295/6321/4295 4298/7664/4298 5016/7665/5016 5014/7662/5014 
f 5014/7662/5014 5016/7665/5016 5017/7666/5017 5015/7663/5015 
f 4298/7664/4298 4301/7667/4301 5018/7668/5018 5016/7665/5016 
f 5016/7665/5016 5018/7668/5018 5019/7669/5019 5017/7666/5017 
f 4300/7670/4300 4372/7671/4372 5020/7672/5020 4301/7667/4301 
f 4301/7667/4301 5020/7672/5020 5021/7673/5021 5018/7668/5018 
f 5018/7668/5018 5021/7673/5021 5022/7674/5022 5019/7669/5019 
f 4372/7671/4372 4375/7675/4375 5023/7676/5023 5020/7672/5020 
f 5020/7672/5020 5023/7676/5023 5024/7677/5024 5021/7673/5021 
f 4375/7675/4375 4378/7678/4378 5025/7679/5025 5023/7676/5023 
f 5023/7676/5023 5025/7679/5025 5026/7680/5026 5024/7677/5024 
f 4378/7678/4378 4380/6480/4380 5027/7681/5027 5025/7679/5025 
f 5025/7679/5025 5027/7681/5027 5028/7682/5028 5026/7680/5026 
f 4380/6480/4380 4383/6479/4383 5029/7683/5029 5027/7681/5027 
f 5027/7681/5027 5029/7683/5029 5030/7684/5030 5028/7682/5028 
f 4383/6479/4383 4386/7685/4386 5031/7686/5031 5029/7683/5029 
f 5029/7683/5029 5031/7686/5031 5032/7687/5032 5030/7684/5030 
f 4385/7688/4385 4444/6600/4444 5033/7689/5033 4386/7685/4386 
f 4386/7685/4386 5033/7689/5033 5034/7690/5034 5031/7686/5031 
f 5031/7686/5031 5034/7690/5034 5035/7691/5035 5032/7687/5032 
f 4444/6600/4444 4447/6599/4447 5036/7692/5036 5033/7689/5033 
f 5033/7689/5033 5036/7692/5036 5037/7693/5037 5034/7690/5034 
f 5034/7690/5034 5037/7693/5037 5038/7694/5038 5035/7691/5035 
f 4447/6599/4447 4449/6606/4449 5039/7695/5039 5036/7692/5036 
f 5036/7692/5036 5039/7695/5039 5040/7696/5040 5037/7693/5037 
f 5037/7693/5037 5040/7696/5040 5041/7697/5041 5038/7694/5038 
f 4449/7698/4449 4450/7699/4450 5042/7700/5042 5039/7701/5039 
f 5039/7695/5039 5042/7702/5042 5043/7703/5043 5040/7696/5040 
f 4450/6611/4450 3627/5227/3627 3626/5226/3626 5042/7702/5042 
f 3093/4456/3093 3092/4455/3092 5044/7704/5044 5045/7705/5045 
f 3093/4456/3093 5045/7705/5045 3820/5561/3820 3094/5563/3094 
f 5045/7706/5045 5044/7707/5044 5046/7708/5046 5047/7709/5047 
f 5045/7705/5045 5047/7710/5047 3818/5557/3818 3820/5561/3820 
f 5047/7709/5047 5046/7708/5046 5048/7711/5048 5049/7712/5049 
f 5047/7710/5047 5049/7713/5049 3816/5558/3816 3818/5557/3818 
f 5049/7714/5049 5048/7715/5048 388/530/388 387/529/387 
f 5049/7714/5049 387/529/387 390/532/390 3816/5552/3816 
f 3092/4455/3092 3102/7716/3102 5050/7717/5050 5044/7704/5044 
f 5044/7707/5044 5050/7718/5050 5051/7719/5051 5046/7708/5046 
f 5046/7720/5046 5051/7721/5051 5052/7722/5052 5048/7723/5048 
f 5048/7723/5048 5052/7722/5052 394/7724/394 388/7725/388 
f 3102/4469/3102 3110/7726/3110 5053/7727/5053 5050/7728/5050 
f 5050/7728/5050 5053/7727/5053 5054/7729/5054 5051/7730/5051 
f 5051/7721/5051 5054/7731/5054 5055/7732/5055 5052/7722/5052 
f 5052/7733/5052 5055/7734/5055 397/539/397 394/536/394 
f 3110/7726/3110 3118/4504/3118 5056/7735/5056 5053/7727/5053 
f 5053/7736/5053 5056/7737/5056 5057/7738/5057 5054/7739/5054 
f 5054/7731/5054 5057/7740/5057 5058/7741/5058 5055/7732/5055 
f 5055/7734/5055 5058/7742/5058 400/542/400 397/539/397 
f 3118/7743/3118 3126/7744/3126 5059/7745/5059 5056/7737/5056 
f 5056/7737/5056 5059/7745/5059 5060/7746/5060 5057/7738/5057 
f 5057/7738/5057 5060/7746/5060 5061/7747/5061 5058/7748/5058 
f 5058/7742/5058 5061/7749/5061 403/545/403 400/542/400 
f 3126/7750/3126 3134/4528/3134 5062/7751/5062 5059/7752/5059 
f 5059/7745/5059 5062/7753/5062 5063/7754/5063 5060/7746/5060 
f 5060/7746/5060 5063/7754/5063 5064/7755/5064 5061/7747/5061 
f 5061/7749/5061 5064/7756/5064 406/548/406 403/545/403 
f 3134/4528/3134 3142/4527/3142 5065/7757/5065 5062/7751/5062 
f 5062/7753/5062 5065/7758/5065 5066/7759/5066 5063/7754/5063 
f 5063/7760/5063 5066/7761/5066 3829/7762/3829 5064/7763/5064 
f 5064/7756/5064 3829/5576/3829 409/551/409 406/548/406 
f 3142/4527/3142 3150/4541/3150 5067/7764/5067 5065/7757/5065 
f 5065/7765/5065 5067/7766/5067 5068/7767/5068 5066/7761/5066 
f 5066/7761/5066 5068/7767/5068 3827/7768/3827 3829/7762/3829 
f 3150/4541/3150 3158/7769/3158 5069/7770/5069 5067/7764/5067 
f 5067/7766/5067 5069/7771/5069 5070/7772/5070 5068/7767/5068 
f 5068/7767/5068 5070/7772/5070 3828/7773/3828 3827/7768/3827 
f 3158/7769/3158 3166/7774/3166 5071/7775/5071 5069/7770/5069 
f 5069/7771/5069 5071/7776/5071 5072/7777/5072 5070/7772/5070 
f 5070/7772/5070 5072/7777/5072 680/7778/680 3828/7773/3828 
f 3166/7774/3166 3174/7779/3174 5073/7780/5073 5071/7775/5071 
f 5071/7775/5071 5073/7780/5073 5074/7781/5074 5072/7782/5072 
f 5072/7777/5072 5074/7783/5074 681/7784/681 680/7778/680 
f 3174/7779/3174 3182/7785/3182 5075/7786/5075 5073/7780/5073 
f 5073/7780/5073 5075/7786/5075 5076/7787/5076 5074/7781/5074 
f 5074/7783/5074 5076/7788/5076 682/7789/682 681/7784/681 
f 3182/7790/3182 3190/7791/3190 5077/7792/5077 5075/7793/5075 
f 5075/7786/5075 5077/7794/5077 5078/7795/5078 5076/7787/5076 
f 5076/7788/5076 5078/7796/5078 683/7797/683 682/7789/682 
f 3190/7791/3190 3198/7798/3198 5079/7799/5079 5077/7792/5077 
f 5077/7800/5077 5079/7801/5079 5080/7802/5080 5078/7796/5078 
f 5078/7796/5078 5080/7802/5080 684/909/684 683/7797/683 
f 3198/7803/3198 3206/7804/3206 5081/7805/5081 5079/7806/5079 
f 5079/7806/5079 5081/7805/5081 5082/7807/5082 5080/7808/5080 
f 5080/7802/5080 5082/7809/5082 685/910/685 684/909/684 
f 3205/7810/3205 3213/7811/3213 5083/7812/5083 3206/7804/3206 
f 3206/7804/3206 5083/7812/5083 5084/7813/5084 5081/7805/5081 
f 5081/7805/5081 5084/7813/5084 3832/7814/3832 5082/7807/5082 
f 5082/7809/5082 3832/5582/3832 686/5581/686 685/910/685 
f 3213/7811/3213 3220/7815/3220 5085/7816/5085 5083/7812/5083 
f 5083/7812/5083 5085/7816/5085 5086/7817/5086 5084/7813/5084 
f 5084/7813/5084 5086/7817/5086 3830/7818/3830 3832/7814/3832 
f 3220/7815/3220 3227/4656/3227 5087/7819/5087 5085/7816/5085 
f 5085/7816/5085 5087/7819/5087 5088/7820/5088 5086/7817/5086 
f 5086/7817/5086 5088/7820/5088 3831/7821/3831 3830/7818/3830 
f 3227/4656/3227 3234/4655/3234 5089/7822/5089 5087/7819/5087 
f 5087/7819/5087 5089/7822/5089 5090/7823/5090 5088/7820/5088 
f 5088/7820/5088 5090/7823/5090 3833/7824/3833 3831/7821/3831 
f 3234/4655/3234 3241/4666/3241 5091/7825/5091 5089/7822/5089 
f 5089/7822/5089 5091/7825/5091 5092/7826/5092 5090/7823/5090 
f 5090/7823/5090 5092/7826/5092 3834/5586/3834 3833/7824/3833 
f 3241/4666/3241 3248/4679/3248 5093/7827/5093 5091/7825/5091 
f 5091/7825/5091 5093/7827/5093 5094/7828/5094 5092/7826/5092 
f 5092/7826/5092 5094/7828/5094 3835/5587/3835 3834/5586/3834 
f 3248/4679/3248 3255/4703/3255 5095/7829/5095 5093/7827/5093 
f 5093/7827/5093 5095/7829/5095 5096/7830/5096 5094/7828/5094 
f 5094/7828/5094 5096/7830/5096 773/7831/773 3835/5587/3835 
f 3255/4703/3255 3262/4702/3262 5097/7832/5097 5095/7829/5095 
f 5095/7829/5095 5097/7832/5097 5098/7833/5098 5096/7830/5096 
f 5096/7830/5096 5098/7833/5098 771/7834/771 773/7831/773 
f 3262/4702/3262 3269/4716/3269 5099/7835/5099 5097/7832/5097 
f 5097/7832/5097 5099/7835/5099 3838/5592/3838 5098/7833/5098 
f 5098/7833/5098 3838/5592/3838 772/1048/772 771/7834/771 
f 3269/4716/3269 3276/4727/3276 5100/7836/5100 5099/7835/5099 
f 5099/7835/5099 5100/7836/5100 3836/5590/3836 3838/5592/3838 
f 3276/4727/3276 3283/4738/3283 5101/7837/5101 5100/7836/5100 
f 5100/7836/5100 5101/7837/5101 3837/5591/3837 3836/5590/3836 
f 3283/4738/3283 3290/4749/3290 5102/7838/5102 5101/7837/5101 
f 5101/7837/5101 5102/7838/5102 3839/5593/3839 3837/5591/3837 
f 3290/4749/3290 3297/4760/3297 5103/7839/5103 5102/7838/5102 
f 5102/7838/5102 5103/7839/5103 3840/5594/3840 3839/5593/3839 
f 3297/4760/3297 3304/4770/3304 5104/7840/5104 5103/7839/5103 
f 5103/7839/5103 5104/7840/5104 3841/5595/3841 3840/5594/3840 
f 3304/4770/3304 3311/7841/3311 5105/7842/5105 5104/7840/5104 
f 5104/7840/5104 5105/7842/5105 3842/5596/3842 3841/5595/3841 
f 3310/4778/3310 3317/4788/3317 5106/7843/5106 3311/4779/3311 
f 3311/7841/3311 5106/7844/5106 5107/7845/5107 5105/7842/5105 
f 5105/7842/5105 5107/7845/5107 3843/5597/3843 3842/5596/3842 
f 3317/4788/3317 3323/4796/3323 5108/7846/5108 5106/7843/5106 
f 5106/7844/5106 5108/7847/5108 5109/7848/5109 5107/7845/5107 
f 5107/7845/5107 5109/7848/5109 3844/5598/3844 3843/5597/3843 
f 3323/7849/3323 3329/7850/3329 5110/7851/5110 5108/7847/5108 
f 5108/7847/5108 5110/7851/5110 3847/5601/3847 5109/7848/5109 
f 5109/7848/5109 3847/5601/3847 851/1146/851 3844/5598/3844 
f 3329/7850/3329 3335/7852/3335 5111/7853/5111 5110/7851/5110 
f 5110/7851/5110 5111/7853/5111 3845/5599/3845 3847/5601/3847 
f 3335/4811/3335 3341/7854/3341 5112/7855/5112 5111/7856/5111 
f 5111/7853/5111 5112/7857/5112 3846/5600/3846 3845/5599/3845 
f 3341/7854/3341 3347/4833/3347 5113/7858/5113 5112/7855/5112 
f 5112/7857/5112 5113/7859/5113 3848/5602/3848 3846/5600/3846 
f 3347/4833/3347 3353/4832/3353 5114/7860/5114 5113/7858/5113 
f 5113/7859/5113 5114/7861/5114 3849/5604/3849 3848/5602/3848 
f 3353/7862/3353 3359/7863/3359 5115/7864/5115 5114/7861/5114 
f 5114/7861/5114 5115/7864/5115 3850/5606/3850 3849/5604/3849 
f 3359/4840/3359 3365/4847/3365 5116/7865/5116 5115/7866/5115 
f 5115/7864/5115 5116/7867/5116 3851/7868/3851 3850/5606/3850 
f 3365/7869/3365 3371/7870/3371 5117/7871/5117 5116/7867/5116 
f 5116/7867/5116 5117/7871/5117 3852/7872/3852 3851/7868/3851 
f 3371/7870/3371 3377/4870/3377 3858/5623/3858 5117/7871/5117 
f 5117/7871/5117 3858/5623/3858 3853/5617/3853 3852/7872/3852 
f 3377/4870/3377 3383/4869/3383 3855/5620/3855 3858/5623/3858 
f 3383/4869/3383 3389/4877/3389 3856/5621/3856 3855/5620/3855 
f 3389/4877/3389 3395/4884/3395 3859/5626/3859 3856/5621/3856 
f 3395/4884/3395 3401/4891/3401 3861/5629/3861 3859/5626/3859 
f 3400/4890/3400 3406/4914/3406 5118/7873/5118 3401/4891/3401 
f 3401/4891/3401 5118/7873/5118 3862/5631/3862 3861/5629/3861 
f 3406/4914/3406 3411/4913/3411 5119/7874/5119 5118/7873/5118 
f 5118/7873/5118 5119/7874/5119 3863/5632/3863 3862/5631/3862 
f 3411/4913/3411 3416/4922/3416 5120/7875/5120 5119/7874/5119 
f 5119/7874/5119 5120/7875/5120 3864/5633/3864 3863/5632/3863 
f 3416/4922/3416 3421/4942/3421 5121/7876/5121 5120/7875/5120 
f 5120/7875/5120 5121/7876/5121 3865/5634/3865 3864/5633/3864 
f 3421/4942/3421 3426/4941/3426 3871/5640/3871 5121/7876/5121 
f 5121/7876/5121 3871/5640/3871 3866/5635/3866 3865/5634/3865 
f 3426/4941/3426 3431/4952/3431 3868/5637/3868 3871/5640/3871 
f 3431/4952/3431 3436/4960/3436 3869/5638/3869 3868/5637/3868 
f 3436/4960/3436 3441/4966/3441 3872/5641/3872 3869/5638/3869 
f 3441/4966/3441 3446/7877/3446 3874/5643/3874 3872/5641/3872 
f 3446/7877/3446 3451/7878/3451 3876/5645/3876 3874/5643/3874 
f 3451/7878/3451 3456/7879/3456 3878/5647/3878 3876/5645/3876 
f 3456/7879/3456 3461/7880/3461 3879/5648/3879 3878/5647/3878 
f 3461/7880/3461 3466/5654/3466 3880/5649/3880 3879/5648/3879 
f 3480/5019/3480 3485/5026/3485 3884/7881/3884 3481/5020/3481 
f 3485/5026/3485 3489/5031/3489 3886/7882/3886 3884/7881/3884 
f 3489/5031/3489 3493/5036/3493 3888/7883/3888 3886/7882/3886 
f 3493/5036/3493 3497/5041/3497 3891/7884/3891 3888/7883/3888 
f 3497/5041/3497 3501/5046/3501 3893/5671/3893 3891/7884/3891 
f 3501/5046/3501 3505/5051/3505 3895/5672/3895 3893/5671/3893 
f 5122/7885/5122 2524/7886/2524 2512/3526/2512 2501/3525/2501 
f 5122/7885/5122 2641/3747/2641 2525/3746/2525 2524/7886/2524 
f 5122/7887/5122 2517/7888/2517 2516/3744/2516 2641/3743/2641 
f 5122/7887/5122 2501/3500/2501 2500/3499/2500 2517/7888/2517 
f 3075/4432/3075 3945/5751/3945 5123/7889/5123 3076/4433/3076 
f 3076/4433/3076 5123/7889/5123 5124/7890/5124 3097/4461/3097 
f 3097/4461/3097 5124/7890/5124 5125/7891/5125 3105/4473/3105 
f 3105/4473/3105 5125/7891/5125 5126/7892/5126 3113/4483/3113 
f 3113/4483/3113 5126/7892/5126 5127/7893/5127 3121/4494/3121 
f 3121/7894/3121 5127/7895/5127 5128/7896/5128 3129/7897/3129 
f 3129/4507/3129 5128/7898/5128 5129/7899/5129 3137/4519/3137 
f 3137/4519/3137 5129/7899/5129 5130/7900/5130 3145/4533/3145 
f 3145/4533/3145 5130/7900/5130 5131/7901/5131 3153/7902/3153 
f 3153/7902/3153 5131/7901/5131 5132/7903/5132 3161/7904/3161 
f 3161/7905/3161 5132/7906/5132 4858/7907/4858 3169/7908/3169 
f 3169/7909/3169 4858/7369/4858 4857/7368/4857 3177/7910/3177 
f 3177/4588/3177 4857/7911/4857 4859/7912/4859 3185/4589/3185 
f 3185/7913/3185 4859/7374/4859 4860/7373/4860 3193/7914/3193 
f 3193/4600/3193 4860/7376/4860 4861/7375/4861 3201/4609/3201 
f 3201/4609/3201 4861/7375/4861 4862/7377/4862 3209/4620/3209 
f 3209/4620/3209 4862/7377/4862 4863/7378/4863 3216/4629/3216 
f 3216/4629/3216 4863/7378/4863 4864/7379/4864 3223/4638/3223 
f 3223/4638/3223 4864/7379/4864 4865/7380/4865 3230/4647/3230 
f 3230/4647/3230 4865/7380/4865 4866/7381/4866 3237/4659/3237 
f 3237/4659/3237 4866/7381/4866 4867/7382/4867 3244/4669/3244 
f 3244/4669/3244 4867/7382/4867 4868/7383/4868 3251/4682/3251 
f 3251/4682/3251 4868/7383/4868 4870/7385/4870 3258/4693/3258 
f 3258/4693/3258 4870/7385/4870 4872/7387/4872 3265/4706/3265 
f 3265/4706/3265 4872/7387/4872 4874/7389/4874 3272/4719/3272 
f 3272/4719/3272 4874/7389/4874 4876/7392/4876 3279/4730/3279 
f 3279/4730/3279 4876/7392/4876 4878/7395/4878 3286/4741/3286 
f 3286/4741/3286 4878/7395/4878 4880/7397/4880 3293/4753/3293 
f 3293/4753/3293 4880/7397/4880 4882/7399/4882 3300/4763/3300 
f 3300/4763/3300 4882/7399/4882 4884/7402/4884 3307/4773/3307 
f 3307/4773/3307 4884/7402/4884 4886/7405/4886 3314/4783/3314 
f 3314/4783/3314 4886/7405/4886 4888/7407/4888 3320/4791/3320 
f 3320/4791/3320 4888/7407/4888 4890/7409/4890 3326/7915/3326 
f 3326/7915/3326 4890/7409/4890 4892/7411/4892 3332/7916/3332 
f 3332/7917/3332 4892/7918/4892 4894/7919/4894 3338/7920/3338 
f 3338/4814/3338 4894/7921/4894 4896/7922/4896 3344/4821/3344 
f 3344/7923/3344 4896/7423/4896 4898/7422/4898 3350/7924/3350 
f 3350/7924/3350 4898/7422/4898 4900/7431/4900 3356/7925/3356 
f 3356/7925/3356 4900/7431/4900 4902/7430/4902 3362/7926/3362 
f 3362/7926/3362 4902/7430/4902 4904/7434/4904 3368/7927/3368 
f 3368/7927/3368 4904/7434/4904 4906/7442/4906 3374/7928/3374 
f 3374/7928/3374 4906/7442/4906 4908/7441/4908 3380/7929/3380 
f 3380/7929/3380 4908/7441/4908 4773/7236/4773 3386/7235/3386 
f 3945/5751/3945 2813/4007/2813 2815/7930/2815 5123/7889/5123 
f 5123/7889/5123 2815/7930/2815 2818/7931/2818 5124/7890/5124 
f 5124/7932/5124 2818/4017/2818 2821/4021/2821 5125/7933/5125 
f 5125/7933/5125 2821/4021/2821 2824/4025/2824 5126/7934/5126 
f 5126/7934/5126 2824/4025/2824 2826/4027/2826 5127/7935/5127 
f 5127/7895/5127 2826/7936/2826 2829/7937/2829 5128/7896/5128 
f 5128/7898/5128 2829/7938/2829 2832/7939/2832 5129/7899/5129 
f 5129/7899/5129 2832/7939/2832 2835/7940/2835 5130/7900/5130 
f 5130/7941/5130 2835/4039/2835 2838/4043/2838 5131/7942/5131 
f 5131/7943/5131 2838/7944/2838 2841/7945/2841 5132/7906/5132 
f 5132/7906/5132 2841/7945/2841 2844/7946/2844 4858/7907/4858 
f 9/13/9 3656/5279/3656 3795/5521/3795 3796/5523/3796 
f 9/13/9 3796/5523/3796 4997/7947/4997 7/14/7 
f 4976/7588/4976 4996/7633/4996 5133/7948/5133 4977/7589/4977 
f 4977/7589/4977 5133/7948/5133 5134/7949/5134 4978/7590/4978 
f 4992/7629/4992 5001/7950/5001 5135/7951/5135 4993/7630/4993 
f 4993/7630/4993 5135/7951/5135 5136/7952/5136 4994/7631/4994 
f 4994/7631/4994 5136/7952/5136 5137/7953/5137 4995/7632/4995 
f 4997/7947/4997 3796/5523/3796 3794/5522/3794 4998/7954/4998 
f 4998/7635/4998 3794/7955/3794 3793/7956/3793 4999/7636/4999 
f 4999/7957/4999 3793/5527/3793 3798/5526/3798 5000/7958/5000 
f 5000/7958/5000 3798/5526/3798 3801/5531/3801 5001/7959/5001 
f 5001/7959/5001 3801/5531/3801 3805/5535/3805 5135/7960/5135 
f 3754/5457/3754 3759/5462/3759 290/400/290 288/399/288 
f 3759/5462/3759 3758/5461/3758 3763/5466/3763 5138/7961/5138 
f 3759/5462/3759 5138/7961/5138 291/402/291 290/400/290 
f 5138/7961/5138 3763/5466/3763 3961/5767/3961 3960/5766/3960 
f 5138/7961/5138 3960/5766/3960 296/409/296 291/402/291 
f 3763/5466/3763 3762/5465/3762 3764/5467/3764 3961/5767/3961 
f 3600/5185/3600 5139/7962/5139 327/452/327 326/451/326 
f 3600/5185/3600 3601/5190/3601 5140/7963/5140 5139/7962/5139 
f 114/7964/114 117/7965/117 165/221/165 164/220/164 
f 5141/7966/5141 5142/7967/5142 4740/7183/4740 3599/5183/3599 
f 5141/7966/5141 5143/7968/5143 205/277/205 5142/7967/5142 
f 5141/7966/5141 4746/7194/4746 4745/7193/4745 5143/7968/5143 
f 5141/7966/5141 3599/5183/3599 3598/5182/3598 4746/7194/4746 
f 5142/7967/5142 117/7965/117 116/7184/116 4740/7183/4740 
f 5142/7967/5142 205/277/205 165/221/165 117/7965/117 
f 5144/7969/5144 5145/7970/5145 148/202/148 146/200/146 
f 5144/7969/5144 5146/7971/5146 5147/7972/5147 5145/7970/5145 
f 5144/7973/5144 5148/7974/5148 5149/7975/5149 5146/7976/5146 
f 5144/7969/5144 146/200/146 145/199/145 5148/7977/5148 
f 5146/7978/5146 5150/7979/5150 5151/7980/5151 5147/7981/5147 
f 5146/7978/5146 5149/7982/5149 5152/7983/5152 5150/7979/5150 
f 5150/7979/5150 3950/5756/3950 3949/5755/3949 5151/7980/5151 
f 5150/7979/5150 5152/7983/5152 3955/5761/3955 3950/5756/3950 
f 5151/7980/5151 3949/5755/3949 3042/4381/3042 4957/7547/4957 
f 5151/7984/5151 4957/7985/4957 4956/7550/4956 5147/7972/5147 
f 5153/7986/5153 5154/7987/5154 3957/7988/3957 3956/7989/3956 
f 5153/7990/5153 5155/7991/5155 5156/7992/5156 5154/7993/5154 
f 5153/7986/5153 5157/7994/5157 5158/7995/5158 5155/7996/5155 
f 5153/7986/5153 3956/7989/3956 3958/7997/3958 5157/7994/5157 
f 5154/7998/5154 3048/4387/3048 3045/4384/3045 3957/5763/3957 
f 5154/7993/5154 5156/7992/5156 3054/4398/3054 3048/4397/3048 
f 5155/7991/5155 5158/7999/5158 5159/8000/5159 5160/8001/5160 
f 5155/7991/5155 5160/8001/5160 5161/8002/5161 5156/7992/5156 
f 5156/7992/5156 5161/8002/5161 1180/1665/1180 3054/4398/3054 
f 3054/4398/3054 1180/1665/1180 1179/1664/1179 3052/4395/3052 
f 5161/8002/5161 5160/8001/5160 5162/8003/5162 5163/8004/5163 
f 5161/8002/5161 5163/8004/5163 1176/1661/1176 1180/1665/1180 
f 1176/1661/1176 5163/8004/5163 2668/3789/2668 1177/1662/1177 
f 1181/1666/1181 1183/1668/1183 5164/8005/5164 5165/8006/5165 
f 1181/1666/1181 5165/8006/5165 1829/2541/1829 1182/1667/1182 
f 5165/8006/5165 5164/8005/5164 5166/8007/5166 1839/2551/1839 
f 5165/8006/5165 1839/2551/1839 1830/2542/1830 1829/2541/1829 
f 1839/2551/1839 5166/8007/5166 4704/7099/4704 1836/2548/1836 
f 1183/1668/1183 1185/1670/1185 1855/2571/1855 5164/8005/5164 
f 5164/8005/5164 1855/2571/1855 1854/2570/1854 5166/8007/5166 
f 1185/1670/1185 1189/1674/1189 1851/2572/1851 1855/2571/1855 
f 343/468/343 340/465/340 349/474/349 5167/8008/5167 
f 343/8009/343 5168/8010/5168 1173/8011/1173 344/8012/344 
f 343/8013/343 5167/8014/5167 5169/8015/5169 5168/8016/5168 
f 5167/8017/5167 349/8018/349 5170/8019/5170 5171/8020/5171 
f 5167/8014/5167 5171/8021/5171 5172/8022/5172 5169/8015/5169 
f 5169/8023/5169 5172/8024/5172 5173/8025/5173 5174/8026/5174 
f 5169/8023/5169 5174/8026/5174 5175/8027/5175 5168/8028/5168 
f 5171/8021/5171 5170/8029/5170 361/489/361 356/484/356 
f 5171/8021/5171 356/484/356 355/483/355 5172/8022/5172 
f 5172/8024/5172 355/493/355 363/492/363 5173/8025/5173 
f 5173/8025/5173 2769/8030/2769 2770/8031/2770 5174/8026/5174 
f 5173/8032/5173 363/501/363 366/500/366 2769/3933/2769 
f 1167/1644/1167 1174/1659/1174 2781/3955/2781 1172/3954/1172 
f 1173/1658/1173 5168/8028/5168 5175/8027/5175 1174/1659/1174 
f 1174/1659/1174 5175/8027/5175 2785/3960/2785 2781/3955/2781 
f 5175/8027/5175 5174/8026/5174 2770/8031/2770 2785/3960/2785 
f 121/169/121 112/160/112 123/171/123 2667/3788/2667 
f 3967/8033/3967 4718/7128/4718 4717/7127/4717 3968/8034/3968 
f 3967/5773/3967 215/289/215 3974/5780/3974 4718/8035/4718 
f 3968/5774/3968 5176/8036/5176 3963/5769/3963 3964/5770/3964 
f 3968/8034/3968 4717/7127/4717 4719/7141/4719 5176/8037/5176 
f 4719/7141/4719 183/7140/183 2665/8038/2665 5176/8037/5176 
f 5176/8036/5176 2665/3786/2665 2663/3784/2663 3963/5769/3963 
f 183/7140/183 182/252/182 2666/8039/2666 2665/8038/2665 
f 1179/1664/1179 1182/1667/1182 3053/4396/3053 3052/4395/3052 
f 2466/3448/2466 285/392/285 284/391/284 293/3449/293 
f 1828/2540/1828 3053/4396/3053 1182/1667/1182 1829/2541/1829 
f 4705/7100/4705 2529/3558/2529 4647/7024/4647 4657/7023/4657 
f 2529/8040/2529 1845/2558/1845 1848/7009/1848 4647/7008/4647 
f 1843/2555/1843 2506/3508/2506 2505/3507/2505 1844/2556/1844 
f 61/8041/61 72/8042/72 5177/8043/5177 68/7103/68 
f 68/7103/68 5177/8043/5177 4706/7101/4706 1240/1738/1240 
f 71/107/71 73/106/73 5178/8044/5178 5179/8045/5179 
f 71/107/71 5179/8045/5179 5180/8046/5180 72/8042/72 
f 72/8042/72 5180/8046/5180 5181/8047/5181 5177/8043/5177 
f 2447/3410/2447 174/8048/174 3041/4380/3041 2448/3411/2448 
f 1211/1696/1211 2464/3442/2464 1195/1680/1195 1208/1693/1208 
f 2463/3441/2463 5182/8049/5182 5183/8050/5183 2464/3442/2464 
f 2463/8051/2463 2462/8052/2462 3597/5180/3597 5182/8053/5182 
f 2464/3442/2464 5183/8050/5183 1191/1676/1191 1195/1680/1195 
f 2481/3473/2481 4952/7542/4952 83/123/83 76/122/76 
f 2532/8054/2532 2522/3539/2522 2521/3538/2521 2525/3545/2525 
f 2657/3776/2657 2656/3775/2656 5184/8055/5184 5185/8056/5185 
f 2657/3776/2657 5185/8056/5185 5186/8057/5186 2658/3777/2658 
f 5185/8056/5185 5187/8058/5187 5188/8059/5188 5186/8057/5186 
f 5185/8056/5185 5184/8055/5184 5189/8060/5189 5187/8058/5187 
f 2656/3775/2656 2662/3783/2662 5190/8061/5190 5184/8055/5184 
f 5184/8055/5184 5190/8061/5190 5191/8062/5191 5189/8060/5189 
f 5189/8060/5189 5191/8062/5191 3765/5468/3765 3767/8063/3767 
f 5189/8060/5189 3767/8063/3767 5192/8064/5192 5187/8058/5187 
f 3597/8065/3597 2462/3439/2462 2461/3438/2461 3596/5177/3596 
f 3597/8066/3597 2658/3777/2658 5186/8057/5186 5182/8067/5182 
f 5182/8067/5182 5186/8057/5186 5188/8059/5188 5183/8068/5183 
f 5183/8050/5183 5188/8069/5188 1192/1677/1192 1191/1676/1191 
f 2546/8070/2546 5193/8071/5193 5194/8072/5194 2542/8073/2542 
f 2546/3591/2546 2475/3464/2475 5195/8074/5195 5193/8075/5193 
f 2546/3591/2546 2545/3590/2545 2476/3465/2476 2475/3464/2475 
f 5194/8076/5194 5196/8077/5196 2543/3587/2543 2542/3586/2542 
f 5194/8076/5194 5197/8078/5197 5198/8079/5198 5196/8077/5196 
f 5194/8076/5194 5193/8080/5193 5199/8081/5199 5197/8078/5197 
f 5198/8082/5198 5200/8083/5200 5201/8084/5201 5196/8085/5196 
f 5198/8082/5198 5035/7691/5035 5038/7694/5038 5200/8083/5200 
f 5198/8082/5198 5197/8086/5197 5032/7687/5032 5035/7691/5035 
f 5196/8087/5196 5201/8088/5201 2548/3598/2548 2543/3597/2543 
f 5200/8083/5200 5038/7694/5038 5041/7697/5041 371/8089/371 
f 5200/8083/5200 371/8089/371 360/8090/360 5201/8084/5201 
f 5201/8091/5201 360/8092/360 359/8093/359 2548/8094/2548 
f 2548/8094/2548 359/8093/359 361/8095/361 2547/3595/2547 
f 4153/6084/4153 4156/6088/4156 5202/8096/5202 3035/4373/3035 
f 3035/4373/3035 5202/8096/5202 1800/8097/1800 1799/4374/1799 
f 4156/6088/4156 5002/7645/5002 5203/8098/5203 5202/8096/5202 
f 5202/8096/5202 5203/8098/5203 3028/8099/3028 1800/8097/1800 
f 5002/7645/5002 5003/7647/5003 5204/8100/5204 5203/8098/5203 
f 5203/8098/5203 5204/8100/5204 3029/8101/3029 3028/8099/3028 
f 5003/7647/5003 5004/7648/5004 5205/8102/5205 5204/8100/5204 
f 5204/8100/5204 5205/8102/5205 3030/8103/3030 3029/8101/3029 
f 5004/7648/5004 5005/7649/5005 5206/8104/5206 5205/8102/5205 
f 5205/8102/5205 5206/8104/5206 3031/8105/3031 3030/8103/3030 
f 5005/7649/5005 5006/7650/5006 5207/8106/5207 5206/8104/5206 
f 5206/8104/5206 5207/8106/5207 3032/8107/3032 3031/8105/3031 
f 5006/7650/5006 5007/7651/5007 5208/8108/5208 5207/8106/5207 
f 5207/8106/5207 5208/8108/5208 5209/8109/5209 3032/8107/3032 
f 5007/7651/5007 5009/7654/5009 5210/8110/5210 5208/8108/5208 
f 5208/8108/5208 5210/8110/5210 5211/8111/5211 5209/8109/5209 
f 5009/7654/5009 5011/7657/5011 5212/8112/5212 5210/8110/5210 
f 5210/8110/5210 5212/8112/5212 5213/8113/5213 5211/8111/5211 
f 5011/7657/5011 5013/7661/5013 5214/8114/5214 5212/8112/5212 
f 5212/8112/5212 5214/8114/5214 5215/8115/5215 5213/8113/5213 
f 5013/7661/5013 5015/7663/5015 5216/8116/5216 5214/8114/5214 
f 5214/8114/5214 5216/8116/5216 5217/8117/5217 5215/8115/5215 
f 5015/7663/5015 5017/7666/5017 5218/8118/5218 5216/8116/5216 
f 5216/8119/5216 5218/8120/5218 5219/8121/5219 5217/8122/5217 
f 5017/7666/5017 5019/7669/5019 5220/8123/5220 5218/8118/5218 
f 5218/8120/5218 5220/8124/5220 5221/8125/5221 5219/8121/5219 
f 5019/7669/5019 5022/7674/5022 5222/8126/5222 5220/8123/5220 
f 5220/8124/5220 5222/8127/5222 5223/8128/5223 5221/8125/5221 
f 5021/7673/5021 5024/7677/5024 5224/8129/5224 5022/7674/5022 
f 5022/7674/5022 5224/8129/5224 5225/8130/5225 5222/8126/5222 
f 5222/8127/5222 5225/8131/5225 5226/8132/5226 5223/8128/5223 
f 5024/7677/5024 5026/7680/5026 5227/8133/5227 5224/8129/5224 
f 5224/8134/5224 5227/8135/5227 5228/8136/5228 5225/8137/5225 
f 5225/8131/5225 5228/8138/5228 5229/8139/5229 5226/8132/5226 
f 5026/7680/5026 5028/7682/5028 5230/8140/5230 5227/8133/5227 
f 5227/8135/5227 5230/8141/5230 5195/8142/5195 5228/8136/5228 
f 5228/8138/5228 5195/8074/5195 2475/3464/2475 5229/8139/5229 
f 5028/7682/5028 5030/7684/5030 5199/8143/5199 5230/8140/5230 
f 5230/8140/5230 5199/8143/5199 5193/8144/5193 5195/8145/5195 
f 5030/8146/5030 5032/8147/5032 5197/8078/5197 5199/8081/5199 
f 5041/8148/5041 376/8149/376 372/508/372 371/507/371 
f 5041/7697/5041 5040/7696/5040 5043/7703/5043 376/517/376 
f 376/517/376 5043/7703/5043 380/522/380 377/518/377 
f 2577/3648/2577 2585/3661/2585 5231/8150/5231 2575/3646/2575 
f 2575/3646/2575 5231/8150/5231 2567/3629/2567 2566/3628/2566 
f 2585/3661/2585 2584/3660/2584 4721/7144/4721 5232/8151/5232 
f 2585/3661/2585 5232/8151/5232 5233/8152/5233 5231/8150/5231 
f 5231/8150/5231 5233/8152/5233 5234/8153/5234 2567/3629/2567 
f 2567/3629/2567 5234/8153/5234 2570/3634/2570 2557/3612/2557 
f 5234/8153/5234 5235/8154/5235 2551/3603/2551 2570/3634/2570 
f 5234/8153/5234 5233/8152/5233 5232/8151/5232 5235/8154/5235 
f 2551/3603/2551 5235/8154/5235 5236/8155/5236 2540/3573/2540 
f 1225/5196/1225 3604/5195/3604 3608/5200/3608 3776/5487/3776 
f 3776/5487/3776 3608/5200/3608 5237/8156/5237 3777/5489/3777 
f 3777/5489/3777 5237/8156/5237 4946/7536/4946 2639/3740/2639 
f 3608/5200/3608 3607/5199/3607 3613/5205/3613 5237/8156/5237 
f 5237/8156/5237 3613/5205/3613 4947/7537/4947 4946/7536/4946 
f 91/132/91 195/264/195 5238/8157/5238 87/133/87 
f 195/264/195 5239/8158/5239 5240/8159/5240 5238/8157/5238 
f 195/264/195 194/263/194 203/275/203 5239/8158/5239 
f 5239/8158/5239 203/275/203 204/276/204 5241/8160/5241 
f 5239/8158/5239 5241/8160/5241 5242/8161/5242 5240/8159/5240 
f 5241/8160/5241 204/276/204 205/277/205 5143/7968/5143 
f 5241/8160/5241 5143/7968/5143 4745/7193/4745 5242/8161/5242 
f 370/8162/370 5243/8163/5243 5244/8164/5244 5245/8165/5245 
f 370/506/370 367/503/367 375/515/375 5243/8166/5243 
f 370/8162/370 5245/8165/5245 2778/3949/2778 368/3948/368 
f 5245/8165/5245 5246/8167/5246 2779/8168/2779 2778/3949/2778 
f 5245/8169/5245 5244/8170/5244 5247/8171/5247 5246/8172/5246 
f 5243/8173/5243 5248/8174/5248 5249/8175/5249 5244/8170/5244 
f 5243/8166/5243 375/515/375 379/8176/379 5248/8177/5248 
f 5244/8170/5244 5249/8175/5249 5250/8178/5250 5247/8171/5247 
f 5247/8179/5247 5250/8180/5250 5251/8181/5251 5252/8182/5252 
f 5247/8179/5247 5252/8182/5252 5253/8183/5253 5246/8184/5246 
f 5252/8182/5252 5254/8185/5254 5255/8186/5255 5253/8183/5253 
f 5252/8182/5252 5251/8181/5251 5256/8187/5256 5254/8185/5254 
f 5248/8174/5248 5257/8188/5257 5258/8189/5258 5249/8175/5249 
f 5248/8177/5248 379/8176/379 382/8190/382 5257/8191/5257 
f 5249/8175/5249 5258/8189/5258 5259/8192/5259 5250/8178/5250 
f 5250/8193/5250 5259/8194/5259 5260/8195/5260 5251/8196/5251 
f 5251/8181/5251 5260/8197/5260 5261/8198/5261 5256/8187/5256 
f 5256/8199/5256 5261/8200/5261 248/329/248 252/333/252 
f 5256/8199/5256 252/333/252 5262/8201/5262 5254/8202/5254 
f 252/333/252 251/332/251 5263/8203/5263 5262/8201/5262 
f 5257/8188/5257 5264/8204/5264 5265/8205/5265 5258/8189/5258 
f 5257/8206/5257 382/8207/382 3625/8208/3625 5264/8209/5264 
f 5258/8189/5258 5265/8205/5265 5266/8210/5266 5259/8192/5259 
f 5259/8194/5259 5266/8211/5266 5267/8212/5267 5260/8195/5260 
f 5260/8195/5260 5267/8212/5267 5268/8213/5268 5261/8214/5261 
f 5264/8209/5264 3625/8208/3625 314/8215/314 318/8216/318 
f 5264/8204/5264 318/8217/318 5269/8218/5269 5265/8205/5265 
f 315/435/315 3627/5227/3627 1129/5191/1129 316/436/316 
f 99/149/99 101/148/101 5270/8219/5270 105/8220/105 
f 105/8220/105 5270/8219/5270 4749/8221/4749 4748/8222/4748 
f 88/147/88 87/133/87 5238/8157/5238 101/148/101 
f 101/148/101 5238/8157/5238 5240/8159/5240 5270/8219/5270 
f 5270/8219/5270 5240/8159/5240 5242/8161/5242 4749/8221/4749 
f 4749/8221/4749 5242/8161/5242 4745/7193/4745 4744/7192/4744 
f 5157/7994/5157 5271/8223/5271 5272/8224/5272 5158/7995/5158 
f 5157/7994/5157 3958/7997/3958 5273/8225/5273 5271/8223/5271 
f 5274/8226/5274 5275/8227/5275 5276/8228/5276 5272/8229/5272 
f 5274/8226/5274 5277/8230/5277 2756/3909/2756 5275/8227/5275 
f 5274/8231/5274 5278/8232/5278 5279/8233/5279 5277/8234/5277 
f 5274/8226/5274 5272/8229/5272 5271/8235/5271 5278/8236/5278 
f 5272/8229/5272 5276/8228/5276 5159/8000/5159 5158/7999/5158 
f 2753/8237/2753 2756/8238/2756 5277/8239/5277 2784/8240/2784 
f 2756/3909/2756 2755/3908/2755 5280/8241/5280 5275/8227/5275 
f 5275/8227/5275 5280/8241/5280 5281/8242/5281 5276/8228/5276 
f 5276/8228/5276 5281/8242/5281 5282/8243/5282 5159/8000/5159 
f 2755/3908/2755 2757/3931/2757 2768/3930/2768 5280/8241/5280 
f 5280/8241/5280 2768/3930/2768 5283/8244/5283 5281/8242/5281 
f 5281/8242/5281 5283/8244/5283 5284/8245/5284 5282/8243/5282 
f 2768/3930/2768 2767/3929/2767 2776/3944/2776 5283/8244/5283 
f 1138/1601/1138 1137/1600/1137 5285/8246/5285 5286/8247/5286 
f 1138/1601/1138 5286/8247/5286 5287/8248/5287 3825/5570/3825 
f 3825/5570/3825 5287/8248/5287 5288/8249/5288 3826/5571/3826 
f 5286/8250/5286 5285/8251/5285 5289/8252/5289 5290/8253/5290 
f 5286/8247/5286 5290/8254/5290 5291/8255/5291 5287/8248/5287 
f 5287/8248/5287 5291/8255/5291 5292/8256/5292 5288/8249/5288 
f 5290/8253/5290 5289/8252/5289 5293/8257/5293 5294/8258/5294 
f 5290/8253/5290 5294/8258/5294 5295/8259/5295 5291/8260/5291 
f 5291/8260/5291 5295/8259/5295 5296/8261/5296 5292/8262/5292 
f 5294/8258/5294 5293/8257/5293 1169/1647/1169 1171/1649/1171 
f 5294/8258/5294 1171/1649/1171 5297/8263/5297 5295/8259/5295 
f 1171/1649/1171 1170/1648/1170 2782/8264/2782 5297/8263/5297 
f 3015/4337/3015 3027/4358/3027 5298/8265/5298 3016/4339/3016 
f 3016/4339/3016 5298/8265/5298 5299/8266/5299 3017/4340/3017 
f 3017/4340/3017 5299/8266/5299 5300/8267/5300 3018/4341/3018 
f 3018/4341/3018 5300/8267/5300 2474/3463/2474 2477/3466/2477 
f 3020/4344/3020 3032/4367/3032 5209/8268/5209 3021/4346/3021 
f 3021/4346/3021 5209/8268/5209 5211/8269/5211 3022/4348/3022 
f 3022/4351/3022 5211/8270/5211 5213/8271/5213 3023/4352/3023 
f 3023/4352/3023 5213/8271/5213 5215/8272/5215 3024/4354/3024 
f 3024/4354/3024 5215/8272/5215 5217/8122/5217 3025/4356/3025 
f 3025/4356/3025 5217/8122/5217 5219/8121/5219 3026/4357/3026 
f 3026/4357/3026 5219/8121/5219 5221/8125/5221 3027/4358/3027 
f 3027/4358/3027 5221/8125/5221 5223/8128/5223 5298/8265/5298 
f 5298/8265/5298 5223/8128/5223 5226/8132/5226 5299/8266/5299 
f 5299/8266/5299 5226/8132/5226 5229/8139/5229 5300/8267/5300 
f 5300/8267/5300 5229/8139/5229 2475/3464/2475 2474/3463/2474 
f 2476/3465/2476 2545/3590/2545 348/473/348 339/464/339 
f 347/472/347 351/476/351 5170/8273/5170 349/474/349 
f 351/476/351 2547/3595/2547 361/8095/361 5170/8273/5170 
f 3610/7553/3610 2582/3657/2582 2579/3652/2579 2581/8274/2581 
f 3769/5475/3769 2995/4301/2995 2998/4304/2998 3760/5463/3760 
f 3769/5475/3769 5301/8275/5301 2996/4302/2996 2995/4301/2995 
f 3769/5475/3769 3768/5474/3768 3766/5469/3766 5301/8275/5301 
f 2996/4302/2996 5190/8061/5190 2662/3783/2662 2992/4298/2992 
f 2996/4302/2996 5301/8275/5301 5191/8062/5191 5190/8061/5190 
f 3765/5468/3765 5191/8062/5191 5301/8275/5301 3766/5469/3766 
f 5042/7702/5042 3626/5226/3626 380/522/380 5043/7703/5043 
f 318/8217/318 317/8276/317 5302/8277/5302 5269/8218/5269 
f 317/438/317 320/442/320 5303/8278/5303 5302/8279/5302 
f 320/442/320 324/448/324 5304/8280/5304 5303/8278/5303 
f 5303/8281/5303 5304/8282/5304 5305/8283/5305 5306/8284/5306 
f 5303/8281/5303 5306/8284/5306 5307/8285/5307 5302/8277/5302 
f 324/448/324 327/452/327 5308/8286/5308 5304/8280/5304 
f 5304/8287/5304 5308/8288/5308 5309/8289/5309 5305/8290/5305 
f 5305/8291/5305 5309/8292/5309 5310/8293/5310 5311/8294/5311 
f 5305/8291/5305 5311/8294/5311 5312/8295/5312 5306/8296/5306 
f 327/452/327 5139/7962/5139 5140/7963/5140 5308/8286/5308 
f 5308/8288/5308 5140/8297/5140 5313/8298/5313 5309/8289/5309 
f 5309/8292/5309 5313/8299/5313 5314/8300/5314 5310/8293/5310 
f 145/199/145 147/201/147 5315/8301/5315 5148/7977/5148 
f 5315/8301/5315 5316/8302/5316 5317/8303/5317 5318/8304/5318 
f 5315/8301/5315 147/201/147 5319/8305/5319 5316/8302/5316 
f 5315/8301/5315 5318/8304/5318 5149/8306/5149 5148/7977/5148 
f 5316/8302/5316 5320/8307/5320 5321/8308/5321 5317/8303/5317 
f 5316/8302/5316 5319/8305/5319 5322/8309/5322 5320/8307/5320 
f 5317/8310/5317 5321/8311/5321 5323/8312/5323 5324/8313/5324 
f 5317/8303/5317 5324/8314/5324 5325/8315/5325 5318/8304/5318 
f 5324/8313/5324 5326/8316/5326 5327/8317/5327 5325/8318/5325 
f 5324/8313/5324 5323/8312/5323 5328/8319/5328 5326/8316/5326 
f 5320/8307/5320 5329/8320/5329 5330/8321/5330 5321/8308/5321 
f 5320/8307/5320 5322/8309/5322 5331/8322/5331 5329/8320/5329 
f 5321/8308/5321 5330/8321/5330 5332/8323/5332 5323/8324/5323 
f 5261/8200/5261 5268/8325/5268 249/330/249 248/329/248 
f 5265/8205/5265 5269/8218/5269 5333/8326/5333 5266/8210/5266 
f 5266/8211/5266 5333/8327/5333 5334/8328/5334 5267/8212/5267 
f 5267/8212/5267 5334/8328/5334 5335/8329/5335 5268/8213/5268 
f 5268/8325/5268 5335/8330/5335 259/343/259 249/330/249 
f 5269/8218/5269 5302/8277/5302 5307/8285/5307 5333/8326/5333 
f 5333/8331/5333 5307/8332/5307 5336/8333/5336 5334/8334/5334 
f 5334/8334/5334 5336/8333/5336 5337/8335/5337 5335/8336/5335 
f 5335/8330/5335 5337/8337/5337 267/361/267 259/343/259 
f 5336/8333/5336 5307/8332/5307 5306/8296/5306 5312/8295/5312 
f 5336/8333/5336 5312/8295/5312 5338/8338/5338 5337/8335/5337 
f 5337/8335/5337 5338/8338/5338 271/376/271 267/8339/267 
f 271/376/271 5338/8338/5338 5339/8340/5339 273/377/273 
f 5177/8043/5177 5181/8047/5181 3063/4412/3063 4706/7101/4706 
f 5181/8047/5181 5340/8341/5340 3059/4408/3059 3063/4412/3063 
f 5181/8047/5181 5180/8046/5180 5341/8342/5341 5340/8341/5340 
f 3972/8343/3972 3977/5785/3977 4707/8344/4707 3974/8345/3974 
f 3972/8343/3972 3971/8346/3971 3774/5786/3774 3977/5785/3977 
f 5326/8316/5326 5342/8347/5342 5343/8348/5343 5327/8317/5327 
f 5326/8316/5326 5328/8319/5328 5344/8349/5344 5342/8347/5342 
f 5327/8317/5327 3955/5761/3955 5152/7983/5152 5325/8318/5325 
f 5327/8317/5327 5343/8348/5343 3953/5759/3953 3955/5761/3955 
f 5343/8348/5343 5345/8350/5345 3954/5760/3954 3953/5759/3953 
f 5343/8348/5343 5342/8347/5342 5346/8351/5346 5345/8350/5345 
f 5345/8352/5345 5346/8353/5346 5347/8354/5347 5273/8225/5273 
f 5345/8350/5345 5273/8355/5273 3958/5764/3958 3954/5760/3954 
f 5344/8349/5344 5348/8356/5348 5349/8357/5349 5350/8358/5350 
f 5344/8349/5344 5328/8319/5328 5351/8359/5351 5348/8356/5348 
f 5344/8349/5344 5350/8358/5350 5346/8351/5346 5342/8347/5342 
f 5350/8360/5350 5349/8361/5349 5352/8362/5352 5353/8363/5353 
f 5350/8364/5350 5353/8365/5353 5347/8354/5347 5346/8353/5346 
f 5353/8365/5353 5279/8233/5279 5278/8232/5278 5347/8354/5347 
f 5353/8363/5353 5352/8362/5352 5354/8366/5354 5279/8367/5279 
f 5347/8354/5347 5278/8232/5278 5271/8223/5271 5273/8225/5273 
f 5354/8366/5354 5355/8368/5355 2783/8369/2783 2784/8240/2784 
f 5354/8366/5354 5352/8362/5352 5296/8261/5296 5355/8368/5355 
f 5354/8366/5354 2784/8240/2784 5277/8239/5277 5279/8367/5279 
f 3774/5480/3774 3971/8370/3971 5356/8371/5356 3775/5481/3775 
f 3971/8370/3971 3970/8372/3970 3973/8373/3973 5356/8371/5356 
f 2634/3733/2634 2633/3732/2633 3775/5481/3775 5356/8371/5356 
f 2634/3733/2634 5357/8374/5357 2630/8375/2630 2629/3726/2629 
f 2634/3733/2634 5356/8371/5356 3973/8373/3973 5357/8374/5357 
f 148/202/148 5145/7970/5145 4958/7549/4958 2780/3953/2780 
f 2780/3953/2780 4958/7549/4958 2643/3754/2643 93/135/93 
f 5145/7970/5145 5147/7972/5147 4956/7550/4956 4958/7549/4958 
f 3949/5755/3949 3948/5754/3948 3038/4377/3038 3042/4381/3042 
f 3948/5754/3948 3952/5758/3952 3039/4378/3039 3038/4377/3038 
f 3059/4408/3059 5340/8341/5340 5358/8376/5358 3060/4409/3060 
f 251/337/251 254/336/254 5359/8377/5359 5263/8378/5263 
f 254/336/254 257/341/257 5360/8379/5360 5359/8377/5359 
f 257/8380/257 256/356/256 264/355/264 5361/8381/5361 
f 257/8380/257 5361/8381/5361 5341/8382/5341 5360/8383/5360 
f 5361/8384/5361 264/8385/264 266/8386/266 5358/8376/5358 
f 5361/8384/5361 5358/8376/5358 5340/8341/5340 5341/8342/5341 
f 5358/8376/5358 266/8386/266 5362/8387/5362 3060/4409/3060 
f 3060/4409/3060 5362/8387/5362 2672/3793/2672 3061/4410/3061 
f 266/8386/266 265/8388/265 269/8389/269 5362/8387/5362 
f 5362/8387/5362 269/8389/269 270/3794/270 2672/3793/2672 
f 1193/8390/1193 5363/8391/5363 311/8392/311 1196/8393/1196 
f 1193/8390/1193 1192/8394/1192 5192/8395/5192 5363/8391/5363 
f 5363/8396/5363 3752/5455/3752 309/428/309 311/430/311 
f 5363/8391/5363 5192/8395/5192 3767/5472/3767 3752/5471/3752 
f 5188/8059/5188 5187/8058/5187 5192/8064/5192 1192/8397/1192 
f 4736/7162/4736 4735/7161/4735 4987/8398/4987 4985/7612/4985 
f 3688/5345/3688 3701/8399/3701 4734/8400/4734 3692/5346/3692 
f 3701/8399/3701 3710/8401/3710 4730/8402/4730 4734/8400/4734 
f 4986/7615/4986 4985/7612/4985 4987/8398/4987 2642/5804/2642 
f 4986/7615/4986 5364/8403/5364 4723/7146/4723 4959/7555/4959 
f 4986/7615/4986 2642/5804/2642 2538/3571/2538 5364/8403/5364 
f 5364/8403/5364 5365/8404/5365 4720/7143/4720 4723/7146/4723 
f 5364/8403/5364 2538/3571/2538 2537/3570/2537 5365/8404/5365 
f 5365/8404/5365 5236/8155/5236 4721/7144/4721 4720/7143/4720 
f 5365/8404/5365 2537/3570/2537 2540/3573/2540 5236/8155/5236 
f 4987/8405/4987 2671/8406/2671 2534/8407/2534 2642/8408/2642 
f 1154/1622/1154 331/4329/331 330/8409/330 1155/1623/1155 
f 4707/8344/4707 4709/7116/4709 4718/7128/4718 3974/8345/3974 
f 274/378/274 273/377/273 5322/8309/5322 5319/8305/5319 
f 274/378/274 5319/8305/5319 147/201/147 140/191/140 
f 5322/8309/5322 273/377/273 5339/8340/5339 5331/8322/5331 
f 5318/8304/5318 5325/8315/5325 5152/8410/5152 5149/8306/5149 
f 4978/7590/4978 5134/7949/5134 1224/1712/1224 2805/3994/2805 
f 2805/3994/2805 1224/1712/1224 1218/1705/1218 1231/1720/1231 
f 4995/7632/4995 5137/7953/5137 3790/5511/3790 4996/7633/4996 
f 4996/7633/4996 3790/5511/3790 3786/5510/3786 5133/7948/5133 
f 5133/7948/5133 3786/5510/3786 3785/8411/3785 5134/7949/5134 
f 5134/7949/5134 3785/8411/3785 1221/1709/1221 1224/1712/1224 
f 5135/7951/5135 3805/8412/3805 3808/8413/3808 5136/7952/5136 
f 5136/8414/5136 3808/5545/3808 3811/5544/3811 5137/8415/5137 
f 5137/8415/5137 3811/5544/3811 3788/5507/3788 3790/8416/3790 
f 5288/8249/5288 5348/8356/5348 5351/8359/5351 3826/5571/3826 
f 5288/8249/5288 5292/8256/5292 5349/8357/5349 5348/8356/5348 
f 5292/8262/5292 5296/8261/5296 5352/8362/5352 5349/8361/5349 
f 5295/8259/5295 5297/8263/5297 5355/8368/5355 5296/8261/5296 
f 5297/8417/5297 2782/8418/2782 2783/8419/2783 5355/8420/5355 
f 1133/1595/1133 1146/1609/1146 5285/8246/5285 1137/1600/1137 
f 1143/1619/1143 1151/1618/1151 1159/1627/1159 1145/8421/1145 
f 1145/8421/1145 1159/1627/1159 5366/8422/5366 1146/8423/1146 
f 1146/8423/1146 5366/8422/5366 5289/8252/5289 5285/8251/5285 
f 1159/1627/1159 1158/1626/1158 1164/1636/1164 5366/8422/5366 
f 5366/8422/5366 1164/1636/1164 5293/8257/5293 5289/8252/5289 
f 1164/1636/1164 1163/1635/1163 1169/1647/1169 5293/8257/5293 
f 5310/8293/5310 5331/8322/5331 5339/8340/5339 5311/8294/5311 
f 5310/8293/5310 5314/8300/5314 5329/8320/5329 5331/8322/5331 
f 5313/8298/5313 5140/8297/5140 3601/8424/3601 3824/8425/3824 
f 5313/8299/5313 3824/8426/3824 3823/8427/3823 5314/8300/5314 
f 3826/5571/3826 5351/8359/5351 5332/8428/5332 3822/5567/3822 
f 5351/8359/5351 5328/8319/5328 5323/8312/5323 5332/8428/5332 
f 3822/8429/3822 5332/8323/5332 5330/8321/5330 3823/8427/3823 
f 2622/3710/2622 2630/3729/2630 5357/8430/5357 2623/3712/2623 
f 4721/7144/4721 5236/8155/5236 5235/8154/5235 5232/8151/5232 
f 1857/2574/1857 4704/7099/4704 5166/8007/5166 1854/2570/1854 
f 2772/3939/2772 2779/8431/2779 5367/8432/5367 2773/3940/2773 
f 2773/3940/2773 5367/8432/5367 5368/8433/5368 2774/3941/2774 
f 2774/3945/2774 5368/8434/5368 5369/8435/5369 2777/3946/2777 
f 2779/8431/2779 5246/8184/5246 5253/8183/5253 5367/8432/5367 
f 5367/8432/5367 5253/8183/5253 5255/8186/5255 5368/8433/5368 
f 5368/8436/5368 5255/8437/5255 5370/8438/5370 5369/8439/5369 
f 5255/8440/5255 5254/8202/5254 5262/8201/5262 5370/8441/5370 
f 5262/8201/5262 5263/8203/5263 5371/8442/5371 5370/8441/5370 
f 66/8443/66 5372/8444/5372 5373/8445/5373 63/90/63 
f 66/8443/66 2669/8446/2669 5284/8447/5284 5372/8444/5372 
f 5160/8001/5160 5159/8000/5159 5282/8243/5282 5162/8003/5162 
f 5162/8003/5162 2669/3790/2669 2668/3789/2668 5163/8004/5163 
f 5162/8003/5162 5282/8243/5282 5284/8245/5284 2669/3790/2669 
f 1938/2691/1938 5374/8448/5374 3587/5160/3587 1941/2694/1941 
f 1938/2691/1938 1101/1558/1101 1096/1551/1096 5374/8448/5374 
f 1096/1551/1096 1095/1550/1095 5375/8449/5375 5374/8448/5374 
f 5374/8448/5374 5375/8449/5375 3588/5161/3588 3587/5160/3587 
f 1094/1549/1094 1109/8450/1109 5376/8451/5376 1095/1550/1095 
f 1095/1550/1095 5376/8451/5376 5377/8452/5377 5375/8449/5375 
f 5375/8449/5375 5377/8452/5377 5378/8453/5378 3588/5161/3588 
f 3588/5161/3588 5378/8453/5378 3592/5167/3592 3589/5162/3589 
f 1104/1562/1104 1118/1576/1118 5379/8454/5379 1109/1567/1109 
f 1109/8450/1109 5379/8455/5379 5380/8456/5380 5376/8451/5376 
f 5376/8451/5376 5380/8456/5380 5381/8457/5381 5377/8452/5377 
f 5377/8452/5377 5381/8457/5381 5382/8458/5382 5378/8453/5378 
f 5378/8453/5378 5382/8458/5382 3593/5168/3593 3592/5167/3592 
f 1117/1575/1117 1122/1580/1122 2593/3670/2593 1118/1576/1118 
f 1118/1576/1118 2593/3670/2593 2595/3672/2595 5379/8454/5379 
f 5379/8455/5379 2595/3677/2595 2598/3676/2598 5380/8456/5380 
f 5380/8456/5380 2598/3676/2598 5383/8459/5383 5381/8457/5381 
f 5381/8457/5381 5383/8459/5383 5384/8460/5384 5382/8458/5382 
f 5382/8458/5382 5384/8460/5384 5385/8461/5385 3593/5168/3593 
f 3593/5168/3593 5385/8461/5385 3595/5171/3595 3594/5169/3594 
f 2598/3676/2598 2597/3675/2597 2606/3690/2606 5383/8459/5383 
f 5383/8459/5383 2606/3690/2606 2609/3693/2609 5384/8460/5384 
f 5384/8460/5384 2609/3693/2609 2611/3695/2611 5385/8461/5385 
f 5385/8461/5385 2611/3695/2611 2614/3698/2614 3595/5171/3595 
f 2614/5175/2614 2613/3715/2613 211/3714/211 210/5176/210 
f 2624/3717/2624 2623/3716/2623 5357/8462/5357 3973/5779/3973 
f 2709/3843/2709 2745/3898/2745 1890/8463/1890 2712/3847/2712 
f 2712/8464/2712 1890/8465/1890 1884/8466/1884 1886/8467/1886 
f 2745/3898/2745 2744/3897/2744 1887/8468/1887 1890/8463/1890 
f 2744/3897/2744 2741/3894/2741 1888/8469/1888 1887/8468/1887 
f 2777/3946/2777 5386/8470/5386 5373/8471/5373 2775/3943/2775 
f 2777/8472/2777 5369/8439/5369 5387/8473/5387 5386/8474/5386 
f 5369/8439/5369 5370/8438/5370 5371/8475/5371 5387/8473/5387 
f 5387/8476/5387 5371/8477/5371 5178/8044/5178 73/106/73 
f 5387/8476/5387 73/106/73 64/91/64 5386/8478/5386 
f 5371/8477/5371 5263/8378/5263 5359/8377/5359 5178/8044/5178 
f 5312/8295/5312 5311/8294/5311 5339/8340/5339 5338/8338/5338 
f 5373/8471/5373 5372/8479/5372 2776/3944/2776 2775/3943/2775 
f 5373/8445/5373 5386/8478/5386 64/91/64 63/90/63 
f 5178/8044/5178 5359/8377/5359 5360/8379/5360 5179/8045/5179 
f 5179/8045/5179 5360/8379/5360 5341/8342/5341 5180/8046/5180 
f 5314/8300/5314 3823/8427/3823 5330/8321/5330 5329/8320/5329 
f 5283/8244/5283 2776/3944/2776 5372/8479/5372 5284/8245/5284 
f 3957/5763/3957 3045/4384/3045 3039/4378/3039 3952/5758/3952 
f 175/3762/175 2649/3761/2649 2648/3760/2648 173/8480/173 
f 174/8048/174 173/8480/173 2648/3760/2648 3041/4380/3041 
# 5387 polygons

